event_id,event_date,storm_group_id,storm_min_time_ut,min_symh_or_dst,storm_class,include_reason,phase_window,priority_level,opportunity_type
storm_001_2011020421_20110203,2011-02-03,storm_001_2011020421,2011-02-04T21:30:00Z,-63.0,moderate_storm,dst_threshold_pm1,storm_day_minus_1,primary,storm_index_selected
storm_001_2011020421_20110204,2011-02-04,storm_001_2011020421,2011-02-04T21:30:00Z,-63.0,moderate_storm,dst_threshold_pm1,storm_min_day,primary,storm_index_selected
storm_002_2011020508_20110204,2011-02-04,storm_002_2011020508,2011-02-05T08:30:00Z,-54.0,moderate_storm,dst_threshold_pm1,storm_day_minus_1,primary,storm_index_selected
storm_001_2011020421_20110205,2011-02-05,storm_001_2011020421,2011-02-04T21:30:00Z,-63.0,moderate_storm,dst_threshold_pm1,storm_day_plus_1,primary,storm_index_selected
storm_002_2011020508_20110205,2011-02-05,storm_002_2011020508,2011-02-05T08:30:00Z,-54.0,moderate_storm,dst_threshold_pm1,storm_min_day,primary,storm_index_selected
storm_002_2011020508_20110206,2011-02-06,storm_002_2011020508,2011-02-05T08:30:00Z,-54.0,moderate_storm,dst_threshold_pm1,storm_day_plus_1,primary,storm_index_selected
storm_003_2011030114_20110228,2011-02-28,storm_003_2011030114,2011-03-01T14:30:00Z,-88.0,moderate_storm,dst_threshold_pm1,storm_day_minus_1,primary,storm_index_selected
storm_004_2011030120_20110228,2011-02-28,storm_004_2011030120,2011-03-01T20:30:00Z,-64.0,moderate_storm,dst_threshold_pm1,storm_day_minus_1,primary,storm_index_selected
storm_003_2011030114_20110301,2011-03-01,storm_003_2011030114,2011-03-01T14:30:00Z,-88.0,moderate_storm,dst_threshold_pm1,storm_min_day,primary,storm_index_selected
storm_004_2011030120_20110301,2011-03-01,storm_004_2011030120,2011-03-01T20:30:00Z,-64.0,moderate_storm,dst_threshold_pm1,storm_min_day,primary,storm_index_selected
storm_003_2011030114_20110302,2011-03-02,storm_003_2011030114,2011-03-01T14:30:00Z,-88.0,moderate_storm,dst_threshold_pm1,storm_day_plus_1,primary,storm_index_selected
storm_004_2011030120_20110302,2011-03-02,storm_004_2011030120,2011-03-01T20:30:00Z,-64.0,moderate_storm,dst_threshold_pm1,storm_day_plus_1,primary,storm_index_selected
storm_005_2011031105_20110310,2011-03-10,storm_005_2011031105,2011-03-11T05:30:00Z,-83.0,moderate_storm,dst_threshold_pm1,storm_day_minus_1,primary,storm_index_selected
storm_006_2011031118_20110310,2011-03-10,storm_006_2011031118,2011-03-11T18:30:00Z,-53.0,moderate_storm,dst_threshold_pm1,storm_day_minus_1,primary,storm_index_selected
storm_007_2011031121_20110310,2011-03-10,storm_007_2011031121,2011-03-11T21:30:00Z,-64.0,moderate_storm,dst_threshold_pm1,storm_day_minus_1,primary,storm_index_selected
storm_005_2011031105_20110311,2011-03-11,storm_005_2011031105,2011-03-11T05:30:00Z,-83.0,moderate_storm,dst_threshold_pm1,storm_min_day,primary,storm_index_selected
storm_006_2011031118_20110311,2011-03-11,storm_006_2011031118,2011-03-11T18:30:00Z,-53.0,moderate_storm,dst_threshold_pm1,storm_min_day,primary,storm_index_selected
storm_007_2011031121_20110311,2011-03-11,storm_007_2011031121,2011-03-11T21:30:00Z,-64.0,moderate_storm,dst_threshold_pm1,storm_min_day,primary,storm_index_selected
storm_005_2011031105_20110312,2011-03-12,storm_005_2011031105,2011-03-11T05:30:00Z,-83.0,moderate_storm,dst_threshold_pm1,storm_day_plus_1,primary,storm_index_selected
storm_006_2011031118_20110312,2011-03-12,storm_006_2011031118,2011-03-11T18:30:00Z,-53.0,moderate_storm,dst_threshold_pm1,storm_day_plus_1,primary,storm_index_selected
storm_007_2011031121_20110312,2011-03-12,storm_007_2011031121,2011-03-11T21:30:00Z,-64.0,moderate_storm,dst_threshold_pm1,storm_day_plus_1,primary,storm_index_selected
storm_008_2011040618_20110405,2011-04-05,storm_008_2011040618,2011-04-06T18:30:00Z,-60.0,moderate_storm,dst_threshold_pm1,storm_day_minus_1,primary,storm_index_selected
storm_008_2011040618_20110406,2011-04-06,storm_008_2011040618,2011-04-06T18:30:00Z,-60.0,moderate_storm,dst_threshold_pm1,storm_min_day,primary,storm_index_selected
storm_008_2011040618_20110407,2011-04-07,storm_008_2011040618,2011-04-06T18:30:00Z,-60.0,moderate_storm,dst_threshold_pm1,storm_day_plus_1,primary,storm_index_selected
storm_009_2011052811_20110527,2011-05-27,storm_009_2011052811,2011-05-28T11:30:00Z,-80.0,moderate_storm,dst_threshold_pm1,storm_day_minus_1,primary,storm_index_selected
storm_010_2011052823_20110527,2011-05-27,storm_010_2011052823,2011-05-28T23:30:00Z,-56.0,moderate_storm,dst_threshold_pm1,storm_day_minus_1,primary,storm_index_selected
storm_009_2011052811_20110528,2011-05-28,storm_009_2011052811,2011-05-28T11:30:00Z,-80.0,moderate_storm,dst_threshold_pm1,storm_min_day,primary,storm_index_selected
storm_010_2011052823_20110528,2011-05-28,storm_010_2011052823,2011-05-28T23:30:00Z,-56.0,moderate_storm,dst_threshold_pm1,storm_min_day,primary,storm_index_selected
storm_011_2011052906_20110528,2011-05-28,storm_011_2011052906,2011-05-29T06:30:00Z,-54.0,moderate_storm,dst_threshold_pm1,storm_day_minus_1,primary,storm_index_selected
storm_012_2011052911_20110528,2011-05-28,storm_012_2011052911,2011-05-29T11:30:00Z,-52.0,moderate_storm,dst_threshold_pm1,storm_day_minus_1,primary,storm_index_selected
storm_009_2011052811_20110529,2011-05-29,storm_009_2011052811,2011-05-28T11:30:00Z,-80.0,moderate_storm,dst_threshold_pm1,storm_day_plus_1,primary,storm_index_selected
storm_010_2011052823_20110529,2011-05-29,storm_010_2011052823,2011-05-28T23:30:00Z,-56.0,moderate_storm,dst_threshold_pm1,storm_day_plus_1,primary,storm_index_selected
storm_011_2011052906_20110529,2011-05-29,storm_011_2011052906,2011-05-29T06:30:00Z,-54.0,moderate_storm,dst_threshold_pm1,storm_min_day,primary,storm_index_selected
storm_012_2011052911_20110529,2011-05-29,storm_012_2011052911,2011-05-29T11:30:00Z,-52.0,moderate_storm,dst_threshold_pm1,storm_min_day,primary,storm_index_selected
storm_011_2011052906_20110530,2011-05-30,storm_011_2011052906,2011-05-29T06:30:00Z,-54.0,moderate_storm,dst_threshold_pm1,storm_day_plus_1,primary,storm_index_selected
storm_012_2011052911_20110530,2011-05-30,storm_012_2011052911,2011-05-29T11:30:00Z,-52.0,moderate_storm,dst_threshold_pm1,storm_day_plus_1,primary,storm_index_selected
storm_013_2011070500_20110704,2011-07-04,storm_013_2011070500,2011-07-05T00:30:00Z,-59.0,moderate_storm,dst_threshold_pm1,storm_day_minus_1,primary,storm_index_selected
storm_013_2011070500_20110705,2011-07-05,storm_013_2011070500,2011-07-05T00:30:00Z,-59.0,moderate_storm,dst_threshold_pm1,storm_min_day,primary,storm_index_selected
storm_013_2011070500_20110706,2011-07-06,storm_013_2011070500,2011-07-05T00:30:00Z,-59.0,moderate_storm,dst_threshold_pm1,storm_day_plus_1,primary,storm_index_selected
storm_014_2011080603_20110804,2011-08-04,storm_014_2011080603,2011-08-06T03:30:00Z,-115.0,major_storm,dst_threshold_strong_pm2_p3,storm_day_minus_2,major_subset,storm_index_selected
storm_014_2011080603_20110805,2011-08-05,storm_014_2011080603,2011-08-06T03:30:00Z,-115.0,major_storm,dst_threshold_strong_pm2_p3,storm_day_minus_1,major_subset,storm_index_selected
storm_014_2011080603_20110806,2011-08-06,storm_014_2011080603,2011-08-06T03:30:00Z,-115.0,major_storm,dst_threshold_strong_pm2_p3,storm_min_day,major_subset,storm_index_selected
storm_015_2011080702_20110806,2011-08-06,storm_015_2011080702,2011-08-07T02:30:00Z,-54.0,moderate_storm,dst_threshold_pm1,storm_day_minus_1,primary,storm_index_selected
storm_016_2011080713_20110806,2011-08-06,storm_016_2011080713,2011-08-07T13:30:00Z,-52.0,moderate_storm,dst_threshold_pm1,storm_day_minus_1,primary,storm_index_selected
storm_014_2011080603_20110807,2011-08-07,storm_014_2011080603,2011-08-06T03:30:00Z,-115.0,major_storm,dst_threshold_strong_pm2_p3,storm_day_plus_1,major_subset,storm_index_selected
storm_015_2011080702_20110807,2011-08-07,storm_015_2011080702,2011-08-07T02:30:00Z,-54.0,moderate_storm,dst_threshold_pm1,storm_min_day,primary,storm_index_selected
storm_016_2011080713_20110807,2011-08-07,storm_016_2011080713,2011-08-07T13:30:00Z,-52.0,moderate_storm,dst_threshold_pm1,storm_min_day,primary,storm_index_selected
storm_014_2011080603_20110808,2011-08-08,storm_014_2011080603,2011-08-06T03:30:00Z,-115.0,major_storm,dst_threshold_strong_pm2_p3,storm_day_plus_2,major_subset,storm_index_selected
storm_015_2011080702_20110808,2011-08-08,storm_015_2011080702,2011-08-07T02:30:00Z,-54.0,moderate_storm,dst_threshold_pm1,storm_day_plus_1,primary,storm_index_selected
storm_016_2011080713_20110808,2011-08-08,storm_016_2011080713,2011-08-07T13:30:00Z,-52.0,moderate_storm,dst_threshold_pm1,storm_day_plus_1,primary,storm_index_selected
storm_014_2011080603_20110809,2011-08-09,storm_014_2011080603,2011-08-06T03:30:00Z,-115.0,major_storm,dst_threshold_strong_pm2_p3,storm_day_plus_3,major_subset,storm_index_selected
storm_017_2011090917_20110908,2011-09-08,storm_017_2011090917,2011-09-09T17:30:00Z,-72.0,moderate_storm,dst_threshold_pm1,storm_day_minus_1,primary,storm_index_selected
storm_017_2011090917_20110909,2011-09-09,storm_017_2011090917,2011-09-09T17:30:00Z,-72.0,moderate_storm,dst_threshold_pm1,storm_min_day,primary,storm_index_selected
storm_018_2011091004_20110909,2011-09-09,storm_018_2011091004,2011-09-10T04:30:00Z,-75.0,moderate_storm,dst_threshold_pm1,storm_day_minus_1,primary,storm_index_selected
storm_019_2011091022_20110909,2011-09-09,storm_019_2011091022,2011-09-10T22:30:00Z,-55.0,moderate_storm,dst_threshold_pm1,storm_day_minus_1,primary,storm_index_selected
storm_017_2011090917_20110910,2011-09-10,storm_017_2011090917,2011-09-09T17:30:00Z,-72.0,moderate_storm,dst_threshold_pm1,storm_day_plus_1,primary,storm_index_selected
storm_018_2011091004_20110910,2011-09-10,storm_018_2011091004,2011-09-10T04:30:00Z,-75.0,moderate_storm,dst_threshold_pm1,storm_min_day,primary,storm_index_selected
storm_019_2011091022_20110910,2011-09-10,storm_019_2011091022,2011-09-10T22:30:00Z,-55.0,moderate_storm,dst_threshold_pm1,storm_min_day,primary,storm_index_selected
storm_018_2011091004_20110911,2011-09-11,storm_018_2011091004,2011-09-10T04:30:00Z,-75.0,moderate_storm,dst_threshold_pm1,storm_day_plus_1,primary,storm_index_selected
storm_019_2011091022_20110911,2011-09-11,storm_019_2011091022,2011-09-10T22:30:00Z,-55.0,moderate_storm,dst_threshold_pm1,storm_day_plus_1,primary,storm_index_selected
storm_020_2011091221_20110911,2011-09-11,storm_020_2011091221,2011-09-12T21:30:00Z,-53.0,moderate_storm,dst_threshold_pm1,storm_day_minus_1,primary,storm_index_selected
storm_020_2011091221_20110912,2011-09-12,storm_020_2011091221,2011-09-12T21:30:00Z,-53.0,moderate_storm,dst_threshold_pm1,storm_min_day,primary,storm_index_selected
storm_020_2011091221_20110913,2011-09-13,storm_020_2011091221,2011-09-12T21:30:00Z,-53.0,moderate_storm,dst_threshold_pm1,storm_day_plus_1,primary,storm_index_selected
storm_021_2011091715_20110916,2011-09-16,storm_021_2011091715,2011-09-17T15:30:00Z,-72.0,moderate_storm,dst_threshold_pm1,storm_day_minus_1,primary,storm_index_selected
storm_021_2011091715_20110917,2011-09-17,storm_021_2011091715,2011-09-17T15:30:00Z,-72.0,moderate_storm,dst_threshold_pm1,storm_min_day,primary,storm_index_selected
storm_021_2011091715_20110918,2011-09-18,storm_021_2011091715,2011-09-17T15:30:00Z,-72.0,moderate_storm,dst_threshold_pm1,storm_day_plus_1,primary,storm_index_selected
storm_022_2011092623_20110924,2011-09-24,storm_022_2011092623,2011-09-26T23:30:00Z,-118.0,major_storm,dst_threshold_strong_pm2_p3,storm_day_minus_2,major_subset,storm_index_selected
storm_022_2011092623_20110925,2011-09-25,storm_022_2011092623,2011-09-26T23:30:00Z,-118.0,major_storm,dst_threshold_strong_pm2_p3,storm_day_minus_1,major_subset,storm_index_selected
storm_022_2011092623_20110926,2011-09-26,storm_022_2011092623,2011-09-26T23:30:00Z,-118.0,major_storm,dst_threshold_strong_pm2_p3,storm_min_day,major_subset,storm_index_selected
storm_022_2011092623_20110927,2011-09-27,storm_022_2011092623,2011-09-26T23:30:00Z,-118.0,major_storm,dst_threshold_strong_pm2_p3,storm_day_plus_1,major_subset,storm_index_selected
storm_023_2011092806_20110927,2011-09-27,storm_023_2011092806,2011-09-28T06:30:00Z,-68.0,moderate_storm,dst_threshold_pm1,storm_day_minus_1,primary,storm_index_selected
storm_022_2011092623_20110928,2011-09-28,storm_022_2011092623,2011-09-26T23:30:00Z,-118.0,major_storm,dst_threshold_strong_pm2_p3,storm_day_plus_2,major_subset,storm_index_selected
storm_023_2011092806_20110928,2011-09-28,storm_023_2011092806,2011-09-28T06:30:00Z,-68.0,moderate_storm,dst_threshold_pm1,storm_min_day,primary,storm_index_selected
storm_024_2011092903_20110928,2011-09-28,storm_024_2011092903,2011-09-29T03:30:00Z,-56.0,moderate_storm,dst_threshold_pm1,storm_day_minus_1,primary,storm_index_selected
storm_022_2011092623_20110929,2011-09-29,storm_022_2011092623,2011-09-26T23:30:00Z,-118.0,major_storm,dst_threshold_strong_pm2_p3,storm_day_plus_3,major_subset,storm_index_selected
storm_023_2011092806_20110929,2011-09-29,storm_023_2011092806,2011-09-28T06:30:00Z,-68.0,moderate_storm,dst_threshold_pm1,storm_day_plus_1,primary,storm_index_selected
storm_024_2011092903_20110929,2011-09-29,storm_024_2011092903,2011-09-29T03:30:00Z,-56.0,moderate_storm,dst_threshold_pm1,storm_min_day,primary,storm_index_selected
storm_024_2011092903_20110930,2011-09-30,storm_024_2011092903,2011-09-29T03:30:00Z,-56.0,moderate_storm,dst_threshold_pm1,storm_day_plus_1,primary,storm_index_selected
storm_025_2011102501_20111023,2011-10-23,storm_025_2011102501,2011-10-25T01:30:00Z,-147.0,major_storm,dst_threshold_strong_pm2_p3,storm_day_minus_2,major_subset,storm_index_selected
storm_025_2011102501_20111024,2011-10-24,storm_025_2011102501,2011-10-25T01:30:00Z,-147.0,major_storm,dst_threshold_strong_pm2_p3,storm_day_minus_1,major_subset,storm_index_selected
storm_025_2011102501_20111025,2011-10-25,storm_025_2011102501,2011-10-25T01:30:00Z,-147.0,major_storm,dst_threshold_strong_pm2_p3,storm_min_day,major_subset,storm_index_selected
storm_026_2011102605_20111025,2011-10-25,storm_026_2011102605,2011-10-26T05:30:00Z,-54.0,moderate_storm,dst_threshold_pm1,storm_day_minus_1,primary,storm_index_selected
storm_025_2011102501_20111026,2011-10-26,storm_025_2011102501,2011-10-25T01:30:00Z,-147.0,major_storm,dst_threshold_strong_pm2_p3,storm_day_plus_1,major_subset,storm_index_selected
storm_026_2011102605_20111026,2011-10-26,storm_026_2011102605,2011-10-26T05:30:00Z,-54.0,moderate_storm,dst_threshold_pm1,storm_min_day,primary,storm_index_selected
storm_025_2011102501_20111027,2011-10-27,storm_025_2011102501,2011-10-25T01:30:00Z,-147.0,major_storm,dst_threshold_strong_pm2_p3,storm_day_plus_2,major_subset,storm_index_selected
storm_026_2011102605_20111027,2011-10-27,storm_026_2011102605,2011-10-26T05:30:00Z,-54.0,moderate_storm,dst_threshold_pm1,storm_day_plus_1,primary,storm_index_selected
storm_025_2011102501_20111028,2011-10-28,storm_025_2011102501,2011-10-25T01:30:00Z,-147.0,major_storm,dst_threshold_strong_pm2_p3,storm_day_plus_3,major_subset,storm_index_selected
storm_027_2011110115_20111031,2011-10-31,storm_027_2011110115,2011-11-01T15:30:00Z,-66.0,moderate_storm,dst_threshold_pm1,storm_day_minus_1,primary,storm_index_selected
storm_027_2011110115_20111101,2011-11-01,storm_027_2011110115,2011-11-01T15:30:00Z,-66.0,moderate_storm,dst_threshold_pm1,storm_min_day,primary,storm_index_selected
storm_028_2011110211_20111101,2011-11-01,storm_028_2011110211,2011-11-02T11:30:00Z,-58.0,moderate_storm,dst_threshold_pm1,storm_day_minus_1,primary,storm_index_selected
storm_029_2011110215_20111101,2011-11-01,storm_029_2011110215,2011-11-02T15:30:00Z,-52.0,moderate_storm,dst_threshold_pm1,storm_day_minus_1,primary,storm_index_selected
storm_027_2011110115_20111102,2011-11-02,storm_027_2011110115,2011-11-01T15:30:00Z,-66.0,moderate_storm,dst_threshold_pm1,storm_day_plus_1,primary,storm_index_selected
storm_028_2011110211_20111102,2011-11-02,storm_028_2011110211,2011-11-02T11:30:00Z,-58.0,moderate_storm,dst_threshold_pm1,storm_min_day,primary,storm_index_selected
storm_029_2011110215_20111102,2011-11-02,storm_029_2011110215,2011-11-02T15:30:00Z,-52.0,moderate_storm,dst_threshold_pm1,storm_min_day,primary,storm_index_selected
storm_028_2011110211_20111103,2011-11-03,storm_028_2011110211,2011-11-02T11:30:00Z,-58.0,moderate_storm,dst_threshold_pm1,storm_day_plus_1,primary,storm_index_selected
storm_029_2011110215_20111103,2011-11-03,storm_029_2011110215,2011-11-02T15:30:00Z,-52.0,moderate_storm,dst_threshold_pm1,storm_day_plus_1,primary,storm_index_selected
storm_030_2012012305_20120122,2012-01-22,storm_030_2012012305,2012-01-23T05:30:00Z,-71.0,moderate_storm,dst_threshold_pm1,storm_day_minus_1,primary,storm_index_selected
storm_030_2012012305_20120123,2012-01-23,storm_030_2012012305,2012-01-23T05:30:00Z,-71.0,moderate_storm,dst_threshold_pm1,storm_min_day,primary,storm_index_selected
storm_030_2012012305_20120124,2012-01-24,storm_030_2012012305,2012-01-23T05:30:00Z,-71.0,moderate_storm,dst_threshold_pm1,storm_day_plus_1,primary,storm_index_selected
storm_031_2012012510_20120124,2012-01-24,storm_031_2012012510,2012-01-25T10:30:00Z,-75.0,moderate_storm,dst_threshold_pm1,storm_day_minus_1,primary,storm_index_selected
storm_031_2012012510_20120125,2012-01-25,storm_031_2012012510,2012-01-25T10:30:00Z,-75.0,moderate_storm,dst_threshold_pm1,storm_min_day,primary,storm_index_selected
storm_031_2012012510_20120126,2012-01-26,storm_031_2012012510,2012-01-25T10:30:00Z,-75.0,moderate_storm,dst_threshold_pm1,storm_day_plus_1,primary,storm_index_selected
storm_032_2012021516_20120214,2012-02-14,storm_032_2012021516,2012-02-15T16:30:00Z,-67.0,moderate_storm,dst_threshold_pm1,storm_day_minus_1,primary,storm_index_selected
storm_032_2012021516_20120215,2012-02-15,storm_032_2012021516,2012-02-15T16:30:00Z,-67.0,moderate_storm,dst_threshold_pm1,storm_min_day,primary,storm_index_selected
storm_032_2012021516_20120216,2012-02-16,storm_032_2012021516,2012-02-15T16:30:00Z,-67.0,moderate_storm,dst_threshold_pm1,storm_day_plus_1,primary,storm_index_selected
storm_033_2012021904_20120218,2012-02-18,storm_033_2012021904,2012-02-19T04:30:00Z,-63.0,moderate_storm,dst_threshold_pm1,storm_day_minus_1,primary,storm_index_selected
storm_033_2012021904_20120219,2012-02-19,storm_033_2012021904,2012-02-19T04:30:00Z,-63.0,moderate_storm,dst_threshold_pm1,storm_min_day,primary,storm_index_selected
storm_033_2012021904_20120220,2012-02-20,storm_033_2012021904,2012-02-19T04:30:00Z,-63.0,moderate_storm,dst_threshold_pm1,storm_day_plus_1,primary,storm_index_selected
storm_034_2012022719_20120226,2012-02-26,storm_034_2012022719,2012-02-27T19:30:00Z,-57.0,moderate_storm,dst_threshold_pm1,storm_day_minus_1,primary,storm_index_selected
storm_034_2012022719_20120227,2012-02-27,storm_034_2012022719,2012-02-27T19:30:00Z,-57.0,moderate_storm,dst_threshold_pm1,storm_min_day,primary,storm_index_selected
storm_034_2012022719_20120228,2012-02-28,storm_034_2012022719,2012-02-27T19:30:00Z,-57.0,moderate_storm,dst_threshold_pm1,storm_day_plus_1,primary,storm_index_selected
storm_035_2012030201_20120301,2012-03-01,storm_035_2012030201,2012-03-02T01:30:00Z,-54.0,moderate_storm,dst_threshold_pm1,storm_day_minus_1,primary,storm_index_selected
storm_035_2012030201_20120302,2012-03-02,storm_035_2012030201,2012-03-02T01:30:00Z,-54.0,moderate_storm,dst_threshold_pm1,storm_min_day,primary,storm_index_selected
storm_035_2012030201_20120303,2012-03-03,storm_035_2012030201,2012-03-02T01:30:00Z,-54.0,moderate_storm,dst_threshold_pm1,storm_day_plus_1,primary,storm_index_selected
storm_036_2012030401_20120303,2012-03-03,storm_036_2012030401,2012-03-04T01:30:00Z,-50.0,moderate_storm,dst_threshold_pm1,storm_day_minus_1,primary,storm_index_selected
storm_036_2012030401_20120304,2012-03-04,storm_036_2012030401,2012-03-04T01:30:00Z,-50.0,moderate_storm,dst_threshold_pm1,storm_min_day,primary,storm_index_selected
storm_036_2012030401_20120305,2012-03-05,storm_036_2012030401,2012-03-04T01:30:00Z,-50.0,moderate_storm,dst_threshold_pm1,storm_day_plus_1,primary,storm_index_selected
storm_037_2012030709_20120306,2012-03-06,storm_037_2012030709,2012-03-07T09:30:00Z,-88.0,moderate_storm,dst_threshold_pm1,storm_day_minus_1,primary,storm_index_selected
storm_037_2012030709_20120307,2012-03-07,storm_037_2012030709,2012-03-07T09:30:00Z,-88.0,moderate_storm,dst_threshold_pm1,storm_min_day,primary,storm_index_selected
storm_038_2012030822_20120307,2012-03-07,storm_038_2012030822,2012-03-08T22:30:00Z,-53.0,moderate_storm,dst_threshold_pm1,storm_day_minus_1,primary,storm_index_selected
storm_039_2012030908_20120307,2012-03-07,storm_039_2012030908,2012-03-09T08:30:00Z,-145.0,major_storm,dst_threshold_strong_pm2_p3,storm_day_minus_2,major_subset,storm_index_selected
storm_037_2012030709_20120308,2012-03-08,storm_037_2012030709,2012-03-07T09:30:00Z,-88.0,moderate_storm,dst_threshold_pm1,storm_day_plus_1,primary,storm_index_selected
storm_038_2012030822_20120308,2012-03-08,storm_038_2012030822,2012-03-08T22:30:00Z,-53.0,moderate_storm,dst_threshold_pm1,storm_min_day,primary,storm_index_selected
storm_039_2012030908_20120308,2012-03-08,storm_039_2012030908,2012-03-09T08:30:00Z,-145.0,major_storm,dst_threshold_strong_pm2_p3,storm_day_minus_1,major_subset,storm_index_selected
storm_038_2012030822_20120309,2012-03-09,storm_038_2012030822,2012-03-08T22:30:00Z,-53.0,moderate_storm,dst_threshold_pm1,storm_day_plus_1,primary,storm_index_selected
storm_039_2012030908_20120309,2012-03-09,storm_039_2012030908,2012-03-09T08:30:00Z,-145.0,major_storm,dst_threshold_strong_pm2_p3,storm_min_day,major_subset,storm_index_selected
storm_039_2012030908_20120310,2012-03-10,storm_039_2012030908,2012-03-09T08:30:00Z,-145.0,major_storm,dst_threshold_strong_pm2_p3,storm_day_plus_1,major_subset,storm_index_selected
storm_040_2012031107_20120310,2012-03-10,storm_040_2012031107,2012-03-11T07:30:00Z,-50.0,moderate_storm,dst_threshold_pm1,storm_day_minus_1,primary,storm_index_selected
storm_039_2012030908_20120311,2012-03-11,storm_039_2012030908,2012-03-09T08:30:00Z,-145.0,major_storm,dst_threshold_strong_pm2_p3,storm_day_plus_2,major_subset,storm_index_selected
storm_040_2012031107_20120311,2012-03-11,storm_040_2012031107,2012-03-11T07:30:00Z,-50.0,moderate_storm,dst_threshold_pm1,storm_min_day,primary,storm_index_selected
storm_041_2012031216_20120311,2012-03-11,storm_041_2012031216,2012-03-12T16:30:00Z,-64.0,moderate_storm,dst_threshold_pm1,storm_day_minus_1,primary,storm_index_selected
storm_039_2012030908_20120312,2012-03-12,storm_039_2012030908,2012-03-09T08:30:00Z,-145.0,major_storm,dst_threshold_strong_pm2_p3,storm_day_plus_3,major_subset,storm_index_selected
storm_040_2012031107_20120312,2012-03-12,storm_040_2012031107,2012-03-11T07:30:00Z,-50.0,moderate_storm,dst_threshold_pm1,storm_day_plus_1,primary,storm_index_selected
storm_041_2012031216_20120312,2012-03-12,storm_041_2012031216,2012-03-12T16:30:00Z,-64.0,moderate_storm,dst_threshold_pm1,storm_min_day,primary,storm_index_selected
storm_042_2012031301_20120312,2012-03-12,storm_042_2012031301,2012-03-13T01:30:00Z,-51.0,moderate_storm,dst_threshold_pm1,storm_day_minus_1,primary,storm_index_selected
storm_041_2012031216_20120313,2012-03-13,storm_041_2012031216,2012-03-12T16:30:00Z,-64.0,moderate_storm,dst_threshold_pm1,storm_day_plus_1,primary,storm_index_selected
storm_042_2012031301_20120313,2012-03-13,storm_042_2012031301,2012-03-13T01:30:00Z,-51.0,moderate_storm,dst_threshold_pm1,storm_min_day,primary,storm_index_selected
storm_042_2012031301_20120314,2012-03-14,storm_042_2012031301,2012-03-13T01:30:00Z,-51.0,moderate_storm,dst_threshold_pm1,storm_day_plus_1,primary,storm_index_selected
storm_043_2012031520_20120314,2012-03-14,storm_043_2012031520,2012-03-15T20:30:00Z,-88.0,moderate_storm,dst_threshold_pm1,storm_day_minus_1,primary,storm_index_selected
storm_043_2012031520_20120315,2012-03-15,storm_043_2012031520,2012-03-15T20:30:00Z,-88.0,moderate_storm,dst_threshold_pm1,storm_min_day,primary,storm_index_selected
storm_044_2012031605_20120315,2012-03-15,storm_044_2012031605,2012-03-16T05:30:00Z,-60.0,moderate_storm,dst_threshold_pm1,storm_day_minus_1,primary,storm_index_selected
storm_043_2012031520_20120316,2012-03-16,storm_043_2012031520,2012-03-15T20:30:00Z,-88.0,moderate_storm,dst_threshold_pm1,storm_day_plus_1,primary,storm_index_selected
storm_044_2012031605_20120316,2012-03-16,storm_044_2012031605,2012-03-16T05:30:00Z,-60.0,moderate_storm,dst_threshold_pm1,storm_min_day,primary,storm_index_selected
storm_045_2012031700_20120316,2012-03-16,storm_045_2012031700,2012-03-17T00:30:00Z,-69.0,moderate_storm,dst_threshold_pm1,storm_day_minus_1,primary,storm_index_selected
storm_044_2012031605_20120317,2012-03-17,storm_044_2012031605,2012-03-16T05:30:00Z,-60.0,moderate_storm,dst_threshold_pm1,storm_day_plus_1,primary,storm_index_selected
storm_045_2012031700_20120317,2012-03-17,storm_045_2012031700,2012-03-17T00:30:00Z,-69.0,moderate_storm,dst_threshold_pm1,storm_min_day,primary,storm_index_selected
storm_046_2012031802_20120317,2012-03-17,storm_046_2012031802,2012-03-18T02:30:00Z,-54.0,moderate_storm,dst_threshold_pm1,storm_day_minus_1,primary,storm_index_selected
storm_045_2012031700_20120318,2012-03-18,storm_045_2012031700,2012-03-17T00:30:00Z,-69.0,moderate_storm,dst_threshold_pm1,storm_day_plus_1,primary,storm_index_selected
storm_046_2012031802_20120318,2012-03-18,storm_046_2012031802,2012-03-18T02:30:00Z,-54.0,moderate_storm,dst_threshold_pm1,storm_min_day,primary,storm_index_selected
storm_046_2012031802_20120319,2012-03-19,storm_046_2012031802,2012-03-18T02:30:00Z,-54.0,moderate_storm,dst_threshold_pm1,storm_day_plus_1,primary,storm_index_selected
storm_047_2012032722_20120326,2012-03-26,storm_047_2012032722,2012-03-27T22:30:00Z,-53.0,moderate_storm,dst_threshold_pm1,storm_day_minus_1,primary,storm_index_selected
storm_047_2012032722_20120327,2012-03-27,storm_047_2012032722,2012-03-27T22:30:00Z,-53.0,moderate_storm,dst_threshold_pm1,storm_min_day,primary,storm_index_selected
storm_048_2012032804_20120327,2012-03-27,storm_048_2012032804,2012-03-28T04:30:00Z,-68.0,moderate_storm,dst_threshold_pm1,storm_day_minus_1,primary,storm_index_selected
storm_047_2012032722_20120328,2012-03-28,storm_047_2012032722,2012-03-27T22:30:00Z,-53.0,moderate_storm,dst_threshold_pm1,storm_day_plus_1,primary,storm_index_selected
storm_048_2012032804_20120328,2012-03-28,storm_048_2012032804,2012-03-28T04:30:00Z,-68.0,moderate_storm,dst_threshold_pm1,storm_min_day,primary,storm_index_selected
storm_048_2012032804_20120329,2012-03-29,storm_048_2012032804,2012-03-28T04:30:00Z,-68.0,moderate_storm,dst_threshold_pm1,storm_day_plus_1,primary,storm_index_selected
storm_049_2012040507_20120404,2012-04-04,storm_049_2012040507,2012-04-05T07:30:00Z,-64.0,moderate_storm,dst_threshold_pm1,storm_day_minus_1,primary,storm_index_selected
storm_049_2012040507_20120405,2012-04-05,storm_049_2012040507,2012-04-05T07:30:00Z,-64.0,moderate_storm,dst_threshold_pm1,storm_min_day,primary,storm_index_selected
storm_049_2012040507_20120406,2012-04-06,storm_049_2012040507,2012-04-05T07:30:00Z,-64.0,moderate_storm,dst_threshold_pm1,storm_day_plus_1,primary,storm_index_selected
storm_050_2012041304_20120412,2012-04-12,storm_050_2012041304,2012-04-13T04:30:00Z,-60.0,moderate_storm,dst_threshold_pm1,storm_day_minus_1,primary,storm_index_selected
storm_050_2012041304_20120413,2012-04-13,storm_050_2012041304,2012-04-13T04:30:00Z,-60.0,moderate_storm,dst_threshold_pm1,storm_min_day,primary,storm_index_selected
storm_050_2012041304_20120414,2012-04-14,storm_050_2012041304,2012-04-13T04:30:00Z,-60.0,moderate_storm,dst_threshold_pm1,storm_day_plus_1,primary,storm_index_selected
storm_051_2012042404_20120422,2012-04-22,storm_051_2012042404,2012-04-24T04:30:00Z,-120.0,major_storm,dst_threshold_strong_pm2_p3,storm_day_minus_2,major_subset,storm_index_selected
storm_051_2012042404_20120423,2012-04-23,storm_051_2012042404,2012-04-24T04:30:00Z,-120.0,major_storm,dst_threshold_strong_pm2_p3,storm_day_minus_1,major_subset,storm_index_selected
storm_051_2012042404_20120424,2012-04-24,storm_051_2012042404,2012-04-24T04:30:00Z,-120.0,major_storm,dst_threshold_strong_pm2_p3,storm_min_day,major_subset,storm_index_selected
storm_052_2012042512_20120424,2012-04-24,storm_052_2012042512,2012-04-25T12:30:00Z,-51.0,moderate_storm,dst_threshold_pm1,storm_day_minus_1,primary,storm_index_selected
storm_053_2012042515_20120424,2012-04-24,storm_053_2012042515,2012-04-25T15:30:00Z,-50.0,moderate_storm,dst_threshold_pm1,storm_day_minus_1,primary,storm_index_selected
storm_054_2012042520_20120424,2012-04-24,storm_054_2012042520,2012-04-25T20:30:00Z,-57.0,moderate_storm,dst_threshold_pm1,storm_day_minus_1,primary,storm_index_selected
storm_051_2012042404_20120425,2012-04-25,storm_051_2012042404,2012-04-24T04:30:00Z,-120.0,major_storm,dst_threshold_strong_pm2_p3,storm_day_plus_1,major_subset,storm_index_selected
storm_052_2012042512_20120425,2012-04-25,storm_052_2012042512,2012-04-25T12:30:00Z,-51.0,moderate_storm,dst_threshold_pm1,storm_min_day,primary,storm_index_selected
storm_053_2012042515_20120425,2012-04-25,storm_053_2012042515,2012-04-25T15:30:00Z,-50.0,moderate_storm,dst_threshold_pm1,storm_min_day,primary,storm_index_selected
storm_054_2012042520_20120425,2012-04-25,storm_054_2012042520,2012-04-25T20:30:00Z,-57.0,moderate_storm,dst_threshold_pm1,storm_min_day,primary,storm_index_selected
storm_055_2012042602_20120425,2012-04-25,storm_055_2012042602,2012-04-26T02:30:00Z,-55.0,moderate_storm,dst_threshold_pm1,storm_day_minus_1,primary,storm_index_selected
storm_051_2012042404_20120426,2012-04-26,storm_051_2012042404,2012-04-24T04:30:00Z,-120.0,major_storm,dst_threshold_strong_pm2_p3,storm_day_plus_2,major_subset,storm_index_selected
storm_052_2012042512_20120426,2012-04-26,storm_052_2012042512,2012-04-25T12:30:00Z,-51.0,moderate_storm,dst_threshold_pm1,storm_day_plus_1,primary,storm_index_selected
storm_053_2012042515_20120426,2012-04-26,storm_053_2012042515,2012-04-25T15:30:00Z,-50.0,moderate_storm,dst_threshold_pm1,storm_day_plus_1,primary,storm_index_selected
storm_054_2012042520_20120426,2012-04-26,storm_054_2012042520,2012-04-25T20:30:00Z,-57.0,moderate_storm,dst_threshold_pm1,storm_day_plus_1,primary,storm_index_selected
storm_055_2012042602_20120426,2012-04-26,storm_055_2012042602,2012-04-26T02:30:00Z,-55.0,moderate_storm,dst_threshold_pm1,storm_min_day,primary,storm_index_selected
storm_051_2012042404_20120427,2012-04-27,storm_051_2012042404,2012-04-24T04:30:00Z,-120.0,major_storm,dst_threshold_strong_pm2_p3,storm_day_plus_3,major_subset,storm_index_selected
storm_055_2012042602_20120427,2012-04-27,storm_055_2012042602,2012-04-26T02:30:00Z,-55.0,moderate_storm,dst_threshold_pm1,storm_day_plus_1,primary,storm_index_selected
storm_056_2012061201_20120611,2012-06-11,storm_056_2012061201,2012-06-12T01:30:00Z,-67.0,moderate_storm,dst_threshold_pm1,storm_day_minus_1,primary,storm_index_selected
storm_056_2012061201_20120612,2012-06-12,storm_056_2012061201,2012-06-12T01:30:00Z,-67.0,moderate_storm,dst_threshold_pm1,storm_min_day,primary,storm_index_selected
storm_056_2012061201_20120613,2012-06-13,storm_056_2012061201,2012-06-12T01:30:00Z,-67.0,moderate_storm,dst_threshold_pm1,storm_day_plus_1,primary,storm_index_selected
storm_057_2012061713_20120616,2012-06-16,storm_057_2012061713,2012-06-17T13:30:00Z,-86.0,moderate_storm,dst_threshold_pm1,storm_day_minus_1,primary,storm_index_selected
storm_057_2012061713_20120617,2012-06-17,storm_057_2012061713,2012-06-17T13:30:00Z,-86.0,moderate_storm,dst_threshold_pm1,storm_min_day,primary,storm_index_selected
storm_058_2012061822_20120617,2012-06-17,storm_058_2012061822,2012-06-18T22:30:00Z,-50.0,moderate_storm,dst_threshold_pm1,storm_day_minus_1,primary,storm_index_selected
storm_057_2012061713_20120618,2012-06-18,storm_057_2012061713,2012-06-17T13:30:00Z,-86.0,moderate_storm,dst_threshold_pm1,storm_day_plus_1,primary,storm_index_selected
storm_058_2012061822_20120618,2012-06-18,storm_058_2012061822,2012-06-18T22:30:00Z,-50.0,moderate_storm,dst_threshold_pm1,storm_min_day,primary,storm_index_selected
storm_058_2012061822_20120619,2012-06-19,storm_058_2012061822,2012-06-18T22:30:00Z,-50.0,moderate_storm,dst_threshold_pm1,storm_day_plus_1,primary,storm_index_selected
storm_059_2012070912_20120708,2012-07-08,storm_059_2012070912,2012-07-09T12:30:00Z,-78.0,moderate_storm,dst_threshold_pm1,storm_day_minus_1,primary,storm_index_selected
storm_059_2012070912_20120709,2012-07-09,storm_059_2012070912,2012-07-09T12:30:00Z,-78.0,moderate_storm,dst_threshold_pm1,storm_min_day,primary,storm_index_selected
storm_059_2012070912_20120710,2012-07-10,storm_059_2012070912,2012-07-09T12:30:00Z,-78.0,moderate_storm,dst_threshold_pm1,storm_day_plus_1,primary,storm_index_selected
storm_060_2012071516_20120713,2012-07-13,storm_060_2012071516,2012-07-15T16:30:00Z,-139.0,major_storm,dst_threshold_strong_pm2_p3,storm_day_minus_2,major_subset,storm_index_selected
storm_060_2012071516_20120714,2012-07-14,storm_060_2012071516,2012-07-15T16:30:00Z,-139.0,major_storm,dst_threshold_strong_pm2_p3,storm_day_minus_1,major_subset,storm_index_selected
storm_060_2012071516_20120715,2012-07-15,storm_060_2012071516,2012-07-15T16:30:00Z,-139.0,major_storm,dst_threshold_strong_pm2_p3,storm_min_day,major_subset,storm_index_selected
storm_060_2012071516_20120716,2012-07-16,storm_060_2012071516,2012-07-15T16:30:00Z,-139.0,major_storm,dst_threshold_strong_pm2_p3,storm_day_plus_1,major_subset,storm_index_selected
storm_060_2012071516_20120717,2012-07-17,storm_060_2012071516,2012-07-15T16:30:00Z,-139.0,major_storm,dst_threshold_strong_pm2_p3,storm_day_plus_2,major_subset,storm_index_selected
storm_060_2012071516_20120718,2012-07-18,storm_060_2012071516,2012-07-15T16:30:00Z,-139.0,major_storm,dst_threshold_strong_pm2_p3,storm_day_plus_3,major_subset,storm_index_selected
storm_061_2012090310_20120902,2012-09-02,storm_061_2012090310,2012-09-03T10:30:00Z,-69.0,moderate_storm,dst_threshold_pm1,storm_day_minus_1,primary,storm_index_selected
storm_062_2012090319_20120902,2012-09-02,storm_062_2012090319,2012-09-03T19:30:00Z,-61.0,moderate_storm,dst_threshold_pm1,storm_day_minus_1,primary,storm_index_selected
storm_061_2012090310_20120903,2012-09-03,storm_061_2012090310,2012-09-03T10:30:00Z,-69.0,moderate_storm,dst_threshold_pm1,storm_min_day,primary,storm_index_selected
storm_062_2012090319_20120903,2012-09-03,storm_062_2012090319,2012-09-03T19:30:00Z,-61.0,moderate_storm,dst_threshold_pm1,storm_min_day,primary,storm_index_selected
storm_063_2012090407_20120903,2012-09-03,storm_063_2012090407,2012-09-04T07:30:00Z,-59.0,moderate_storm,dst_threshold_pm1,storm_day_minus_1,primary,storm_index_selected
storm_061_2012090310_20120904,2012-09-04,storm_061_2012090310,2012-09-03T10:30:00Z,-69.0,moderate_storm,dst_threshold_pm1,storm_day_plus_1,primary,storm_index_selected
storm_062_2012090319_20120904,2012-09-04,storm_062_2012090319,2012-09-03T19:30:00Z,-61.0,moderate_storm,dst_threshold_pm1,storm_day_plus_1,primary,storm_index_selected
storm_063_2012090407_20120904,2012-09-04,storm_063_2012090407,2012-09-04T07:30:00Z,-59.0,moderate_storm,dst_threshold_pm1,storm_min_day,primary,storm_index_selected
storm_064_2012090505_20120904,2012-09-04,storm_064_2012090505,2012-09-05T05:30:00Z,-64.0,moderate_storm,dst_threshold_pm1,storm_day_minus_1,primary,storm_index_selected
storm_063_2012090407_20120905,2012-09-05,storm_063_2012090407,2012-09-04T07:30:00Z,-59.0,moderate_storm,dst_threshold_pm1,storm_day_plus_1,primary,storm_index_selected
storm_064_2012090505_20120905,2012-09-05,storm_064_2012090505,2012-09-05T05:30:00Z,-64.0,moderate_storm,dst_threshold_pm1,storm_min_day,primary,storm_index_selected
storm_064_2012090505_20120906,2012-09-06,storm_064_2012090505,2012-09-05T05:30:00Z,-64.0,moderate_storm,dst_threshold_pm1,storm_day_plus_1,primary,storm_index_selected
storm_065_2012100104_20120929,2012-09-29,storm_065_2012100104,2012-10-01T04:30:00Z,-122.0,major_storm,dst_threshold_strong_pm2_p3,storm_day_minus_2,major_subset,storm_index_selected
storm_065_2012100104_20120930,2012-09-30,storm_065_2012100104,2012-10-01T04:30:00Z,-122.0,major_storm,dst_threshold_strong_pm2_p3,storm_day_minus_1,major_subset,storm_index_selected
storm_065_2012100104_20121001,2012-10-01,storm_065_2012100104,2012-10-01T04:30:00Z,-122.0,major_storm,dst_threshold_strong_pm2_p3,storm_min_day,major_subset,storm_index_selected
storm_065_2012100104_20121002,2012-10-02,storm_065_2012100104,2012-10-01T04:30:00Z,-122.0,major_storm,dst_threshold_strong_pm2_p3,storm_day_plus_1,major_subset,storm_index_selected
storm_065_2012100104_20121003,2012-10-03,storm_065_2012100104,2012-10-01T04:30:00Z,-122.0,major_storm,dst_threshold_strong_pm2_p3,storm_day_plus_2,major_subset,storm_index_selected
storm_065_2012100104_20121004,2012-10-04,storm_065_2012100104,2012-10-01T04:30:00Z,-122.0,major_storm,dst_threshold_strong_pm2_p3,storm_day_plus_3,major_subset,storm_index_selected
storm_066_2012100908_20121007,2012-10-07,storm_066_2012100908,2012-10-09T08:30:00Z,-109.0,major_storm,dst_threshold_strong_pm2_p3,storm_day_minus_2,major_subset,storm_index_selected
storm_066_2012100908_20121008,2012-10-08,storm_066_2012100908,2012-10-09T08:30:00Z,-109.0,major_storm,dst_threshold_strong_pm2_p3,storm_day_minus_1,major_subset,storm_index_selected
storm_066_2012100908_20121009,2012-10-09,storm_066_2012100908,2012-10-09T08:30:00Z,-109.0,major_storm,dst_threshold_strong_pm2_p3,storm_min_day,major_subset,storm_index_selected
storm_066_2012100908_20121010,2012-10-10,storm_066_2012100908,2012-10-09T08:30:00Z,-109.0,major_storm,dst_threshold_strong_pm2_p3,storm_day_plus_1,major_subset,storm_index_selected
storm_066_2012100908_20121011,2012-10-11,storm_066_2012100908,2012-10-09T08:30:00Z,-109.0,major_storm,dst_threshold_strong_pm2_p3,storm_day_plus_2,major_subset,storm_index_selected
storm_066_2012100908_20121012,2012-10-12,storm_066_2012100908,2012-10-09T08:30:00Z,-109.0,major_storm,dst_threshold_strong_pm2_p3,storm_day_plus_3,major_subset,storm_index_selected
storm_067_2012101307_20121012,2012-10-12,storm_067_2012101307,2012-10-13T07:30:00Z,-90.0,moderate_storm,dst_threshold_pm1,storm_day_minus_1,primary,storm_index_selected
storm_068_2012101319_20121012,2012-10-12,storm_068_2012101319,2012-10-13T19:30:00Z,-71.0,moderate_storm,dst_threshold_pm1,storm_day_minus_1,primary,storm_index_selected
storm_067_2012101307_20121013,2012-10-13,storm_067_2012101307,2012-10-13T07:30:00Z,-90.0,moderate_storm,dst_threshold_pm1,storm_min_day,primary,storm_index_selected
storm_068_2012101319_20121013,2012-10-13,storm_068_2012101319,2012-10-13T19:30:00Z,-71.0,moderate_storm,dst_threshold_pm1,storm_min_day,primary,storm_index_selected
storm_069_2012101411_20121013,2012-10-13,storm_069_2012101411,2012-10-14T11:30:00Z,-54.0,moderate_storm,dst_threshold_pm1,storm_day_minus_1,primary,storm_index_selected
storm_070_2012101420_20121013,2012-10-13,storm_070_2012101420,2012-10-14T20:30:00Z,-52.0,moderate_storm,dst_threshold_pm1,storm_day_minus_1,primary,storm_index_selected
storm_067_2012101307_20121014,2012-10-14,storm_067_2012101307,2012-10-13T07:30:00Z,-90.0,moderate_storm,dst_threshold_pm1,storm_day_plus_1,primary,storm_index_selected
storm_068_2012101319_20121014,2012-10-14,storm_068_2012101319,2012-10-13T19:30:00Z,-71.0,moderate_storm,dst_threshold_pm1,storm_day_plus_1,primary,storm_index_selected
storm_069_2012101411_20121014,2012-10-14,storm_069_2012101411,2012-10-14T11:30:00Z,-54.0,moderate_storm,dst_threshold_pm1,storm_min_day,primary,storm_index_selected
storm_070_2012101420_20121014,2012-10-14,storm_070_2012101420,2012-10-14T20:30:00Z,-52.0,moderate_storm,dst_threshold_pm1,storm_min_day,primary,storm_index_selected
storm_069_2012101411_20121015,2012-10-15,storm_069_2012101411,2012-10-14T11:30:00Z,-54.0,moderate_storm,dst_threshold_pm1,storm_day_plus_1,primary,storm_index_selected
storm_070_2012101420_20121015,2012-10-15,storm_070_2012101420,2012-10-14T20:30:00Z,-52.0,moderate_storm,dst_threshold_pm1,storm_day_plus_1,primary,storm_index_selected
storm_071_2012110120_20121031,2012-10-31,storm_071_2012110120,2012-11-01T20:30:00Z,-65.0,moderate_storm,dst_threshold_pm1,storm_day_minus_1,primary,storm_index_selected
storm_071_2012110120_20121101,2012-11-01,storm_071_2012110120,2012-11-01T20:30:00Z,-65.0,moderate_storm,dst_threshold_pm1,storm_min_day,primary,storm_index_selected
storm_071_2012110120_20121102,2012-11-02,storm_071_2012110120,2012-11-01T20:30:00Z,-65.0,moderate_storm,dst_threshold_pm1,storm_day_plus_1,primary,storm_index_selected
storm_072_2012111407_20121112,2012-11-12,storm_072_2012111407,2012-11-14T07:30:00Z,-108.0,major_storm,dst_threshold_strong_pm2_p3,storm_day_minus_2,major_subset,storm_index_selected
storm_072_2012111407_20121113,2012-11-13,storm_072_2012111407,2012-11-14T07:30:00Z,-108.0,major_storm,dst_threshold_strong_pm2_p3,storm_day_minus_1,major_subset,storm_index_selected
storm_072_2012111407_20121114,2012-11-14,storm_072_2012111407,2012-11-14T07:30:00Z,-108.0,major_storm,dst_threshold_strong_pm2_p3,storm_min_day,major_subset,storm_index_selected
storm_072_2012111407_20121115,2012-11-15,storm_072_2012111407,2012-11-14T07:30:00Z,-108.0,major_storm,dst_threshold_strong_pm2_p3,storm_day_plus_1,major_subset,storm_index_selected
storm_072_2012111407_20121116,2012-11-16,storm_072_2012111407,2012-11-14T07:30:00Z,-108.0,major_storm,dst_threshold_strong_pm2_p3,storm_day_plus_2,major_subset,storm_index_selected
storm_072_2012111407_20121117,2012-11-17,storm_072_2012111407,2012-11-14T07:30:00Z,-108.0,major_storm,dst_threshold_strong_pm2_p3,storm_day_plus_3,major_subset,storm_index_selected
storm_073_2013011723_20130116,2013-01-16,storm_073_2013011723,2013-01-17T23:30:00Z,-52.0,moderate_storm,dst_threshold_pm1,storm_day_minus_1,primary,storm_index_selected
storm_073_2013011723_20130117,2013-01-17,storm_073_2013011723,2013-01-17T23:30:00Z,-52.0,moderate_storm,dst_threshold_pm1,storm_min_day,primary,storm_index_selected
storm_073_2013011723_20130118,2013-01-18,storm_073_2013011723,2013-01-17T23:30:00Z,-52.0,moderate_storm,dst_threshold_pm1,storm_day_plus_1,primary,storm_index_selected
storm_074_2013012622_20130125,2013-01-25,storm_074_2013012622,2013-01-26T22:30:00Z,-51.0,moderate_storm,dst_threshold_pm1,storm_day_minus_1,primary,storm_index_selected
storm_074_2013012622_20130126,2013-01-26,storm_074_2013012622,2013-01-26T22:30:00Z,-51.0,moderate_storm,dst_threshold_pm1,storm_min_day,primary,storm_index_selected
storm_074_2013012622_20130127,2013-01-27,storm_074_2013012622,2013-01-26T22:30:00Z,-51.0,moderate_storm,dst_threshold_pm1,storm_day_plus_1,primary,storm_index_selected
storm_075_2013030110_20130228,2013-02-28,storm_075_2013030110,2013-03-01T10:30:00Z,-55.0,moderate_storm,dst_threshold_pm1,storm_day_minus_1,primary,storm_index_selected
storm_076_2013030117_20130228,2013-02-28,storm_076_2013030117,2013-03-01T17:30:00Z,-51.0,moderate_storm,dst_threshold_pm1,storm_day_minus_1,primary,storm_index_selected
storm_077_2013030123_20130228,2013-02-28,storm_077_2013030123,2013-03-01T23:30:00Z,-52.0,moderate_storm,dst_threshold_pm1,storm_day_minus_1,primary,storm_index_selected
storm_075_2013030110_20130301,2013-03-01,storm_075_2013030110,2013-03-01T10:30:00Z,-55.0,moderate_storm,dst_threshold_pm1,storm_min_day,primary,storm_index_selected
storm_076_2013030117_20130301,2013-03-01,storm_076_2013030117,2013-03-01T17:30:00Z,-51.0,moderate_storm,dst_threshold_pm1,storm_min_day,primary,storm_index_selected
storm_077_2013030123_20130301,2013-03-01,storm_077_2013030123,2013-03-01T23:30:00Z,-52.0,moderate_storm,dst_threshold_pm1,storm_min_day,primary,storm_index_selected
storm_075_2013030110_20130302,2013-03-02,storm_075_2013030110,2013-03-01T10:30:00Z,-55.0,moderate_storm,dst_threshold_pm1,storm_day_plus_1,primary,storm_index_selected
storm_076_2013030117_20130302,2013-03-02,storm_076_2013030117,2013-03-01T17:30:00Z,-51.0,moderate_storm,dst_threshold_pm1,storm_day_plus_1,primary,storm_index_selected
storm_077_2013030123_20130302,2013-03-02,storm_077_2013030123,2013-03-01T23:30:00Z,-52.0,moderate_storm,dst_threshold_pm1,storm_day_plus_1,primary,storm_index_selected
storm_078_2013031720_20130315,2013-03-15,storm_078_2013031720,2013-03-17T20:30:00Z,-132.0,major_storm,dst_threshold_strong_pm2_p3,storm_day_minus_2,major_subset,storm_index_selected
storm_078_2013031720_20130316,2013-03-16,storm_078_2013031720,2013-03-17T20:30:00Z,-132.0,major_storm,dst_threshold_strong_pm2_p3,storm_day_minus_1,major_subset,storm_index_selected
storm_078_2013031720_20130317,2013-03-17,storm_078_2013031720,2013-03-17T20:30:00Z,-132.0,major_storm,dst_threshold_strong_pm2_p3,storm_min_day,major_subset,storm_index_selected
storm_079_2013031816_20130317,2013-03-17,storm_079_2013031816,2013-03-18T16:30:00Z,-50.0,moderate_storm,dst_threshold_pm1,storm_day_minus_1,primary,storm_index_selected
storm_078_2013031720_20130318,2013-03-18,storm_078_2013031720,2013-03-17T20:30:00Z,-132.0,major_storm,dst_threshold_strong_pm2_p3,storm_day_plus_1,major_subset,storm_index_selected
storm_079_2013031816_20130318,2013-03-18,storm_079_2013031816,2013-03-18T16:30:00Z,-50.0,moderate_storm,dst_threshold_pm1,storm_min_day,primary,storm_index_selected
storm_078_2013031720_20130319,2013-03-19,storm_078_2013031720,2013-03-17T20:30:00Z,-132.0,major_storm,dst_threshold_strong_pm2_p3,storm_day_plus_2,major_subset,storm_index_selected
storm_079_2013031816_20130319,2013-03-19,storm_079_2013031816,2013-03-18T16:30:00Z,-50.0,moderate_storm,dst_threshold_pm1,storm_day_plus_1,primary,storm_index_selected
storm_078_2013031720_20130320,2013-03-20,storm_078_2013031720,2013-03-17T20:30:00Z,-132.0,major_storm,dst_threshold_strong_pm2_p3,storm_day_plus_3,major_subset,storm_index_selected
storm_080_2013032104_20130320,2013-03-20,storm_080_2013032104,2013-03-21T04:30:00Z,-54.0,moderate_storm,dst_threshold_pm1,storm_day_minus_1,primary,storm_index_selected
storm_080_2013032104_20130321,2013-03-21,storm_080_2013032104,2013-03-21T04:30:00Z,-54.0,moderate_storm,dst_threshold_pm1,storm_min_day,primary,storm_index_selected
storm_080_2013032104_20130322,2013-03-22,storm_080_2013032104,2013-03-21T04:30:00Z,-54.0,moderate_storm,dst_threshold_pm1,storm_day_plus_1,primary,storm_index_selected
storm_081_2013032916_20130328,2013-03-28,storm_081_2013032916,2013-03-29T16:30:00Z,-59.0,moderate_storm,dst_threshold_pm1,storm_day_minus_1,primary,storm_index_selected
storm_081_2013032916_20130329,2013-03-29,storm_081_2013032916,2013-03-29T16:30:00Z,-59.0,moderate_storm,dst_threshold_pm1,storm_min_day,primary,storm_index_selected
storm_081_2013032916_20130330,2013-03-30,storm_081_2013032916,2013-03-29T16:30:00Z,-59.0,moderate_storm,dst_threshold_pm1,storm_day_plus_1,primary,storm_index_selected
storm_082_2013050113_20130430,2013-04-30,storm_082_2013050113,2013-05-01T13:30:00Z,-53.0,moderate_storm,dst_threshold_pm1,storm_day_minus_1,primary,storm_index_selected
storm_083_2013050118_20130430,2013-04-30,storm_083_2013050118,2013-05-01T18:30:00Z,-72.0,moderate_storm,dst_threshold_pm1,storm_day_minus_1,primary,storm_index_selected
storm_082_2013050113_20130501,2013-05-01,storm_082_2013050113,2013-05-01T13:30:00Z,-53.0,moderate_storm,dst_threshold_pm1,storm_min_day,primary,storm_index_selected
storm_083_2013050118_20130501,2013-05-01,storm_083_2013050118,2013-05-01T18:30:00Z,-72.0,moderate_storm,dst_threshold_pm1,storm_min_day,primary,storm_index_selected
storm_084_2013050202_20130501,2013-05-01,storm_084_2013050202,2013-05-02T02:30:00Z,-57.0,moderate_storm,dst_threshold_pm1,storm_day_minus_1,primary,storm_index_selected
storm_082_2013050113_20130502,2013-05-02,storm_082_2013050113,2013-05-01T13:30:00Z,-53.0,moderate_storm,dst_threshold_pm1,storm_day_plus_1,primary,storm_index_selected
storm_083_2013050118_20130502,2013-05-02,storm_083_2013050118,2013-05-01T18:30:00Z,-72.0,moderate_storm,dst_threshold_pm1,storm_day_plus_1,primary,storm_index_selected
storm_084_2013050202_20130502,2013-05-02,storm_084_2013050202,2013-05-02T02:30:00Z,-57.0,moderate_storm,dst_threshold_pm1,storm_min_day,primary,storm_index_selected
storm_084_2013050202_20130503,2013-05-03,storm_084_2013050202,2013-05-02T02:30:00Z,-57.0,moderate_storm,dst_threshold_pm1,storm_day_plus_1,primary,storm_index_selected
storm_085_2013051804_20130517,2013-05-17,storm_085_2013051804,2013-05-18T04:30:00Z,-61.0,moderate_storm,dst_threshold_pm1,storm_day_minus_1,primary,storm_index_selected
storm_085_2013051804_20130518,2013-05-18,storm_085_2013051804,2013-05-18T04:30:00Z,-61.0,moderate_storm,dst_threshold_pm1,storm_min_day,primary,storm_index_selected
storm_086_2013051914_20130518,2013-05-18,storm_086_2013051914,2013-05-19T14:30:00Z,-51.0,moderate_storm,dst_threshold_pm1,storm_day_minus_1,primary,storm_index_selected
storm_085_2013051804_20130519,2013-05-19,storm_085_2013051804,2013-05-18T04:30:00Z,-61.0,moderate_storm,dst_threshold_pm1,storm_day_plus_1,primary,storm_index_selected
storm_086_2013051914_20130519,2013-05-19,storm_086_2013051914,2013-05-19T14:30:00Z,-51.0,moderate_storm,dst_threshold_pm1,storm_min_day,primary,storm_index_selected
storm_086_2013051914_20130520,2013-05-20,storm_086_2013051914,2013-05-19T14:30:00Z,-51.0,moderate_storm,dst_threshold_pm1,storm_day_plus_1,primary,storm_index_selected
storm_087_2013052506_20130524,2013-05-24,storm_087_2013052506,2013-05-25T06:30:00Z,-59.0,moderate_storm,dst_threshold_pm1,storm_day_minus_1,primary,storm_index_selected
storm_088_2013052519_20130524,2013-05-24,storm_088_2013052519,2013-05-25T19:30:00Z,-56.0,moderate_storm,dst_threshold_pm1,storm_day_minus_1,primary,storm_index_selected
storm_089_2013052521_20130524,2013-05-24,storm_089_2013052521,2013-05-25T21:30:00Z,-51.0,moderate_storm,dst_threshold_pm1,storm_day_minus_1,primary,storm_index_selected
storm_087_2013052506_20130525,2013-05-25,storm_087_2013052506,2013-05-25T06:30:00Z,-59.0,moderate_storm,dst_threshold_pm1,storm_min_day,primary,storm_index_selected
storm_088_2013052519_20130525,2013-05-25,storm_088_2013052519,2013-05-25T19:30:00Z,-56.0,moderate_storm,dst_threshold_pm1,storm_min_day,primary,storm_index_selected
storm_089_2013052521_20130525,2013-05-25,storm_089_2013052521,2013-05-25T21:30:00Z,-51.0,moderate_storm,dst_threshold_pm1,storm_min_day,primary,storm_index_selected
storm_087_2013052506_20130526,2013-05-26,storm_087_2013052506,2013-05-25T06:30:00Z,-59.0,moderate_storm,dst_threshold_pm1,storm_day_plus_1,primary,storm_index_selected
storm_088_2013052519_20130526,2013-05-26,storm_088_2013052519,2013-05-25T19:30:00Z,-56.0,moderate_storm,dst_threshold_pm1,storm_day_plus_1,primary,storm_index_selected
storm_089_2013052521_20130526,2013-05-26,storm_089_2013052521,2013-05-25T21:30:00Z,-51.0,moderate_storm,dst_threshold_pm1,storm_day_plus_1,primary,storm_index_selected
storm_090_2013060108_20130530,2013-05-30,storm_090_2013060108,2013-06-01T08:30:00Z,-124.0,major_storm,dst_threshold_strong_pm2_p3,storm_day_minus_2,major_subset,storm_index_selected
storm_090_2013060108_20130531,2013-05-31,storm_090_2013060108,2013-06-01T08:30:00Z,-124.0,major_storm,dst_threshold_strong_pm2_p3,storm_day_minus_1,major_subset,storm_index_selected
storm_090_2013060108_20130601,2013-06-01,storm_090_2013060108,2013-06-01T08:30:00Z,-124.0,major_storm,dst_threshold_strong_pm2_p3,storm_min_day,major_subset,storm_index_selected
storm_091_2013060206_20130601,2013-06-01,storm_091_2013060206,2013-06-02T06:30:00Z,-53.0,moderate_storm,dst_threshold_pm1,storm_day_minus_1,primary,storm_index_selected
storm_090_2013060108_20130602,2013-06-02,storm_090_2013060108,2013-06-01T08:30:00Z,-124.0,major_storm,dst_threshold_strong_pm2_p3,storm_day_plus_1,major_subset,storm_index_selected
storm_091_2013060206_20130602,2013-06-02,storm_091_2013060206,2013-06-02T06:30:00Z,-53.0,moderate_storm,dst_threshold_pm1,storm_min_day,primary,storm_index_selected
storm_090_2013060108_20130603,2013-06-03,storm_090_2013060108,2013-06-01T08:30:00Z,-124.0,major_storm,dst_threshold_strong_pm2_p3,storm_day_plus_2,major_subset,storm_index_selected
storm_091_2013060206_20130603,2013-06-03,storm_091_2013060206,2013-06-02T06:30:00Z,-53.0,moderate_storm,dst_threshold_pm1,storm_day_plus_1,primary,storm_index_selected
storm_090_2013060108_20130604,2013-06-04,storm_090_2013060108,2013-06-01T08:30:00Z,-124.0,major_storm,dst_threshold_strong_pm2_p3,storm_day_plus_3,major_subset,storm_index_selected
storm_092_2013060702_20130606,2013-06-06,storm_092_2013060702,2013-06-07T02:30:00Z,-78.0,moderate_storm,dst_threshold_pm1,storm_day_minus_1,primary,storm_index_selected
storm_092_2013060702_20130607,2013-06-07,storm_092_2013060702,2013-06-07T02:30:00Z,-78.0,moderate_storm,dst_threshold_pm1,storm_min_day,primary,storm_index_selected
storm_092_2013060702_20130608,2013-06-08,storm_092_2013060702,2013-06-07T02:30:00Z,-78.0,moderate_storm,dst_threshold_pm1,storm_day_plus_1,primary,storm_index_selected
storm_093_2013062906_20130627,2013-06-27,storm_093_2013062906,2013-06-29T06:30:00Z,-102.0,major_storm,dst_threshold_strong_pm2_p3,storm_day_minus_2,major_subset,storm_index_selected
storm_093_2013062906_20130628,2013-06-28,storm_093_2013062906,2013-06-29T06:30:00Z,-102.0,major_storm,dst_threshold_strong_pm2_p3,storm_day_minus_1,major_subset,storm_index_selected
storm_093_2013062906_20130629,2013-06-29,storm_093_2013062906,2013-06-29T06:30:00Z,-102.0,major_storm,dst_threshold_strong_pm2_p3,storm_min_day,major_subset,storm_index_selected
storm_094_2013063001_20130629,2013-06-29,storm_094_2013063001,2013-06-30T01:30:00Z,-51.0,moderate_storm,dst_threshold_pm1,storm_day_minus_1,primary,storm_index_selected
storm_093_2013062906_20130630,2013-06-30,storm_093_2013062906,2013-06-29T06:30:00Z,-102.0,major_storm,dst_threshold_strong_pm2_p3,storm_day_plus_1,major_subset,storm_index_selected
storm_094_2013063001_20130630,2013-06-30,storm_094_2013063001,2013-06-30T01:30:00Z,-51.0,moderate_storm,dst_threshold_pm1,storm_min_day,primary,storm_index_selected
storm_093_2013062906_20130701,2013-07-01,storm_093_2013062906,2013-06-29T06:30:00Z,-102.0,major_storm,dst_threshold_strong_pm2_p3,storm_day_plus_2,major_subset,storm_index_selected
storm_094_2013063001_20130701,2013-07-01,storm_094_2013063001,2013-06-30T01:30:00Z,-51.0,moderate_storm,dst_threshold_pm1,storm_day_plus_1,primary,storm_index_selected
storm_093_2013062906_20130702,2013-07-02,storm_093_2013062906,2013-06-29T06:30:00Z,-102.0,major_storm,dst_threshold_strong_pm2_p3,storm_day_plus_3,major_subset,storm_index_selected
storm_095_2013070618_20130705,2013-07-05,storm_095_2013070618,2013-07-06T18:30:00Z,-87.0,moderate_storm,dst_threshold_pm1,storm_day_minus_1,primary,storm_index_selected
storm_095_2013070618_20130706,2013-07-06,storm_095_2013070618,2013-07-06T18:30:00Z,-87.0,moderate_storm,dst_threshold_pm1,storm_min_day,primary,storm_index_selected
storm_095_2013070618_20130707,2013-07-07,storm_095_2013070618,2013-07-06T18:30:00Z,-87.0,moderate_storm,dst_threshold_pm1,storm_day_plus_1,primary,storm_index_selected
storm_096_2013071008_20130709,2013-07-09,storm_096_2013071008,2013-07-10T08:30:00Z,-51.0,moderate_storm,dst_threshold_pm1,storm_day_minus_1,primary,storm_index_selected
storm_097_2013071011_20130709,2013-07-09,storm_097_2013071011,2013-07-10T11:30:00Z,-54.0,moderate_storm,dst_threshold_pm1,storm_day_minus_1,primary,storm_index_selected
storm_098_2013071021_20130709,2013-07-09,storm_098_2013071021,2013-07-10T21:30:00Z,-56.0,moderate_storm,dst_threshold_pm1,storm_day_minus_1,primary,storm_index_selected
storm_096_2013071008_20130710,2013-07-10,storm_096_2013071008,2013-07-10T08:30:00Z,-51.0,moderate_storm,dst_threshold_pm1,storm_min_day,primary,storm_index_selected
storm_097_2013071011_20130710,2013-07-10,storm_097_2013071011,2013-07-10T11:30:00Z,-54.0,moderate_storm,dst_threshold_pm1,storm_min_day,primary,storm_index_selected
storm_098_2013071021_20130710,2013-07-10,storm_098_2013071021,2013-07-10T21:30:00Z,-56.0,moderate_storm,dst_threshold_pm1,storm_min_day,primary,storm_index_selected
storm_096_2013071008_20130711,2013-07-11,storm_096_2013071008,2013-07-10T08:30:00Z,-51.0,moderate_storm,dst_threshold_pm1,storm_day_plus_1,primary,storm_index_selected
storm_097_2013071011_20130711,2013-07-11,storm_097_2013071011,2013-07-10T11:30:00Z,-54.0,moderate_storm,dst_threshold_pm1,storm_day_plus_1,primary,storm_index_selected
storm_098_2013071021_20130711,2013-07-11,storm_098_2013071021,2013-07-10T21:30:00Z,-56.0,moderate_storm,dst_threshold_pm1,storm_day_plus_1,primary,storm_index_selected
storm_099_2013071422_20130713,2013-07-13,storm_099_2013071422,2013-07-14T22:30:00Z,-81.0,moderate_storm,dst_threshold_pm1,storm_day_minus_1,primary,storm_index_selected
storm_099_2013071422_20130714,2013-07-14,storm_099_2013071422,2013-07-14T22:30:00Z,-81.0,moderate_storm,dst_threshold_pm1,storm_min_day,primary,storm_index_selected
storm_100_2013071508_20130714,2013-07-14,storm_100_2013071508,2013-07-15T08:30:00Z,-52.0,moderate_storm,dst_threshold_pm1,storm_day_minus_1,primary,storm_index_selected
storm_101_2013071515_20130714,2013-07-14,storm_101_2013071515,2013-07-15T15:30:00Z,-54.0,moderate_storm,dst_threshold_pm1,storm_day_minus_1,primary,storm_index_selected
storm_099_2013071422_20130715,2013-07-15,storm_099_2013071422,2013-07-14T22:30:00Z,-81.0,moderate_storm,dst_threshold_pm1,storm_day_plus_1,primary,storm_index_selected
storm_100_2013071508_20130715,2013-07-15,storm_100_2013071508,2013-07-15T08:30:00Z,-52.0,moderate_storm,dst_threshold_pm1,storm_min_day,primary,storm_index_selected
storm_101_2013071515_20130715,2013-07-15,storm_101_2013071515,2013-07-15T15:30:00Z,-54.0,moderate_storm,dst_threshold_pm1,storm_min_day,primary,storm_index_selected
storm_100_2013071508_20130716,2013-07-16,storm_100_2013071508,2013-07-15T08:30:00Z,-52.0,moderate_storm,dst_threshold_pm1,storm_day_plus_1,primary,storm_index_selected
storm_101_2013071515_20130716,2013-07-16,storm_101_2013071515,2013-07-15T15:30:00Z,-54.0,moderate_storm,dst_threshold_pm1,storm_day_plus_1,primary,storm_index_selected
storm_102_2013080502_20130804,2013-08-04,storm_102_2013080502,2013-08-05T02:30:00Z,-50.0,moderate_storm,dst_threshold_pm1,storm_day_minus_1,primary,storm_index_selected
storm_102_2013080502_20130805,2013-08-05,storm_102_2013080502,2013-08-05T02:30:00Z,-50.0,moderate_storm,dst_threshold_pm1,storm_min_day,primary,storm_index_selected
storm_102_2013080502_20130806,2013-08-06,storm_102_2013080502,2013-08-05T02:30:00Z,-50.0,moderate_storm,dst_threshold_pm1,storm_day_plus_1,primary,storm_index_selected
storm_103_2013082721_20130826,2013-08-26,storm_103_2013082721,2013-08-27T21:30:00Z,-59.0,moderate_storm,dst_threshold_pm1,storm_day_minus_1,primary,storm_index_selected
storm_103_2013082721_20130827,2013-08-27,storm_103_2013082721,2013-08-27T21:30:00Z,-59.0,moderate_storm,dst_threshold_pm1,storm_min_day,primary,storm_index_selected
storm_104_2013082802_20130827,2013-08-27,storm_104_2013082802,2013-08-28T02:30:00Z,-53.0,moderate_storm,dst_threshold_pm1,storm_day_minus_1,primary,storm_index_selected
storm_103_2013082721_20130828,2013-08-28,storm_103_2013082721,2013-08-27T21:30:00Z,-59.0,moderate_storm,dst_threshold_pm1,storm_day_plus_1,primary,storm_index_selected
storm_104_2013082802_20130828,2013-08-28,storm_104_2013082802,2013-08-28T02:30:00Z,-53.0,moderate_storm,dst_threshold_pm1,storm_min_day,primary,storm_index_selected
storm_104_2013082802_20130829,2013-08-29,storm_104_2013082802,2013-08-28T02:30:00Z,-53.0,moderate_storm,dst_threshold_pm1,storm_day_plus_1,primary,storm_index_selected
storm_105_2013100207_20131001,2013-10-01,storm_105_2013100207,2013-10-02T07:30:00Z,-72.0,moderate_storm,dst_threshold_pm1,storm_day_minus_1,primary,storm_index_selected
storm_106_2013100221_20131001,2013-10-01,storm_106_2013100221,2013-10-02T21:30:00Z,-54.0,moderate_storm,dst_threshold_pm1,storm_day_minus_1,primary,storm_index_selected
storm_105_2013100207_20131002,2013-10-02,storm_105_2013100207,2013-10-02T07:30:00Z,-72.0,moderate_storm,dst_threshold_pm1,storm_min_day,primary,storm_index_selected
storm_106_2013100221_20131002,2013-10-02,storm_106_2013100221,2013-10-02T21:30:00Z,-54.0,moderate_storm,dst_threshold_pm1,storm_min_day,primary,storm_index_selected
storm_107_2013100301_20131002,2013-10-02,storm_107_2013100301,2013-10-03T01:30:00Z,-53.0,moderate_storm,dst_threshold_pm1,storm_day_minus_1,primary,storm_index_selected
storm_105_2013100207_20131003,2013-10-03,storm_105_2013100207,2013-10-02T07:30:00Z,-72.0,moderate_storm,dst_threshold_pm1,storm_day_plus_1,primary,storm_index_selected
storm_106_2013100221_20131003,2013-10-03,storm_106_2013100221,2013-10-02T21:30:00Z,-54.0,moderate_storm,dst_threshold_pm1,storm_day_plus_1,primary,storm_index_selected
storm_107_2013100301_20131003,2013-10-03,storm_107_2013100301,2013-10-03T01:30:00Z,-53.0,moderate_storm,dst_threshold_pm1,storm_min_day,primary,storm_index_selected
storm_107_2013100301_20131004,2013-10-04,storm_107_2013100301,2013-10-03T01:30:00Z,-53.0,moderate_storm,dst_threshold_pm1,storm_day_plus_1,primary,storm_index_selected
storm_108_2013100901_20131008,2013-10-08,storm_108_2013100901,2013-10-09T01:30:00Z,-69.0,moderate_storm,dst_threshold_pm1,storm_day_minus_1,primary,storm_index_selected
storm_108_2013100901_20131009,2013-10-09,storm_108_2013100901,2013-10-09T01:30:00Z,-69.0,moderate_storm,dst_threshold_pm1,storm_min_day,primary,storm_index_selected
storm_108_2013100901_20131010,2013-10-10,storm_108_2013100901,2013-10-09T01:30:00Z,-69.0,moderate_storm,dst_threshold_pm1,storm_day_plus_1,primary,storm_index_selected
storm_109_2013103023_20131029,2013-10-29,storm_109_2013103023,2013-10-30T23:30:00Z,-56.0,moderate_storm,dst_threshold_pm1,storm_day_minus_1,primary,storm_index_selected
storm_109_2013103023_20131030,2013-10-30,storm_109_2013103023,2013-10-30T23:30:00Z,-56.0,moderate_storm,dst_threshold_pm1,storm_min_day,primary,storm_index_selected
storm_109_2013103023_20131031,2013-10-31,storm_109_2013103023,2013-10-30T23:30:00Z,-56.0,moderate_storm,dst_threshold_pm1,storm_day_plus_1,primary,storm_index_selected
storm_110_2013110712_20131106,2013-11-06,storm_110_2013110712,2013-11-07T12:30:00Z,-50.0,moderate_storm,dst_threshold_pm1,storm_day_minus_1,primary,storm_index_selected
storm_110_2013110712_20131107,2013-11-07,storm_110_2013110712,2013-11-07T12:30:00Z,-50.0,moderate_storm,dst_threshold_pm1,storm_min_day,primary,storm_index_selected
storm_110_2013110712_20131108,2013-11-08,storm_110_2013110712,2013-11-07T12:30:00Z,-50.0,moderate_storm,dst_threshold_pm1,storm_day_plus_1,primary,storm_index_selected
storm_111_2013110908_20131108,2013-11-08,storm_111_2013110908,2013-11-09T08:30:00Z,-80.0,moderate_storm,dst_threshold_pm1,storm_day_minus_1,primary,storm_index_selected
storm_111_2013110908_20131109,2013-11-09,storm_111_2013110908,2013-11-09T08:30:00Z,-80.0,moderate_storm,dst_threshold_pm1,storm_min_day,primary,storm_index_selected
storm_111_2013110908_20131110,2013-11-10,storm_111_2013110908,2013-11-09T08:30:00Z,-80.0,moderate_storm,dst_threshold_pm1,storm_day_plus_1,primary,storm_index_selected
storm_112_2013111107_20131110,2013-11-10,storm_112_2013111107,2013-11-11T07:30:00Z,-68.0,moderate_storm,dst_threshold_pm1,storm_day_minus_1,primary,storm_index_selected
storm_112_2013111107_20131111,2013-11-11,storm_112_2013111107,2013-11-11T07:30:00Z,-68.0,moderate_storm,dst_threshold_pm1,storm_min_day,primary,storm_index_selected
storm_112_2013111107_20131112,2013-11-12,storm_112_2013111107,2013-11-11T07:30:00Z,-68.0,moderate_storm,dst_threshold_pm1,storm_day_plus_1,primary,storm_index_selected
storm_113_2013120808_20131207,2013-12-07,storm_113_2013120808,2013-12-08T08:30:00Z,-66.0,moderate_storm,dst_threshold_pm1,storm_day_minus_1,primary,storm_index_selected
storm_113_2013120808_20131208,2013-12-08,storm_113_2013120808,2013-12-08T08:30:00Z,-66.0,moderate_storm,dst_threshold_pm1,storm_min_day,primary,storm_index_selected
storm_113_2013120808_20131209,2013-12-09,storm_113_2013120808,2013-12-08T08:30:00Z,-66.0,moderate_storm,dst_threshold_pm1,storm_day_plus_1,primary,storm_index_selected
storm_114_2014021908_20140217,2014-02-17,storm_114_2014021908,2014-02-19T08:30:00Z,-119.0,major_storm,dst_threshold_strong_pm2_p3,storm_day_minus_2,major_subset,storm_index_selected
storm_114_2014021908_20140218,2014-02-18,storm_114_2014021908,2014-02-19T08:30:00Z,-119.0,major_storm,dst_threshold_strong_pm2_p3,storm_day_minus_1,major_subset,storm_index_selected
storm_114_2014021908_20140219,2014-02-19,storm_114_2014021908,2014-02-19T08:30:00Z,-119.0,major_storm,dst_threshold_strong_pm2_p3,storm_min_day,major_subset,storm_index_selected
storm_115_2014022002_20140219,2014-02-19,storm_115_2014022002,2014-02-20T02:30:00Z,-53.0,moderate_storm,dst_threshold_pm1,storm_day_minus_1,primary,storm_index_selected
storm_116_2014022012_20140219,2014-02-19,storm_116_2014022012,2014-02-20T12:30:00Z,-95.0,moderate_storm,dst_threshold_pm1,storm_day_minus_1,primary,storm_index_selected
storm_114_2014021908_20140220,2014-02-20,storm_114_2014021908,2014-02-19T08:30:00Z,-119.0,major_storm,dst_threshold_strong_pm2_p3,storm_day_plus_1,major_subset,storm_index_selected
storm_115_2014022002_20140220,2014-02-20,storm_115_2014022002,2014-02-20T02:30:00Z,-53.0,moderate_storm,dst_threshold_pm1,storm_min_day,primary,storm_index_selected
storm_116_2014022012_20140220,2014-02-20,storm_116_2014022012,2014-02-20T12:30:00Z,-95.0,moderate_storm,dst_threshold_pm1,storm_min_day,primary,storm_index_selected
storm_117_2014022101_20140220,2014-02-20,storm_117_2014022101,2014-02-21T01:30:00Z,-56.0,moderate_storm,dst_threshold_pm1,storm_day_minus_1,primary,storm_index_selected
storm_118_2014022109_20140220,2014-02-20,storm_118_2014022109,2014-02-21T09:30:00Z,-53.0,moderate_storm,dst_threshold_pm1,storm_day_minus_1,primary,storm_index_selected
storm_114_2014021908_20140221,2014-02-21,storm_114_2014021908,2014-02-19T08:30:00Z,-119.0,major_storm,dst_threshold_strong_pm2_p3,storm_day_plus_2,major_subset,storm_index_selected
storm_115_2014022002_20140221,2014-02-21,storm_115_2014022002,2014-02-20T02:30:00Z,-53.0,moderate_storm,dst_threshold_pm1,storm_day_plus_1,primary,storm_index_selected
storm_116_2014022012_20140221,2014-02-21,storm_116_2014022012,2014-02-20T12:30:00Z,-95.0,moderate_storm,dst_threshold_pm1,storm_day_plus_1,primary,storm_index_selected
storm_117_2014022101_20140221,2014-02-21,storm_117_2014022101,2014-02-21T01:30:00Z,-56.0,moderate_storm,dst_threshold_pm1,storm_min_day,primary,storm_index_selected
storm_118_2014022109_20140221,2014-02-21,storm_118_2014022109,2014-02-21T09:30:00Z,-53.0,moderate_storm,dst_threshold_pm1,storm_min_day,primary,storm_index_selected
storm_119_2014022201_20140221,2014-02-21,storm_119_2014022201,2014-02-22T01:30:00Z,-64.0,moderate_storm,dst_threshold_pm1,storm_day_minus_1,primary,storm_index_selected
storm_114_2014021908_20140222,2014-02-22,storm_114_2014021908,2014-02-19T08:30:00Z,-119.0,major_storm,dst_threshold_strong_pm2_p3,storm_day_plus_3,major_subset,storm_index_selected
storm_117_2014022101_20140222,2014-02-22,storm_117_2014022101,2014-02-21T01:30:00Z,-56.0,moderate_storm,dst_threshold_pm1,storm_day_plus_1,primary,storm_index_selected
storm_118_2014022109_20140222,2014-02-22,storm_118_2014022109,2014-02-21T09:30:00Z,-53.0,moderate_storm,dst_threshold_pm1,storm_day_plus_1,primary,storm_index_selected
storm_119_2014022201_20140222,2014-02-22,storm_119_2014022201,2014-02-22T01:30:00Z,-64.0,moderate_storm,dst_threshold_pm1,storm_min_day,primary,storm_index_selected
storm_120_2014022319_20140222,2014-02-22,storm_120_2014022319,2014-02-23T19:30:00Z,-55.0,moderate_storm,dst_threshold_pm1,storm_day_minus_1,primary,storm_index_selected
storm_121_2014022323_20140222,2014-02-22,storm_121_2014022323,2014-02-23T23:30:00Z,-54.0,moderate_storm,dst_threshold_pm1,storm_day_minus_1,primary,storm_index_selected
storm_119_2014022201_20140223,2014-02-23,storm_119_2014022201,2014-02-22T01:30:00Z,-64.0,moderate_storm,dst_threshold_pm1,storm_day_plus_1,primary,storm_index_selected
storm_120_2014022319_20140223,2014-02-23,storm_120_2014022319,2014-02-23T19:30:00Z,-55.0,moderate_storm,dst_threshold_pm1,storm_min_day,primary,storm_index_selected
storm_121_2014022323_20140223,2014-02-23,storm_121_2014022323,2014-02-23T23:30:00Z,-54.0,moderate_storm,dst_threshold_pm1,storm_min_day,primary,storm_index_selected
storm_120_2014022319_20140224,2014-02-24,storm_120_2014022319,2014-02-23T19:30:00Z,-55.0,moderate_storm,dst_threshold_pm1,storm_day_plus_1,primary,storm_index_selected
storm_121_2014022323_20140224,2014-02-24,storm_121_2014022323,2014-02-23T23:30:00Z,-54.0,moderate_storm,dst_threshold_pm1,storm_day_plus_1,primary,storm_index_selected
storm_122_2014022723_20140226,2014-02-26,storm_122_2014022723,2014-02-27T23:30:00Z,-97.0,moderate_storm,dst_threshold_pm1,storm_day_minus_1,primary,storm_index_selected
storm_122_2014022723_20140227,2014-02-27,storm_122_2014022723,2014-02-27T23:30:00Z,-97.0,moderate_storm,dst_threshold_pm1,storm_min_day,primary,storm_index_selected
storm_122_2014022723_20140228,2014-02-28,storm_122_2014022723,2014-02-27T23:30:00Z,-97.0,moderate_storm,dst_threshold_pm1,storm_day_plus_1,primary,storm_index_selected
storm_123_2014030108_20140228,2014-02-28,storm_123_2014030108,2014-03-01T08:30:00Z,-52.0,moderate_storm,dst_threshold_pm1,storm_day_minus_1,primary,storm_index_selected
storm_123_2014030108_20140301,2014-03-01,storm_123_2014030108,2014-03-01T08:30:00Z,-52.0,moderate_storm,dst_threshold_pm1,storm_min_day,primary,storm_index_selected
storm_123_2014030108_20140302,2014-03-02,storm_123_2014030108,2014-03-01T08:30:00Z,-52.0,moderate_storm,dst_threshold_pm1,storm_day_plus_1,primary,storm_index_selected
storm_124_2014041209_20140411,2014-04-11,storm_124_2014041209,2014-04-12T09:30:00Z,-87.0,moderate_storm,dst_threshold_pm1,storm_day_minus_1,primary,storm_index_selected
storm_124_2014041209_20140412,2014-04-12,storm_124_2014041209,2014-04-12T09:30:00Z,-87.0,moderate_storm,dst_threshold_pm1,storm_min_day,primary,storm_index_selected
storm_125_2014041305_20140412,2014-04-12,storm_125_2014041305,2014-04-13T05:30:00Z,-63.0,moderate_storm,dst_threshold_pm1,storm_day_minus_1,primary,storm_index_selected
storm_124_2014041209_20140413,2014-04-13,storm_124_2014041209,2014-04-12T09:30:00Z,-87.0,moderate_storm,dst_threshold_pm1,storm_day_plus_1,primary,storm_index_selected
storm_125_2014041305_20140413,2014-04-13,storm_125_2014041305,2014-04-13T05:30:00Z,-63.0,moderate_storm,dst_threshold_pm1,storm_min_day,primary,storm_index_selected
storm_125_2014041305_20140414,2014-04-14,storm_125_2014041305,2014-04-13T05:30:00Z,-63.0,moderate_storm,dst_threshold_pm1,storm_day_plus_1,primary,storm_index_selected
storm_126_2014043009_20140429,2014-04-29,storm_126_2014043009,2014-04-30T09:30:00Z,-67.0,moderate_storm,dst_threshold_pm1,storm_day_minus_1,primary,storm_index_selected
storm_126_2014043009_20140430,2014-04-30,storm_126_2014043009,2014-04-30T09:30:00Z,-67.0,moderate_storm,dst_threshold_pm1,storm_min_day,primary,storm_index_selected
storm_126_2014043009_20140501,2014-05-01,storm_126_2014043009,2014-04-30T09:30:00Z,-67.0,moderate_storm,dst_threshold_pm1,storm_day_plus_1,primary,storm_index_selected
storm_127_2014082718_20140826,2014-08-26,storm_127_2014082718,2014-08-27T18:30:00Z,-79.0,moderate_storm,dst_threshold_pm1,storm_day_minus_1,primary,storm_index_selected
storm_127_2014082718_20140827,2014-08-27,storm_127_2014082718,2014-08-27T18:30:00Z,-79.0,moderate_storm,dst_threshold_pm1,storm_min_day,primary,storm_index_selected
storm_128_2014082806_20140827,2014-08-27,storm_128_2014082806,2014-08-28T06:30:00Z,-63.0,moderate_storm,dst_threshold_pm1,storm_day_minus_1,primary,storm_index_selected
storm_129_2014082817_20140827,2014-08-27,storm_129_2014082817,2014-08-28T17:30:00Z,-52.0,moderate_storm,dst_threshold_pm1,storm_day_minus_1,primary,storm_index_selected
storm_127_2014082718_20140828,2014-08-28,storm_127_2014082718,2014-08-27T18:30:00Z,-79.0,moderate_storm,dst_threshold_pm1,storm_day_plus_1,primary,storm_index_selected
storm_128_2014082806_20140828,2014-08-28,storm_128_2014082806,2014-08-28T06:30:00Z,-63.0,moderate_storm,dst_threshold_pm1,storm_min_day,primary,storm_index_selected
storm_129_2014082817_20140828,2014-08-28,storm_129_2014082817,2014-08-28T17:30:00Z,-52.0,moderate_storm,dst_threshold_pm1,storm_min_day,primary,storm_index_selected
storm_128_2014082806_20140829,2014-08-29,storm_128_2014082806,2014-08-28T06:30:00Z,-63.0,moderate_storm,dst_threshold_pm1,storm_day_plus_1,primary,storm_index_selected
storm_129_2014082817_20140829,2014-08-29,storm_129_2014082817,2014-08-28T17:30:00Z,-52.0,moderate_storm,dst_threshold_pm1,storm_day_plus_1,primary,storm_index_selected
storm_130_2014091223_20140911,2014-09-11,storm_130_2014091223,2014-09-12T23:30:00Z,-88.0,moderate_storm,dst_threshold_pm1,storm_day_minus_1,primary,storm_index_selected
storm_130_2014091223_20140912,2014-09-12,storm_130_2014091223,2014-09-12T23:30:00Z,-88.0,moderate_storm,dst_threshold_pm1,storm_min_day,primary,storm_index_selected
storm_130_2014091223_20140913,2014-09-13,storm_130_2014091223,2014-09-12T23:30:00Z,-88.0,moderate_storm,dst_threshold_pm1,storm_day_plus_1,primary,storm_index_selected
storm_131_2014100907_20141008,2014-10-08,storm_131_2014100907,2014-10-09T07:30:00Z,-51.0,moderate_storm,dst_threshold_pm1,storm_day_minus_1,primary,storm_index_selected
storm_131_2014100907_20141009,2014-10-09,storm_131_2014100907,2014-10-09T07:30:00Z,-51.0,moderate_storm,dst_threshold_pm1,storm_min_day,primary,storm_index_selected
storm_131_2014100907_20141010,2014-10-10,storm_131_2014100907,2014-10-09T07:30:00Z,-51.0,moderate_storm,dst_threshold_pm1,storm_day_plus_1,primary,storm_index_selected
storm_132_2014102017_20141019,2014-10-19,storm_132_2014102017,2014-10-20T17:30:00Z,-51.0,moderate_storm,dst_threshold_pm1,storm_day_minus_1,primary,storm_index_selected
storm_132_2014102017_20141020,2014-10-20,storm_132_2014102017,2014-10-20T17:30:00Z,-51.0,moderate_storm,dst_threshold_pm1,storm_min_day,primary,storm_index_selected
storm_132_2014102017_20141021,2014-10-21,storm_132_2014102017,2014-10-20T17:30:00Z,-51.0,moderate_storm,dst_threshold_pm1,storm_day_plus_1,primary,storm_index_selected
storm_133_2014102801_20141027,2014-10-27,storm_133_2014102801,2014-10-28T01:30:00Z,-57.0,moderate_storm,dst_threshold_pm1,storm_day_minus_1,primary,storm_index_selected
storm_133_2014102801_20141028,2014-10-28,storm_133_2014102801,2014-10-28T01:30:00Z,-57.0,moderate_storm,dst_threshold_pm1,storm_min_day,primary,storm_index_selected
storm_133_2014102801_20141029,2014-10-29,storm_133_2014102801,2014-10-28T01:30:00Z,-57.0,moderate_storm,dst_threshold_pm1,storm_day_plus_1,primary,storm_index_selected
storm_134_2014111017_20141109,2014-11-09,storm_134_2014111017,2014-11-10T17:30:00Z,-65.0,moderate_storm,dst_threshold_pm1,storm_day_minus_1,primary,storm_index_selected
storm_135_2014111020_20141109,2014-11-09,storm_135_2014111020,2014-11-10T20:30:00Z,-52.0,moderate_storm,dst_threshold_pm1,storm_day_minus_1,primary,storm_index_selected
storm_134_2014111017_20141110,2014-11-10,storm_134_2014111017,2014-11-10T17:30:00Z,-65.0,moderate_storm,dst_threshold_pm1,storm_min_day,primary,storm_index_selected
storm_135_2014111020_20141110,2014-11-10,storm_135_2014111020,2014-11-10T20:30:00Z,-52.0,moderate_storm,dst_threshold_pm1,storm_min_day,primary,storm_index_selected
storm_134_2014111017_20141111,2014-11-11,storm_134_2014111017,2014-11-10T17:30:00Z,-65.0,moderate_storm,dst_threshold_pm1,storm_day_plus_1,primary,storm_index_selected
storm_135_2014111020_20141111,2014-11-11,storm_135_2014111020,2014-11-10T20:30:00Z,-52.0,moderate_storm,dst_threshold_pm1,storm_day_plus_1,primary,storm_index_selected
storm_136_2014111607_20141115,2014-11-15,storm_136_2014111607,2014-11-16T07:30:00Z,-59.0,moderate_storm,dst_threshold_pm1,storm_day_minus_1,primary,storm_index_selected
storm_136_2014111607_20141116,2014-11-16,storm_136_2014111607,2014-11-16T07:30:00Z,-59.0,moderate_storm,dst_threshold_pm1,storm_min_day,primary,storm_index_selected
storm_136_2014111607_20141117,2014-11-17,storm_136_2014111607,2014-11-16T07:30:00Z,-59.0,moderate_storm,dst_threshold_pm1,storm_day_plus_1,primary,storm_index_selected
storm_137_2014121216_20141211,2014-12-11,storm_137_2014121216,2014-12-12T16:30:00Z,-53.0,moderate_storm,dst_threshold_pm1,storm_day_minus_1,primary,storm_index_selected
storm_138_2014121219_20141211,2014-12-11,storm_138_2014121219,2014-12-12T19:30:00Z,-51.0,moderate_storm,dst_threshold_pm1,storm_day_minus_1,primary,storm_index_selected
storm_137_2014121216_20141212,2014-12-12,storm_137_2014121216,2014-12-12T16:30:00Z,-53.0,moderate_storm,dst_threshold_pm1,storm_min_day,primary,storm_index_selected
storm_138_2014121219_20141212,2014-12-12,storm_138_2014121219,2014-12-12T19:30:00Z,-51.0,moderate_storm,dst_threshold_pm1,storm_min_day,primary,storm_index_selected
storm_137_2014121216_20141213,2014-12-13,storm_137_2014121216,2014-12-12T16:30:00Z,-53.0,moderate_storm,dst_threshold_pm1,storm_day_plus_1,primary,storm_index_selected
storm_138_2014121219_20141213,2014-12-13,storm_138_2014121219,2014-12-12T19:30:00Z,-51.0,moderate_storm,dst_threshold_pm1,storm_day_plus_1,primary,storm_index_selected
storm_139_2014122205_20141221,2014-12-21,storm_139_2014122205,2014-12-22T05:30:00Z,-71.0,moderate_storm,dst_threshold_pm1,storm_day_minus_1,primary,storm_index_selected
storm_139_2014122205_20141222,2014-12-22,storm_139_2014122205,2014-12-22T05:30:00Z,-71.0,moderate_storm,dst_threshold_pm1,storm_min_day,primary,storm_index_selected
storm_140_2014122322_20141222,2014-12-22,storm_140_2014122322,2014-12-23T22:30:00Z,-57.0,moderate_storm,dst_threshold_pm1,storm_day_minus_1,primary,storm_index_selected
storm_139_2014122205_20141223,2014-12-23,storm_139_2014122205,2014-12-22T05:30:00Z,-71.0,moderate_storm,dst_threshold_pm1,storm_day_plus_1,primary,storm_index_selected
storm_140_2014122322_20141223,2014-12-23,storm_140_2014122322,2014-12-23T22:30:00Z,-57.0,moderate_storm,dst_threshold_pm1,storm_min_day,primary,storm_index_selected
storm_141_2014122422_20141223,2014-12-23,storm_141_2014122422,2014-12-24T22:30:00Z,-53.0,moderate_storm,dst_threshold_pm1,storm_day_minus_1,primary,storm_index_selected
storm_140_2014122322_20141224,2014-12-24,storm_140_2014122322,2014-12-23T22:30:00Z,-57.0,moderate_storm,dst_threshold_pm1,storm_day_plus_1,primary,storm_index_selected
storm_141_2014122422_20141224,2014-12-24,storm_141_2014122422,2014-12-24T22:30:00Z,-53.0,moderate_storm,dst_threshold_pm1,storm_min_day,primary,storm_index_selected
storm_141_2014122422_20141225,2014-12-25,storm_141_2014122422,2014-12-24T22:30:00Z,-53.0,moderate_storm,dst_threshold_pm1,storm_day_plus_1,primary,storm_index_selected
storm_142_2014122601_20141225,2014-12-25,storm_142_2014122601,2014-12-26T01:30:00Z,-57.0,moderate_storm,dst_threshold_pm1,storm_day_minus_1,primary,storm_index_selected
storm_142_2014122601_20141226,2014-12-26,storm_142_2014122601,2014-12-26T01:30:00Z,-57.0,moderate_storm,dst_threshold_pm1,storm_min_day,primary,storm_index_selected
storm_142_2014122601_20141227,2014-12-27,storm_142_2014122601,2014-12-26T01:30:00Z,-57.0,moderate_storm,dst_threshold_pm1,storm_day_plus_1,primary,storm_index_selected
storm_143_2015010421_20150103,2015-01-03,storm_143_2015010421,2015-01-04T21:30:00Z,-78.0,moderate_storm,dst_threshold_pm1,storm_day_minus_1,primary,storm_index_selected
storm_143_2015010421_20150104,2015-01-04,storm_143_2015010421,2015-01-04T21:30:00Z,-78.0,moderate_storm,dst_threshold_pm1,storm_min_day,primary,storm_index_selected
storm_144_2015010506_20150104,2015-01-04,storm_144_2015010506,2015-01-05T06:30:00Z,-55.0,moderate_storm,dst_threshold_pm1,storm_day_minus_1,primary,storm_index_selected
storm_143_2015010421_20150105,2015-01-05,storm_143_2015010421,2015-01-04T21:30:00Z,-78.0,moderate_storm,dst_threshold_pm1,storm_day_plus_1,primary,storm_index_selected
storm_144_2015010506_20150105,2015-01-05,storm_144_2015010506,2015-01-05T06:30:00Z,-55.0,moderate_storm,dst_threshold_pm1,storm_min_day,primary,storm_index_selected
storm_145_2015010711_20150105,2015-01-05,storm_145_2015010711,2015-01-07T11:30:00Z,-107.0,major_storm,dst_threshold_strong_pm2_p3,storm_day_minus_2,major_subset,storm_index_selected
storm_144_2015010506_20150106,2015-01-06,storm_144_2015010506,2015-01-05T06:30:00Z,-55.0,moderate_storm,dst_threshold_pm1,storm_day_plus_1,primary,storm_index_selected
storm_145_2015010711_20150106,2015-01-06,storm_145_2015010711,2015-01-07T11:30:00Z,-107.0,major_storm,dst_threshold_strong_pm2_p3,storm_day_minus_1,major_subset,storm_index_selected
storm_145_2015010711_20150107,2015-01-07,storm_145_2015010711,2015-01-07T11:30:00Z,-107.0,major_storm,dst_threshold_strong_pm2_p3,storm_min_day,major_subset,storm_index_selected
storm_146_2015010801_20150107,2015-01-07,storm_146_2015010801,2015-01-08T01:30:00Z,-58.0,moderate_storm,dst_threshold_pm1,storm_day_minus_1,primary,storm_index_selected
storm_147_2015010808_20150107,2015-01-07,storm_147_2015010808,2015-01-08T08:30:00Z,-57.0,moderate_storm,dst_threshold_pm1,storm_day_minus_1,primary,storm_index_selected
storm_145_2015010711_20150108,2015-01-08,storm_145_2015010711,2015-01-07T11:30:00Z,-107.0,major_storm,dst_threshold_strong_pm2_p3,storm_day_plus_1,major_subset,storm_index_selected
storm_146_2015010801_20150108,2015-01-08,storm_146_2015010801,2015-01-08T01:30:00Z,-58.0,moderate_storm,dst_threshold_pm1,storm_min_day,primary,storm_index_selected
storm_147_2015010808_20150108,2015-01-08,storm_147_2015010808,2015-01-08T08:30:00Z,-57.0,moderate_storm,dst_threshold_pm1,storm_min_day,primary,storm_index_selected
storm_145_2015010711_20150109,2015-01-09,storm_145_2015010711,2015-01-07T11:30:00Z,-107.0,major_storm,dst_threshold_strong_pm2_p3,storm_day_plus_2,major_subset,storm_index_selected
storm_146_2015010801_20150109,2015-01-09,storm_146_2015010801,2015-01-08T01:30:00Z,-58.0,moderate_storm,dst_threshold_pm1,storm_day_plus_1,primary,storm_index_selected
storm_147_2015010808_20150109,2015-01-09,storm_147_2015010808,2015-01-08T08:30:00Z,-57.0,moderate_storm,dst_threshold_pm1,storm_day_plus_1,primary,storm_index_selected
storm_145_2015010711_20150110,2015-01-10,storm_145_2015010711,2015-01-07T11:30:00Z,-107.0,major_storm,dst_threshold_strong_pm2_p3,storm_day_plus_3,major_subset,storm_index_selected
storm_148_2015020206_20150201,2015-02-01,storm_148_2015020206,2015-02-02T06:30:00Z,-55.0,moderate_storm,dst_threshold_pm1,storm_day_minus_1,primary,storm_index_selected
storm_148_2015020206_20150202,2015-02-02,storm_148_2015020206,2015-02-02T06:30:00Z,-55.0,moderate_storm,dst_threshold_pm1,storm_min_day,primary,storm_index_selected
storm_148_2015020206_20150203,2015-02-03,storm_148_2015020206,2015-02-02T06:30:00Z,-55.0,moderate_storm,dst_threshold_pm1,storm_day_plus_1,primary,storm_index_selected
storm_149_2015021800_20150217,2015-02-17,storm_149_2015021800,2015-02-18T00:30:00Z,-69.0,moderate_storm,dst_threshold_pm1,storm_day_minus_1,primary,storm_index_selected
storm_149_2015021800_20150218,2015-02-18,storm_149_2015021800,2015-02-18T00:30:00Z,-69.0,moderate_storm,dst_threshold_pm1,storm_min_day,primary,storm_index_selected
storm_149_2015021800_20150219,2015-02-19,storm_149_2015021800,2015-02-18T00:30:00Z,-69.0,moderate_storm,dst_threshold_pm1,storm_day_plus_1,primary,storm_index_selected
storm_150_2015022407_20150223,2015-02-23,storm_150_2015022407,2015-02-24T07:30:00Z,-58.0,moderate_storm,dst_threshold_pm1,storm_day_minus_1,primary,storm_index_selected
storm_150_2015022407_20150224,2015-02-24,storm_150_2015022407,2015-02-24T07:30:00Z,-58.0,moderate_storm,dst_threshold_pm1,storm_min_day,primary,storm_index_selected
storm_150_2015022407_20150225,2015-02-25,storm_150_2015022407,2015-02-24T07:30:00Z,-58.0,moderate_storm,dst_threshold_pm1,storm_day_plus_1,primary,storm_index_selected
storm_151_2015030108_20150228,2015-02-28,storm_151_2015030108,2015-03-01T08:30:00Z,-56.0,moderate_storm,dst_threshold_pm1,storm_day_minus_1,primary,storm_index_selected
storm_151_2015030108_20150301,2015-03-01,storm_151_2015030108,2015-03-01T08:30:00Z,-56.0,moderate_storm,dst_threshold_pm1,storm_min_day,primary,storm_index_selected
storm_152_2015030208_20150301,2015-03-01,storm_152_2015030208,2015-03-02T08:30:00Z,-64.0,moderate_storm,dst_threshold_pm1,storm_day_minus_1,primary,storm_index_selected
storm_151_2015030108_20150302,2015-03-02,storm_151_2015030108,2015-03-01T08:30:00Z,-56.0,moderate_storm,dst_threshold_pm1,storm_day_plus_1,primary,storm_index_selected
storm_152_2015030208_20150302,2015-03-02,storm_152_2015030208,2015-03-02T08:30:00Z,-64.0,moderate_storm,dst_threshold_pm1,storm_min_day,primary,storm_index_selected
storm_152_2015030208_20150303,2015-03-03,storm_152_2015030208,2015-03-02T08:30:00Z,-64.0,moderate_storm,dst_threshold_pm1,storm_day_plus_1,primary,storm_index_selected
storm_153_2015031722_20150315,2015-03-15,storm_153_2015031722,2015-03-17T22:30:00Z,-234.0,super_storm,dst_threshold_strong_pm2_p3,storm_day_minus_2,super_storm_subset,storm_index_selected
storm_153_2015031722_20150316,2015-03-16,storm_153_2015031722,2015-03-17T22:30:00Z,-234.0,super_storm,dst_threshold_strong_pm2_p3,storm_day_minus_1,super_storm_subset,storm_index_selected
storm_153_2015031722_20150317,2015-03-17,storm_153_2015031722,2015-03-17T22:30:00Z,-234.0,super_storm,dst_threshold_strong_pm2_p3,storm_min_day,super_storm_subset,storm_index_selected
storm_153_2015031722_20150318,2015-03-18,storm_153_2015031722,2015-03-17T22:30:00Z,-234.0,super_storm,dst_threshold_strong_pm2_p3,storm_day_plus_1,super_storm_subset,storm_index_selected
storm_153_2015031722_20150319,2015-03-19,storm_153_2015031722,2015-03-17T22:30:00Z,-234.0,super_storm,dst_threshold_strong_pm2_p3,storm_day_plus_2,super_storm_subset,storm_index_selected
storm_153_2015031722_20150320,2015-03-20,storm_153_2015031722,2015-03-17T22:30:00Z,-234.0,super_storm,dst_threshold_strong_pm2_p3,storm_day_plus_3,super_storm_subset,storm_index_selected
storm_154_2015032110_20150320,2015-03-20,storm_154_2015032110,2015-03-21T10:30:00Z,-50.0,moderate_storm,dst_threshold_pm1,storm_day_minus_1,primary,storm_index_selected
storm_154_2015032110_20150321,2015-03-21,storm_154_2015032110,2015-03-21T10:30:00Z,-50.0,moderate_storm,dst_threshold_pm1,storm_min_day,primary,storm_index_selected
storm_155_2015032207_20150321,2015-03-21,storm_155_2015032207,2015-03-22T07:30:00Z,-56.0,moderate_storm,dst_threshold_pm1,storm_day_minus_1,primary,storm_index_selected
storm_156_2015032214_20150321,2015-03-21,storm_156_2015032214,2015-03-22T14:30:00Z,-55.0,moderate_storm,dst_threshold_pm1,storm_day_minus_1,primary,storm_index_selected
storm_157_2015032218_20150321,2015-03-21,storm_157_2015032218,2015-03-22T18:30:00Z,-54.0,moderate_storm,dst_threshold_pm1,storm_day_minus_1,primary,storm_index_selected
storm_154_2015032110_20150322,2015-03-22,storm_154_2015032110,2015-03-21T10:30:00Z,-50.0,moderate_storm,dst_threshold_pm1,storm_day_plus_1,primary,storm_index_selected
storm_155_2015032207_20150322,2015-03-22,storm_155_2015032207,2015-03-22T07:30:00Z,-56.0,moderate_storm,dst_threshold_pm1,storm_min_day,primary,storm_index_selected
storm_156_2015032214_20150322,2015-03-22,storm_156_2015032214,2015-03-22T14:30:00Z,-55.0,moderate_storm,dst_threshold_pm1,storm_min_day,primary,storm_index_selected
storm_157_2015032218_20150322,2015-03-22,storm_157_2015032218,2015-03-22T18:30:00Z,-54.0,moderate_storm,dst_threshold_pm1,storm_min_day,primary,storm_index_selected
storm_158_2015032304_20150322,2015-03-22,storm_158_2015032304,2015-03-23T04:30:00Z,-50.0,moderate_storm,dst_threshold_pm1,storm_day_minus_1,primary,storm_index_selected
storm_159_2015032321_20150322,2015-03-22,storm_159_2015032321,2015-03-23T21:30:00Z,-50.0,moderate_storm,dst_threshold_pm1,storm_day_minus_1,primary,storm_index_selected
storm_155_2015032207_20150323,2015-03-23,storm_155_2015032207,2015-03-22T07:30:00Z,-56.0,moderate_storm,dst_threshold_pm1,storm_day_plus_1,primary,storm_index_selected
storm_156_2015032214_20150323,2015-03-23,storm_156_2015032214,2015-03-22T14:30:00Z,-55.0,moderate_storm,dst_threshold_pm1,storm_day_plus_1,primary,storm_index_selected
storm_157_2015032218_20150323,2015-03-23,storm_157_2015032218,2015-03-22T18:30:00Z,-54.0,moderate_storm,dst_threshold_pm1,storm_day_plus_1,primary,storm_index_selected
storm_158_2015032304_20150323,2015-03-23,storm_158_2015032304,2015-03-23T04:30:00Z,-50.0,moderate_storm,dst_threshold_pm1,storm_min_day,primary,storm_index_selected
storm_159_2015032321_20150323,2015-03-23,storm_159_2015032321,2015-03-23T21:30:00Z,-50.0,moderate_storm,dst_threshold_pm1,storm_min_day,primary,storm_index_selected
storm_158_2015032304_20150324,2015-03-24,storm_158_2015032304,2015-03-23T04:30:00Z,-50.0,moderate_storm,dst_threshold_pm1,storm_day_plus_1,primary,storm_index_selected
storm_159_2015032321_20150324,2015-03-24,storm_159_2015032321,2015-03-23T21:30:00Z,-50.0,moderate_storm,dst_threshold_pm1,storm_day_plus_1,primary,storm_index_selected
storm_160_2015041004_20150409,2015-04-09,storm_160_2015041004,2015-04-10T04:30:00Z,-60.0,moderate_storm,dst_threshold_pm1,storm_day_minus_1,primary,storm_index_selected
storm_161_2015041009_20150409,2015-04-09,storm_161_2015041009,2015-04-10T09:30:00Z,-55.0,moderate_storm,dst_threshold_pm1,storm_day_minus_1,primary,storm_index_selected
storm_160_2015041004_20150410,2015-04-10,storm_160_2015041004,2015-04-10T04:30:00Z,-60.0,moderate_storm,dst_threshold_pm1,storm_min_day,primary,storm_index_selected
storm_161_2015041009_20150410,2015-04-10,storm_161_2015041009,2015-04-10T09:30:00Z,-55.0,moderate_storm,dst_threshold_pm1,storm_min_day,primary,storm_index_selected
storm_162_2015041109_20150410,2015-04-10,storm_162_2015041109,2015-04-11T09:30:00Z,-85.0,moderate_storm,dst_threshold_pm1,storm_day_minus_1,primary,storm_index_selected
storm_160_2015041004_20150411,2015-04-11,storm_160_2015041004,2015-04-10T04:30:00Z,-60.0,moderate_storm,dst_threshold_pm1,storm_day_plus_1,primary,storm_index_selected
storm_161_2015041009_20150411,2015-04-11,storm_161_2015041009,2015-04-10T09:30:00Z,-55.0,moderate_storm,dst_threshold_pm1,storm_day_plus_1,primary,storm_index_selected
storm_162_2015041109_20150411,2015-04-11,storm_162_2015041109,2015-04-11T09:30:00Z,-85.0,moderate_storm,dst_threshold_pm1,storm_min_day,primary,storm_index_selected
storm_162_2015041109_20150412,2015-04-12,storm_162_2015041109,2015-04-11T09:30:00Z,-85.0,moderate_storm,dst_threshold_pm1,storm_day_plus_1,primary,storm_index_selected
storm_163_2015041511_20150414,2015-04-14,storm_163_2015041511,2015-04-15T11:30:00Z,-52.0,moderate_storm,dst_threshold_pm1,storm_day_minus_1,primary,storm_index_selected
storm_164_2015041520_20150414,2015-04-14,storm_164_2015041520,2015-04-15T20:30:00Z,-65.0,moderate_storm,dst_threshold_pm1,storm_day_minus_1,primary,storm_index_selected
storm_163_2015041511_20150415,2015-04-15,storm_163_2015041511,2015-04-15T11:30:00Z,-52.0,moderate_storm,dst_threshold_pm1,storm_min_day,primary,storm_index_selected
storm_164_2015041520_20150415,2015-04-15,storm_164_2015041520,2015-04-15T20:30:00Z,-65.0,moderate_storm,dst_threshold_pm1,storm_min_day,primary,storm_index_selected
storm_165_2015041607_20150415,2015-04-15,storm_165_2015041607,2015-04-16T07:30:00Z,-81.0,moderate_storm,dst_threshold_pm1,storm_day_minus_1,primary,storm_index_selected
storm_166_2015041623_20150415,2015-04-15,storm_166_2015041623,2015-04-16T23:30:00Z,-88.0,moderate_storm,dst_threshold_pm1,storm_day_minus_1,primary,storm_index_selected
storm_163_2015041511_20150416,2015-04-16,storm_163_2015041511,2015-04-15T11:30:00Z,-52.0,moderate_storm,dst_threshold_pm1,storm_day_plus_1,primary,storm_index_selected
storm_164_2015041520_20150416,2015-04-16,storm_164_2015041520,2015-04-15T20:30:00Z,-65.0,moderate_storm,dst_threshold_pm1,storm_day_plus_1,primary,storm_index_selected
storm_165_2015041607_20150416,2015-04-16,storm_165_2015041607,2015-04-16T07:30:00Z,-81.0,moderate_storm,dst_threshold_pm1,storm_min_day,primary,storm_index_selected
storm_166_2015041623_20150416,2015-04-16,storm_166_2015041623,2015-04-16T23:30:00Z,-88.0,moderate_storm,dst_threshold_pm1,storm_min_day,primary,storm_index_selected
storm_167_2015041715_20150416,2015-04-16,storm_167_2015041715,2015-04-17T15:30:00Z,-50.0,moderate_storm,dst_threshold_pm1,storm_day_minus_1,primary,storm_index_selected
storm_168_2015041719_20150416,2015-04-16,storm_168_2015041719,2015-04-17T19:30:00Z,-50.0,moderate_storm,dst_threshold_pm1,storm_day_minus_1,primary,storm_index_selected
storm_165_2015041607_20150417,2015-04-17,storm_165_2015041607,2015-04-16T07:30:00Z,-81.0,moderate_storm,dst_threshold_pm1,storm_day_plus_1,primary,storm_index_selected
storm_166_2015041623_20150417,2015-04-17,storm_166_2015041623,2015-04-16T23:30:00Z,-88.0,moderate_storm,dst_threshold_pm1,storm_day_plus_1,primary,storm_index_selected
storm_167_2015041715_20150417,2015-04-17,storm_167_2015041715,2015-04-17T15:30:00Z,-50.0,moderate_storm,dst_threshold_pm1,storm_min_day,primary,storm_index_selected
storm_168_2015041719_20150417,2015-04-17,storm_168_2015041719,2015-04-17T19:30:00Z,-50.0,moderate_storm,dst_threshold_pm1,storm_min_day,primary,storm_index_selected
storm_167_2015041715_20150418,2015-04-18,storm_167_2015041715,2015-04-17T15:30:00Z,-50.0,moderate_storm,dst_threshold_pm1,storm_day_plus_1,primary,storm_index_selected
storm_168_2015041719_20150418,2015-04-18,storm_168_2015041719,2015-04-17T19:30:00Z,-50.0,moderate_storm,dst_threshold_pm1,storm_day_plus_1,primary,storm_index_selected
storm_169_2015051104_20150510,2015-05-10,storm_169_2015051104,2015-05-11T04:30:00Z,-57.0,moderate_storm,dst_threshold_pm1,storm_day_minus_1,primary,storm_index_selected
storm_169_2015051104_20150511,2015-05-11,storm_169_2015051104,2015-05-11T04:30:00Z,-57.0,moderate_storm,dst_threshold_pm1,storm_min_day,primary,storm_index_selected
storm_170_2015051218_20150511,2015-05-11,storm_170_2015051218,2015-05-12T18:30:00Z,-51.0,moderate_storm,dst_threshold_pm1,storm_day_minus_1,primary,storm_index_selected
storm_169_2015051104_20150512,2015-05-12,storm_169_2015051104,2015-05-11T04:30:00Z,-57.0,moderate_storm,dst_threshold_pm1,storm_day_plus_1,primary,storm_index_selected
storm_170_2015051218_20150512,2015-05-12,storm_170_2015051218,2015-05-12T18:30:00Z,-51.0,moderate_storm,dst_threshold_pm1,storm_min_day,primary,storm_index_selected
storm_171_2015051306_20150512,2015-05-12,storm_171_2015051306,2015-05-13T06:30:00Z,-82.0,moderate_storm,dst_threshold_pm1,storm_day_minus_1,primary,storm_index_selected
storm_170_2015051218_20150513,2015-05-13,storm_170_2015051218,2015-05-12T18:30:00Z,-51.0,moderate_storm,dst_threshold_pm1,storm_day_plus_1,primary,storm_index_selected
storm_171_2015051306_20150513,2015-05-13,storm_171_2015051306,2015-05-13T06:30:00Z,-82.0,moderate_storm,dst_threshold_pm1,storm_min_day,primary,storm_index_selected
storm_171_2015051306_20150514,2015-05-14,storm_171_2015051306,2015-05-13T06:30:00Z,-82.0,moderate_storm,dst_threshold_pm1,storm_day_plus_1,primary,storm_index_selected
storm_172_2015060808_20150607,2015-06-07,storm_172_2015060808,2015-06-08T08:30:00Z,-67.0,moderate_storm,dst_threshold_pm1,storm_day_minus_1,primary,storm_index_selected
storm_173_2015060813_20150607,2015-06-07,storm_173_2015060813,2015-06-08T13:30:00Z,-63.0,moderate_storm,dst_threshold_pm1,storm_day_minus_1,primary,storm_index_selected
storm_172_2015060808_20150608,2015-06-08,storm_172_2015060808,2015-06-08T08:30:00Z,-67.0,moderate_storm,dst_threshold_pm1,storm_min_day,primary,storm_index_selected
storm_173_2015060813_20150608,2015-06-08,storm_173_2015060813,2015-06-08T13:30:00Z,-63.0,moderate_storm,dst_threshold_pm1,storm_min_day,primary,storm_index_selected
storm_172_2015060808_20150609,2015-06-09,storm_172_2015060808,2015-06-08T08:30:00Z,-67.0,moderate_storm,dst_threshold_pm1,storm_day_plus_1,primary,storm_index_selected
storm_173_2015060813_20150609,2015-06-09,storm_173_2015060813,2015-06-08T13:30:00Z,-63.0,moderate_storm,dst_threshold_pm1,storm_day_plus_1,primary,storm_index_selected
storm_174_2015062304_20150621,2015-06-21,storm_174_2015062304,2015-06-23T04:30:00Z,-198.0,major_storm,dst_threshold_strong_pm2_p3,storm_day_minus_2,major_subset,storm_index_selected
storm_174_2015062304_20150622,2015-06-22,storm_174_2015062304,2015-06-23T04:30:00Z,-198.0,major_storm,dst_threshold_strong_pm2_p3,storm_day_minus_1,major_subset,storm_index_selected
storm_174_2015062304_20150623,2015-06-23,storm_174_2015062304,2015-06-23T04:30:00Z,-198.0,major_storm,dst_threshold_strong_pm2_p3,storm_min_day,major_subset,storm_index_selected
storm_175_2015062417_20150623,2015-06-23,storm_175_2015062417,2015-06-24T17:30:00Z,-50.0,moderate_storm,dst_threshold_pm1,storm_day_minus_1,primary,storm_index_selected
storm_176_2015062423_20150623,2015-06-23,storm_176_2015062423,2015-06-24T23:30:00Z,-54.0,moderate_storm,dst_threshold_pm1,storm_day_minus_1,primary,storm_index_selected
storm_174_2015062304_20150624,2015-06-24,storm_174_2015062304,2015-06-23T04:30:00Z,-198.0,major_storm,dst_threshold_strong_pm2_p3,storm_day_plus_1,major_subset,storm_index_selected
storm_175_2015062417_20150624,2015-06-24,storm_175_2015062417,2015-06-24T17:30:00Z,-50.0,moderate_storm,dst_threshold_pm1,storm_min_day,primary,storm_index_selected
storm_176_2015062423_20150624,2015-06-24,storm_176_2015062423,2015-06-24T23:30:00Z,-54.0,moderate_storm,dst_threshold_pm1,storm_min_day,primary,storm_index_selected
storm_177_2015062516_20150624,2015-06-24,storm_177_2015062516,2015-06-25T16:30:00Z,-81.0,moderate_storm,dst_threshold_pm1,storm_day_minus_1,primary,storm_index_selected
storm_174_2015062304_20150625,2015-06-25,storm_174_2015062304,2015-06-23T04:30:00Z,-198.0,major_storm,dst_threshold_strong_pm2_p3,storm_day_plus_2,major_subset,storm_index_selected
storm_175_2015062417_20150625,2015-06-25,storm_175_2015062417,2015-06-24T17:30:00Z,-50.0,moderate_storm,dst_threshold_pm1,storm_day_plus_1,primary,storm_index_selected
storm_176_2015062423_20150625,2015-06-25,storm_176_2015062423,2015-06-24T23:30:00Z,-54.0,moderate_storm,dst_threshold_pm1,storm_day_plus_1,primary,storm_index_selected
storm_177_2015062516_20150625,2015-06-25,storm_177_2015062516,2015-06-25T16:30:00Z,-81.0,moderate_storm,dst_threshold_pm1,storm_min_day,primary,storm_index_selected
storm_178_2015062617_20150625,2015-06-25,storm_178_2015062617,2015-06-26T17:30:00Z,-51.0,moderate_storm,dst_threshold_pm1,storm_day_minus_1,primary,storm_index_selected
storm_174_2015062304_20150626,2015-06-26,storm_174_2015062304,2015-06-23T04:30:00Z,-198.0,major_storm,dst_threshold_strong_pm2_p3,storm_day_plus_3,major_subset,storm_index_selected
storm_177_2015062516_20150626,2015-06-26,storm_177_2015062516,2015-06-25T16:30:00Z,-81.0,moderate_storm,dst_threshold_pm1,storm_day_plus_1,primary,storm_index_selected
storm_178_2015062617_20150626,2015-06-26,storm_178_2015062617,2015-06-26T17:30:00Z,-51.0,moderate_storm,dst_threshold_pm1,storm_min_day,primary,storm_index_selected
storm_178_2015062617_20150627,2015-06-27,storm_178_2015062617,2015-06-26T17:30:00Z,-51.0,moderate_storm,dst_threshold_pm1,storm_day_plus_1,primary,storm_index_selected
storm_179_2015070505_20150704,2015-07-04,storm_179_2015070505,2015-07-05T05:30:00Z,-74.0,moderate_storm,dst_threshold_pm1,storm_day_minus_1,primary,storm_index_selected
storm_180_2015070514_20150704,2015-07-04,storm_180_2015070514,2015-07-05T14:30:00Z,-56.0,moderate_storm,dst_threshold_pm1,storm_day_minus_1,primary,storm_index_selected
storm_179_2015070505_20150705,2015-07-05,storm_179_2015070505,2015-07-05T05:30:00Z,-74.0,moderate_storm,dst_threshold_pm1,storm_min_day,primary,storm_index_selected
storm_180_2015070514_20150705,2015-07-05,storm_180_2015070514,2015-07-05T14:30:00Z,-56.0,moderate_storm,dst_threshold_pm1,storm_min_day,primary,storm_index_selected
storm_181_2015070602_20150705,2015-07-05,storm_181_2015070602,2015-07-06T02:30:00Z,-54.0,moderate_storm,dst_threshold_pm1,storm_day_minus_1,primary,storm_index_selected
storm_179_2015070505_20150706,2015-07-06,storm_179_2015070505,2015-07-05T05:30:00Z,-74.0,moderate_storm,dst_threshold_pm1,storm_day_plus_1,primary,storm_index_selected
storm_180_2015070514_20150706,2015-07-06,storm_180_2015070514,2015-07-05T14:30:00Z,-56.0,moderate_storm,dst_threshold_pm1,storm_day_plus_1,primary,storm_index_selected
storm_181_2015070602_20150706,2015-07-06,storm_181_2015070602,2015-07-06T02:30:00Z,-54.0,moderate_storm,dst_threshold_pm1,storm_min_day,primary,storm_index_selected
storm_181_2015070602_20150707,2015-07-07,storm_181_2015070602,2015-07-06T02:30:00Z,-54.0,moderate_storm,dst_threshold_pm1,storm_day_plus_1,primary,storm_index_selected
storm_182_2015071315_20150712,2015-07-12,storm_182_2015071315,2015-07-13T15:30:00Z,-68.0,moderate_storm,dst_threshold_pm1,storm_day_minus_1,primary,storm_index_selected
storm_182_2015071315_20150713,2015-07-13,storm_182_2015071315,2015-07-13T15:30:00Z,-68.0,moderate_storm,dst_threshold_pm1,storm_min_day,primary,storm_index_selected
storm_182_2015071315_20150714,2015-07-14,storm_182_2015071315,2015-07-13T15:30:00Z,-68.0,moderate_storm,dst_threshold_pm1,storm_day_plus_1,primary,storm_index_selected
storm_183_2015072308_20150722,2015-07-22,storm_183_2015072308,2015-07-23T08:30:00Z,-72.0,moderate_storm,dst_threshold_pm1,storm_day_minus_1,primary,storm_index_selected
storm_184_2015072323_20150722,2015-07-22,storm_184_2015072323,2015-07-23T23:30:00Z,-50.0,moderate_storm,dst_threshold_pm1,storm_day_minus_1,primary,storm_index_selected
storm_183_2015072308_20150723,2015-07-23,storm_183_2015072308,2015-07-23T08:30:00Z,-72.0,moderate_storm,dst_threshold_pm1,storm_min_day,primary,storm_index_selected
storm_184_2015072323_20150723,2015-07-23,storm_184_2015072323,2015-07-23T23:30:00Z,-50.0,moderate_storm,dst_threshold_pm1,storm_min_day,primary,storm_index_selected
storm_183_2015072308_20150724,2015-07-24,storm_183_2015072308,2015-07-23T08:30:00Z,-72.0,moderate_storm,dst_threshold_pm1,storm_day_plus_1,primary,storm_index_selected
storm_184_2015072323_20150724,2015-07-24,storm_184_2015072323,2015-07-23T23:30:00Z,-50.0,moderate_storm,dst_threshold_pm1,storm_day_plus_1,primary,storm_index_selected
storm_185_2015081607_20150815,2015-08-15,storm_185_2015081607,2015-08-16T07:30:00Z,-98.0,moderate_storm,dst_threshold_pm1,storm_day_minus_1,primary,storm_index_selected
storm_186_2015081621_20150815,2015-08-15,storm_186_2015081621,2015-08-16T21:30:00Z,-54.0,moderate_storm,dst_threshold_pm1,storm_day_minus_1,primary,storm_index_selected
storm_185_2015081607_20150816,2015-08-16,storm_185_2015081607,2015-08-16T07:30:00Z,-98.0,moderate_storm,dst_threshold_pm1,storm_min_day,primary,storm_index_selected
storm_186_2015081621_20150816,2015-08-16,storm_186_2015081621,2015-08-16T21:30:00Z,-54.0,moderate_storm,dst_threshold_pm1,storm_min_day,primary,storm_index_selected
storm_187_2015081707_20150816,2015-08-16,storm_187_2015081707,2015-08-17T07:30:00Z,-52.0,moderate_storm,dst_threshold_pm1,storm_day_minus_1,primary,storm_index_selected
storm_188_2015081716_20150816,2015-08-16,storm_188_2015081716,2015-08-17T16:30:00Z,-50.0,moderate_storm,dst_threshold_pm1,storm_day_minus_1,primary,storm_index_selected
storm_185_2015081607_20150817,2015-08-17,storm_185_2015081607,2015-08-16T07:30:00Z,-98.0,moderate_storm,dst_threshold_pm1,storm_day_plus_1,primary,storm_index_selected
storm_186_2015081621_20150817,2015-08-17,storm_186_2015081621,2015-08-16T21:30:00Z,-54.0,moderate_storm,dst_threshold_pm1,storm_day_plus_1,primary,storm_index_selected
storm_187_2015081707_20150817,2015-08-17,storm_187_2015081707,2015-08-17T07:30:00Z,-52.0,moderate_storm,dst_threshold_pm1,storm_min_day,primary,storm_index_selected
storm_188_2015081716_20150817,2015-08-17,storm_188_2015081716,2015-08-17T16:30:00Z,-50.0,moderate_storm,dst_threshold_pm1,storm_min_day,primary,storm_index_selected
storm_187_2015081707_20150818,2015-08-18,storm_187_2015081707,2015-08-17T07:30:00Z,-52.0,moderate_storm,dst_threshold_pm1,storm_day_plus_1,primary,storm_index_selected
storm_188_2015081716_20150818,2015-08-18,storm_188_2015081716,2015-08-17T16:30:00Z,-50.0,moderate_storm,dst_threshold_pm1,storm_day_plus_1,primary,storm_index_selected
storm_189_2015081906_20150818,2015-08-18,storm_189_2015081906,2015-08-19T06:30:00Z,-64.0,moderate_storm,dst_threshold_pm1,storm_day_minus_1,primary,storm_index_selected
storm_189_2015081906_20150819,2015-08-19,storm_189_2015081906,2015-08-19T06:30:00Z,-64.0,moderate_storm,dst_threshold_pm1,storm_min_day,primary,storm_index_selected
storm_189_2015081906_20150820,2015-08-20,storm_189_2015081906,2015-08-19T06:30:00Z,-64.0,moderate_storm,dst_threshold_pm1,storm_day_plus_1,primary,storm_index_selected
storm_190_2015082308_20150822,2015-08-22,storm_190_2015082308,2015-08-23T08:30:00Z,-57.0,moderate_storm,dst_threshold_pm1,storm_day_minus_1,primary,storm_index_selected
storm_190_2015082308_20150823,2015-08-23,storm_190_2015082308,2015-08-23T08:30:00Z,-57.0,moderate_storm,dst_threshold_pm1,storm_min_day,primary,storm_index_selected
storm_190_2015082308_20150824,2015-08-24,storm_190_2015082308,2015-08-23T08:30:00Z,-57.0,moderate_storm,dst_threshold_pm1,storm_day_plus_1,primary,storm_index_selected
storm_191_2015082609_20150825,2015-08-25,storm_191_2015082609,2015-08-26T09:30:00Z,-51.0,moderate_storm,dst_threshold_pm1,storm_day_minus_1,primary,storm_index_selected
storm_192_2015082720_20150825,2015-08-25,storm_192_2015082720,2015-08-27T20:30:00Z,-103.0,major_storm,dst_threshold_strong_pm2_p3,storm_day_minus_2,major_subset,storm_index_selected
storm_191_2015082609_20150826,2015-08-26,storm_191_2015082609,2015-08-26T09:30:00Z,-51.0,moderate_storm,dst_threshold_pm1,storm_min_day,primary,storm_index_selected
storm_192_2015082720_20150826,2015-08-26,storm_192_2015082720,2015-08-27T20:30:00Z,-103.0,major_storm,dst_threshold_strong_pm2_p3,storm_day_minus_1,major_subset,storm_index_selected
storm_191_2015082609_20150827,2015-08-27,storm_191_2015082609,2015-08-26T09:30:00Z,-51.0,moderate_storm,dst_threshold_pm1,storm_day_plus_1,primary,storm_index_selected
storm_192_2015082720_20150827,2015-08-27,storm_192_2015082720,2015-08-27T20:30:00Z,-103.0,major_storm,dst_threshold_strong_pm2_p3,storm_min_day,major_subset,storm_index_selected
storm_192_2015082720_20150828,2015-08-28,storm_192_2015082720,2015-08-27T20:30:00Z,-103.0,major_storm,dst_threshold_strong_pm2_p3,storm_day_plus_1,major_subset,storm_index_selected
storm_192_2015082720_20150829,2015-08-29,storm_192_2015082720,2015-08-27T20:30:00Z,-103.0,major_storm,dst_threshold_strong_pm2_p3,storm_day_plus_2,major_subset,storm_index_selected
storm_192_2015082720_20150830,2015-08-30,storm_192_2015082720,2015-08-27T20:30:00Z,-103.0,major_storm,dst_threshold_strong_pm2_p3,storm_day_plus_3,major_subset,storm_index_selected
storm_193_2015090406_20150903,2015-09-03,storm_193_2015090406,2015-09-04T06:30:00Z,-50.0,moderate_storm,dst_threshold_pm1,storm_day_minus_1,primary,storm_index_selected
storm_193_2015090406_20150904,2015-09-04,storm_193_2015090406,2015-09-04T06:30:00Z,-50.0,moderate_storm,dst_threshold_pm1,storm_min_day,primary,storm_index_selected
storm_193_2015090406_20150905,2015-09-05,storm_193_2015090406,2015-09-04T06:30:00Z,-50.0,moderate_storm,dst_threshold_pm1,storm_day_plus_1,primary,storm_index_selected
storm_194_2015090720_20150906,2015-09-06,storm_194_2015090720,2015-09-07T20:30:00Z,-75.0,moderate_storm,dst_threshold_pm1,storm_day_minus_1,primary,storm_index_selected
storm_194_2015090720_20150907,2015-09-07,storm_194_2015090720,2015-09-07T20:30:00Z,-75.0,moderate_storm,dst_threshold_pm1,storm_min_day,primary,storm_index_selected
storm_195_2015090912_20150907,2015-09-07,storm_195_2015090912,2015-09-09T12:30:00Z,-105.0,major_storm,dst_threshold_strong_pm2_p3,storm_day_minus_2,major_subset,storm_index_selected
storm_194_2015090720_20150908,2015-09-08,storm_194_2015090720,2015-09-07T20:30:00Z,-75.0,moderate_storm,dst_threshold_pm1,storm_day_plus_1,primary,storm_index_selected
storm_195_2015090912_20150908,2015-09-08,storm_195_2015090912,2015-09-09T12:30:00Z,-105.0,major_storm,dst_threshold_strong_pm2_p3,storm_day_minus_1,major_subset,storm_index_selected
storm_195_2015090912_20150909,2015-09-09,storm_195_2015090912,2015-09-09T12:30:00Z,-105.0,major_storm,dst_threshold_strong_pm2_p3,storm_min_day,major_subset,storm_index_selected
storm_195_2015090912_20150910,2015-09-10,storm_195_2015090912,2015-09-09T12:30:00Z,-105.0,major_storm,dst_threshold_strong_pm2_p3,storm_day_plus_1,major_subset,storm_index_selected
storm_196_2015091114_20150910,2015-09-10,storm_196_2015091114,2015-09-11T14:30:00Z,-87.0,moderate_storm,dst_threshold_pm1,storm_day_minus_1,primary,storm_index_selected
storm_197_2015091123_20150910,2015-09-10,storm_197_2015091123,2015-09-11T23:30:00Z,-51.0,moderate_storm,dst_threshold_pm1,storm_day_minus_1,primary,storm_index_selected
storm_195_2015090912_20150911,2015-09-11,storm_195_2015090912,2015-09-09T12:30:00Z,-105.0,major_storm,dst_threshold_strong_pm2_p3,storm_day_plus_2,major_subset,storm_index_selected
storm_196_2015091114_20150911,2015-09-11,storm_196_2015091114,2015-09-11T14:30:00Z,-87.0,moderate_storm,dst_threshold_pm1,storm_min_day,primary,storm_index_selected
storm_197_2015091123_20150911,2015-09-11,storm_197_2015091123,2015-09-11T23:30:00Z,-51.0,moderate_storm,dst_threshold_pm1,storm_min_day,primary,storm_index_selected
storm_195_2015090912_20150912,2015-09-12,storm_195_2015090912,2015-09-09T12:30:00Z,-105.0,major_storm,dst_threshold_strong_pm2_p3,storm_day_plus_3,major_subset,storm_index_selected
storm_196_2015091114_20150912,2015-09-12,storm_196_2015091114,2015-09-11T14:30:00Z,-87.0,moderate_storm,dst_threshold_pm1,storm_day_plus_1,primary,storm_index_selected
storm_197_2015091123_20150912,2015-09-12,storm_197_2015091123,2015-09-11T23:30:00Z,-51.0,moderate_storm,dst_threshold_pm1,storm_day_plus_1,primary,storm_index_selected
storm_198_2015092015_20150919,2015-09-19,storm_198_2015092015,2015-09-20T15:30:00Z,-81.0,moderate_storm,dst_threshold_pm1,storm_day_minus_1,primary,storm_index_selected
storm_198_2015092015_20150920,2015-09-20,storm_198_2015092015,2015-09-20T15:30:00Z,-81.0,moderate_storm,dst_threshold_pm1,storm_min_day,primary,storm_index_selected
storm_198_2015092015_20150921,2015-09-21,storm_198_2015092015,2015-09-20T15:30:00Z,-81.0,moderate_storm,dst_threshold_pm1,storm_day_plus_1,primary,storm_index_selected
storm_199_2015100409_20151003,2015-10-03,storm_199_2015100409,2015-10-04T09:30:00Z,-63.0,moderate_storm,dst_threshold_pm1,storm_day_minus_1,primary,storm_index_selected
storm_199_2015100409_20151004,2015-10-04,storm_199_2015100409,2015-10-04T09:30:00Z,-63.0,moderate_storm,dst_threshold_pm1,storm_min_day,primary,storm_index_selected
storm_199_2015100409_20151005,2015-10-05,storm_199_2015100409,2015-10-04T09:30:00Z,-63.0,moderate_storm,dst_threshold_pm1,storm_day_plus_1,primary,storm_index_selected
storm_200_2015100619_20151005,2015-10-05,storm_200_2015100619,2015-10-06T19:30:00Z,-52.0,moderate_storm,dst_threshold_pm1,storm_day_minus_1,primary,storm_index_selected
storm_201_2015100709_20151005,2015-10-05,storm_201_2015100709,2015-10-07T09:30:00Z,-101.0,major_storm,dst_threshold_strong_pm2_p3,storm_day_minus_2,major_subset,storm_index_selected
storm_202_2015100722_20151005,2015-10-05,storm_202_2015100722,2015-10-07T22:30:00Z,-130.0,major_storm,dst_threshold_strong_pm2_p3,storm_day_minus_2,major_subset,storm_index_selected
storm_200_2015100619_20151006,2015-10-06,storm_200_2015100619,2015-10-06T19:30:00Z,-52.0,moderate_storm,dst_threshold_pm1,storm_min_day,primary,storm_index_selected
storm_201_2015100709_20151006,2015-10-06,storm_201_2015100709,2015-10-07T09:30:00Z,-101.0,major_storm,dst_threshold_strong_pm2_p3,storm_day_minus_1,major_subset,storm_index_selected
storm_202_2015100722_20151006,2015-10-06,storm_202_2015100722,2015-10-07T22:30:00Z,-130.0,major_storm,dst_threshold_strong_pm2_p3,storm_day_minus_1,major_subset,storm_index_selected
storm_200_2015100619_20151007,2015-10-07,storm_200_2015100619,2015-10-06T19:30:00Z,-52.0,moderate_storm,dst_threshold_pm1,storm_day_plus_1,primary,storm_index_selected
storm_201_2015100709_20151007,2015-10-07,storm_201_2015100709,2015-10-07T09:30:00Z,-101.0,major_storm,dst_threshold_strong_pm2_p3,storm_min_day,major_subset,storm_index_selected
storm_202_2015100722_20151007,2015-10-07,storm_202_2015100722,2015-10-07T22:30:00Z,-130.0,major_storm,dst_threshold_strong_pm2_p3,storm_min_day,major_subset,storm_index_selected
storm_201_2015100709_20151008,2015-10-08,storm_201_2015100709,2015-10-07T09:30:00Z,-101.0,major_storm,dst_threshold_strong_pm2_p3,storm_day_plus_1,major_subset,storm_index_selected
storm_202_2015100722_20151008,2015-10-08,storm_202_2015100722,2015-10-07T22:30:00Z,-130.0,major_storm,dst_threshold_strong_pm2_p3,storm_day_plus_1,major_subset,storm_index_selected
storm_203_2015100902_20151008,2015-10-08,storm_203_2015100902,2015-10-09T02:30:00Z,-56.0,moderate_storm,dst_threshold_pm1,storm_day_minus_1,primary,storm_index_selected
storm_204_2015100911_20151008,2015-10-08,storm_204_2015100911,2015-10-09T11:30:00Z,-51.0,moderate_storm,dst_threshold_pm1,storm_day_minus_1,primary,storm_index_selected
storm_205_2015100915_20151008,2015-10-08,storm_205_2015100915,2015-10-09T15:30:00Z,-53.0,moderate_storm,dst_threshold_pm1,storm_day_minus_1,primary,storm_index_selected
storm_206_2015100921_20151008,2015-10-08,storm_206_2015100921,2015-10-09T21:30:00Z,-57.0,moderate_storm,dst_threshold_pm1,storm_day_minus_1,primary,storm_index_selected
storm_201_2015100709_20151009,2015-10-09,storm_201_2015100709,2015-10-07T09:30:00Z,-101.0,major_storm,dst_threshold_strong_pm2_p3,storm_day_plus_2,major_subset,storm_index_selected
storm_202_2015100722_20151009,2015-10-09,storm_202_2015100722,2015-10-07T22:30:00Z,-130.0,major_storm,dst_threshold_strong_pm2_p3,storm_day_plus_2,major_subset,storm_index_selected
storm_203_2015100902_20151009,2015-10-09,storm_203_2015100902,2015-10-09T02:30:00Z,-56.0,moderate_storm,dst_threshold_pm1,storm_min_day,primary,storm_index_selected
storm_204_2015100911_20151009,2015-10-09,storm_204_2015100911,2015-10-09T11:30:00Z,-51.0,moderate_storm,dst_threshold_pm1,storm_min_day,primary,storm_index_selected
storm_205_2015100915_20151009,2015-10-09,storm_205_2015100915,2015-10-09T15:30:00Z,-53.0,moderate_storm,dst_threshold_pm1,storm_min_day,primary,storm_index_selected
storm_206_2015100921_20151009,2015-10-09,storm_206_2015100921,2015-10-09T21:30:00Z,-57.0,moderate_storm,dst_threshold_pm1,storm_min_day,primary,storm_index_selected
storm_207_2015101023_20151009,2015-10-09,storm_207_2015101023,2015-10-10T23:30:00Z,-56.0,moderate_storm,dst_threshold_pm1,storm_day_minus_1,primary,storm_index_selected
storm_201_2015100709_20151010,2015-10-10,storm_201_2015100709,2015-10-07T09:30:00Z,-101.0,major_storm,dst_threshold_strong_pm2_p3,storm_day_plus_3,major_subset,storm_index_selected
storm_202_2015100722_20151010,2015-10-10,storm_202_2015100722,2015-10-07T22:30:00Z,-130.0,major_storm,dst_threshold_strong_pm2_p3,storm_day_plus_3,major_subset,storm_index_selected
storm_203_2015100902_20151010,2015-10-10,storm_203_2015100902,2015-10-09T02:30:00Z,-56.0,moderate_storm,dst_threshold_pm1,storm_day_plus_1,primary,storm_index_selected
storm_204_2015100911_20151010,2015-10-10,storm_204_2015100911,2015-10-09T11:30:00Z,-51.0,moderate_storm,dst_threshold_pm1,storm_day_plus_1,primary,storm_index_selected
storm_205_2015100915_20151010,2015-10-10,storm_205_2015100915,2015-10-09T15:30:00Z,-53.0,moderate_storm,dst_threshold_pm1,storm_day_plus_1,primary,storm_index_selected
storm_206_2015100921_20151010,2015-10-10,storm_206_2015100921,2015-10-09T21:30:00Z,-57.0,moderate_storm,dst_threshold_pm1,storm_day_plus_1,primary,storm_index_selected
storm_207_2015101023_20151010,2015-10-10,storm_207_2015101023,2015-10-10T23:30:00Z,-56.0,moderate_storm,dst_threshold_pm1,storm_min_day,primary,storm_index_selected
storm_207_2015101023_20151011,2015-10-11,storm_207_2015101023,2015-10-10T23:30:00Z,-56.0,moderate_storm,dst_threshold_pm1,storm_day_plus_1,primary,storm_index_selected
storm_208_2015101218_20151011,2015-10-11,storm_208_2015101218,2015-10-12T18:30:00Z,-52.0,moderate_storm,dst_threshold_pm1,storm_day_minus_1,primary,storm_index_selected
storm_208_2015101218_20151012,2015-10-12,storm_208_2015101218,2015-10-12T18:30:00Z,-52.0,moderate_storm,dst_threshold_pm1,storm_min_day,primary,storm_index_selected
storm_209_2015101323_20151012,2015-10-12,storm_209_2015101323,2015-10-13T23:30:00Z,-51.0,moderate_storm,dst_threshold_pm1,storm_day_minus_1,primary,storm_index_selected
storm_208_2015101218_20151013,2015-10-13,storm_208_2015101218,2015-10-12T18:30:00Z,-52.0,moderate_storm,dst_threshold_pm1,storm_day_plus_1,primary,storm_index_selected
storm_209_2015101323_20151013,2015-10-13,storm_209_2015101323,2015-10-13T23:30:00Z,-51.0,moderate_storm,dst_threshold_pm1,storm_min_day,primary,storm_index_selected
storm_210_2015101405_20151013,2015-10-13,storm_210_2015101405,2015-10-14T05:30:00Z,-53.0,moderate_storm,dst_threshold_pm1,storm_day_minus_1,primary,storm_index_selected
storm_209_2015101323_20151014,2015-10-14,storm_209_2015101323,2015-10-13T23:30:00Z,-51.0,moderate_storm,dst_threshold_pm1,storm_day_plus_1,primary,storm_index_selected
storm_210_2015101405_20151014,2015-10-14,storm_210_2015101405,2015-10-14T05:30:00Z,-53.0,moderate_storm,dst_threshold_pm1,storm_min_day,primary,storm_index_selected
storm_210_2015101405_20151015,2015-10-15,storm_210_2015101405,2015-10-14T05:30:00Z,-53.0,moderate_storm,dst_threshold_pm1,storm_day_plus_1,primary,storm_index_selected
storm_211_2015101809_20151017,2015-10-17,storm_211_2015101809,2015-10-18T09:30:00Z,-56.0,moderate_storm,dst_threshold_pm1,storm_day_minus_1,primary,storm_index_selected
storm_212_2015101815_20151017,2015-10-17,storm_212_2015101815,2015-10-18T15:30:00Z,-51.0,moderate_storm,dst_threshold_pm1,storm_day_minus_1,primary,storm_index_selected
storm_211_2015101809_20151018,2015-10-18,storm_211_2015101809,2015-10-18T09:30:00Z,-56.0,moderate_storm,dst_threshold_pm1,storm_min_day,primary,storm_index_selected
storm_212_2015101815_20151018,2015-10-18,storm_212_2015101815,2015-10-18T15:30:00Z,-51.0,moderate_storm,dst_threshold_pm1,storm_min_day,primary,storm_index_selected
storm_211_2015101809_20151019,2015-10-19,storm_211_2015101809,2015-10-18T09:30:00Z,-56.0,moderate_storm,dst_threshold_pm1,storm_day_plus_1,primary,storm_index_selected
storm_212_2015101815_20151019,2015-10-19,storm_212_2015101815,2015-10-18T15:30:00Z,-51.0,moderate_storm,dst_threshold_pm1,storm_day_plus_1,primary,storm_index_selected
storm_213_2015110312_20151102,2015-11-02,storm_213_2015110312,2015-11-03T12:30:00Z,-51.0,moderate_storm,dst_threshold_pm1,storm_day_minus_1,primary,storm_index_selected
storm_214_2015110319_20151102,2015-11-02,storm_214_2015110319,2015-11-03T19:30:00Z,-50.0,moderate_storm,dst_threshold_pm1,storm_day_minus_1,primary,storm_index_selected
storm_213_2015110312_20151103,2015-11-03,storm_213_2015110312,2015-11-03T12:30:00Z,-51.0,moderate_storm,dst_threshold_pm1,storm_min_day,primary,storm_index_selected
storm_214_2015110319_20151103,2015-11-03,storm_214_2015110319,2015-11-03T19:30:00Z,-50.0,moderate_storm,dst_threshold_pm1,storm_min_day,primary,storm_index_selected
storm_215_2015110412_20151103,2015-11-03,storm_215_2015110412,2015-11-04T12:30:00Z,-56.0,moderate_storm,dst_threshold_pm1,storm_day_minus_1,primary,storm_index_selected
storm_213_2015110312_20151104,2015-11-04,storm_213_2015110312,2015-11-03T12:30:00Z,-51.0,moderate_storm,dst_threshold_pm1,storm_day_plus_1,primary,storm_index_selected
storm_214_2015110319_20151104,2015-11-04,storm_214_2015110319,2015-11-03T19:30:00Z,-50.0,moderate_storm,dst_threshold_pm1,storm_day_plus_1,primary,storm_index_selected
storm_215_2015110412_20151104,2015-11-04,storm_215_2015110412,2015-11-04T12:30:00Z,-56.0,moderate_storm,dst_threshold_pm1,storm_min_day,primary,storm_index_selected
storm_215_2015110412_20151105,2015-11-05,storm_215_2015110412,2015-11-04T12:30:00Z,-56.0,moderate_storm,dst_threshold_pm1,storm_day_plus_1,primary,storm_index_selected
storm_216_2015110706_20151106,2015-11-06,storm_216_2015110706,2015-11-07T06:30:00Z,-87.0,moderate_storm,dst_threshold_pm1,storm_day_minus_1,primary,storm_index_selected
storm_216_2015110706_20151107,2015-11-07,storm_216_2015110706,2015-11-07T06:30:00Z,-87.0,moderate_storm,dst_threshold_pm1,storm_min_day,primary,storm_index_selected
storm_217_2015110823_20151107,2015-11-07,storm_217_2015110823,2015-11-08T23:30:00Z,-50.0,moderate_storm,dst_threshold_pm1,storm_day_minus_1,primary,storm_index_selected
storm_216_2015110706_20151108,2015-11-08,storm_216_2015110706,2015-11-07T06:30:00Z,-87.0,moderate_storm,dst_threshold_pm1,storm_day_plus_1,primary,storm_index_selected
storm_217_2015110823_20151108,2015-11-08,storm_217_2015110823,2015-11-08T23:30:00Z,-50.0,moderate_storm,dst_threshold_pm1,storm_min_day,primary,storm_index_selected
storm_218_2015110916_20151108,2015-11-08,storm_218_2015110916,2015-11-09T16:30:00Z,-55.0,moderate_storm,dst_threshold_pm1,storm_day_minus_1,primary,storm_index_selected
storm_217_2015110823_20151109,2015-11-09,storm_217_2015110823,2015-11-08T23:30:00Z,-50.0,moderate_storm,dst_threshold_pm1,storm_day_plus_1,primary,storm_index_selected
storm_218_2015110916_20151109,2015-11-09,storm_218_2015110916,2015-11-09T16:30:00Z,-55.0,moderate_storm,dst_threshold_pm1,storm_min_day,primary,storm_index_selected
storm_219_2015111008_20151109,2015-11-09,storm_219_2015111008,2015-11-10T08:30:00Z,-54.0,moderate_storm,dst_threshold_pm1,storm_day_minus_1,primary,storm_index_selected
storm_220_2015111013_20151109,2015-11-09,storm_220_2015111013,2015-11-10T13:30:00Z,-56.0,moderate_storm,dst_threshold_pm1,storm_day_minus_1,primary,storm_index_selected
storm_218_2015110916_20151110,2015-11-10,storm_218_2015110916,2015-11-09T16:30:00Z,-55.0,moderate_storm,dst_threshold_pm1,storm_day_plus_1,primary,storm_index_selected
storm_219_2015111008_20151110,2015-11-10,storm_219_2015111008,2015-11-10T08:30:00Z,-54.0,moderate_storm,dst_threshold_pm1,storm_min_day,primary,storm_index_selected
storm_220_2015111013_20151110,2015-11-10,storm_220_2015111013,2015-11-10T13:30:00Z,-56.0,moderate_storm,dst_threshold_pm1,storm_min_day,primary,storm_index_selected
storm_219_2015111008_20151111,2015-11-11,storm_219_2015111008,2015-11-10T08:30:00Z,-54.0,moderate_storm,dst_threshold_pm1,storm_day_plus_1,primary,storm_index_selected
storm_220_2015111013_20151111,2015-11-11,storm_220_2015111013,2015-11-10T13:30:00Z,-56.0,moderate_storm,dst_threshold_pm1,storm_day_plus_1,primary,storm_index_selected
storm_221_2015121419_20151213,2015-12-13,storm_221_2015121419,2015-12-14T19:30:00Z,-55.0,moderate_storm,dst_threshold_pm1,storm_day_minus_1,primary,storm_index_selected
storm_222_2015121422_20151213,2015-12-13,storm_222_2015121422,2015-12-14T22:30:00Z,-54.0,moderate_storm,dst_threshold_pm1,storm_day_minus_1,primary,storm_index_selected
storm_221_2015121419_20151214,2015-12-14,storm_221_2015121419,2015-12-14T19:30:00Z,-55.0,moderate_storm,dst_threshold_pm1,storm_min_day,primary,storm_index_selected
storm_222_2015121422_20151214,2015-12-14,storm_222_2015121422,2015-12-14T22:30:00Z,-54.0,moderate_storm,dst_threshold_pm1,storm_min_day,primary,storm_index_selected
storm_221_2015121419_20151215,2015-12-15,storm_221_2015121419,2015-12-14T19:30:00Z,-55.0,moderate_storm,dst_threshold_pm1,storm_day_plus_1,primary,storm_index_selected
storm_222_2015121422_20151215,2015-12-15,storm_222_2015121422,2015-12-14T22:30:00Z,-54.0,moderate_storm,dst_threshold_pm1,storm_day_plus_1,primary,storm_index_selected
storm_223_2015122022_20151218,2015-12-18,storm_223_2015122022,2015-12-20T22:30:00Z,-166.0,major_storm,dst_threshold_strong_pm2_p3,storm_day_minus_2,major_subset,storm_index_selected
storm_223_2015122022_20151219,2015-12-19,storm_223_2015122022,2015-12-20T22:30:00Z,-166.0,major_storm,dst_threshold_strong_pm2_p3,storm_day_minus_1,major_subset,storm_index_selected
storm_223_2015122022_20151220,2015-12-20,storm_223_2015122022,2015-12-20T22:30:00Z,-166.0,major_storm,dst_threshold_strong_pm2_p3,storm_min_day,major_subset,storm_index_selected
storm_223_2015122022_20151221,2015-12-21,storm_223_2015122022,2015-12-20T22:30:00Z,-166.0,major_storm,dst_threshold_strong_pm2_p3,storm_day_plus_1,major_subset,storm_index_selected
storm_223_2015122022_20151222,2015-12-22,storm_223_2015122022,2015-12-20T22:30:00Z,-166.0,major_storm,dst_threshold_strong_pm2_p3,storm_day_plus_2,major_subset,storm_index_selected
storm_223_2015122022_20151223,2015-12-23,storm_223_2015122022,2015-12-20T22:30:00Z,-166.0,major_storm,dst_threshold_strong_pm2_p3,storm_day_plus_3,major_subset,storm_index_selected
storm_225_2015123123_20151229,2015-12-29,storm_225_2015123123,2015-12-31T23:30:00Z,-105.0,major_storm,dst_threshold_strong_pm2_p3,storm_day_minus_2,major_subset,storm_index_selected
storm_224_2015123115_20151230,2015-12-30,storm_224_2015123115,2015-12-31T15:30:00Z,-58.0,moderate_storm,dst_threshold_pm1,storm_day_minus_1,primary,storm_index_selected
storm_225_2015123123_20151230,2015-12-30,storm_225_2015123123,2015-12-31T23:30:00Z,-105.0,major_storm,dst_threshold_strong_pm2_p3,storm_day_minus_1,major_subset,storm_index_selected
storm_224_2015123115_20151231,2015-12-31,storm_224_2015123115,2015-12-31T15:30:00Z,-58.0,moderate_storm,dst_threshold_pm1,storm_min_day,primary,storm_index_selected
storm_225_2015123123_20151231,2015-12-31,storm_225_2015123123,2015-12-31T23:30:00Z,-105.0,major_storm,dst_threshold_strong_pm2_p3,storm_min_day,major_subset,storm_index_selected
