Epoch,BZ_GSM,BY_GSM,flow_speed,Pressure,E,AE_INDEX,SYM_H
2015-03-16 00:00:00,4.090000152587891,-2.3299999237060547,,99.98999786376953,,25.0,10.0
2015-03-16 00:01:00,3.990000009536743,-1.409999966621399,,99.98999786376953,,26.0,10.0
2015-03-16 00:02:00,5.019999980926514,-0.800000011920929,310.0,3.9200000762939453,-1.559999942779541,28.0,10.0
2015-03-16 00:03:00,3.880000114440918,-1.440000057220459,304.29998779296875,3.6700000762939453,-1.1799999475479126,31.0,11.0
2015-03-16 00:04:00,3.809999942779541,-2.4100000858306885,299.70001220703125,3.2300000190734863,-1.1399999856948853,32.0,11.0
2015-03-16 00:05:00,3.930000066757202,-2.0399999618530273,298.29998779296875,3.0799999237060547,-1.1699999570846558,34.0,13.0
2015-03-16 00:06:00,4.230000019073486,-1.8200000524520874,,99.98999786376953,,33.0,14.0
2015-03-16 00:07:00,2.9700000286102295,-2.2100000381469727,296.70001220703125,3.0199999809265137,-0.8799999952316284,32.0,15.0
2015-03-16 00:08:00,3.5299999713897705,-2.380000114440918,301.6000061035156,3.240000009536743,-1.059999942779541,44.0,15.0
2015-03-16 00:09:00,4.130000114440918,-2.3399999141693115,306.20001220703125,3.759999990463257,-1.2599999904632568,47.0,16.0
2015-03-16 00:10:00,4.699999809265137,-1.7300000190734863,302.8999938964844,4.150000095367432,-1.4199999570846558,43.0,16.0
2015-03-16 00:11:00,5.170000076293945,-1.9299999475479126,311.0,3.7200000286102295,-1.6100000143051147,41.0,15.0
2015-03-16 00:12:00,4.630000114440918,-2.119999885559082,310.1000061035156,3.6500000953674316,-1.440000057220459,43.0,15.0
2015-03-16 00:13:00,4.659999847412109,-2.2200000286102295,308.1000061035156,3.490000009536743,-1.440000057220459,42.0,15.0
2015-03-16 00:14:00,4.53000020980835,-1.940000057220459,,99.98999786376953,,38.0,15.0
2015-03-16 00:15:00,5.170000076293945,-2.380000114440918,308.3999938964844,3.740000009536743,-1.590000033378601,31.0,15.0
2015-03-16 00:16:00,4.699999809265137,-1.7100000381469727,308.3999938964844,3.740000009536743,-1.4500000476837158,29.0,15.0
2015-03-16 00:17:00,4.860000133514404,-3.130000114440918,308.79998779296875,3.799999952316284,-1.5,33.0,15.0
2015-03-16 00:18:00,5.449999809265137,-1.8899999856948853,314.1000061035156,4.409999847412109,-1.7100000381469727,33.0,15.0
2015-03-16 00:19:00,1.2699999809265137,-5.840000152587891,314.20001220703125,4.260000228881836,-0.4000000059604645,27.0,15.0
2015-03-16 00:20:00,3.6700000762939453,-2.869999885559082,313.20001220703125,4.829999923706055,-1.149999976158142,28.0,15.0
2015-03-16 00:21:00,2.5199999809265137,-2.950000047683716,310.0,4.199999809265137,-0.7799999713897705,33.0,15.0
2015-03-16 00:22:00,0.8999999761581421,-3.509999990463257,301.3999938964844,3.5899999141693115,-0.27000001072883606,32.0,15.0
2015-03-16 00:23:00,-3.9000000953674316,-6.210000038146973,300.3999938964844,3.990000009536743,1.1699999570846558,29.0,15.0
2015-03-16 00:24:00,-0.2199999988079071,-4.46999979019165,319.3999938964844,5.190000057220459,0.07000000029802322,29.0,15.0
2015-03-16 00:25:00,4.619999885559082,-4.619999885559082,315.0,4.989999771118164,-1.4600000381469727,31.0,14.0
2015-03-16 00:26:00,3.890000104904175,-6.28000020980835,315.70001220703125,4.989999771118164,-1.2300000190734863,33.0,14.0
2015-03-16 00:27:00,3.6700000762939453,-6.329999923706055,315.6000061035156,4.909999847412109,-1.159999966621399,34.0,13.0
2015-03-16 00:28:00,4.78000020980835,-5.170000076293945,316.0,4.670000076293945,-1.5099999904632568,34.0,13.0
2015-03-16 00:29:00,5.380000114440918,-2.109999895095825,311.8999938964844,3.859999895095825,-1.6799999475479126,30.0,13.0
2015-03-16 00:30:00,5.610000133514404,-2.0799999237060547,312.29998779296875,4.179999828338623,-1.75,24.0,13.0
2015-03-16 00:31:00,5.159999847412109,-5.429999828338623,312.20001220703125,4.159999847412109,-1.6100000143051147,27.0,13.0
2015-03-16 00:32:00,5.079999923706055,-5.28000020980835,315.1000061035156,4.570000171661377,-1.600000023841858,30.0,12.0
2015-03-16 00:33:00,5.519999980926514,-6.610000133514404,320.1000061035156,5.440000057220459,-1.7699999809265137,29.0,12.0
2015-03-16 00:34:00,4.75,-5.159999847412109,320.1000061035156,5.440000057220459,-1.5199999809265137,25.0,12.0
2015-03-16 00:35:00,5.389999866485596,-6.570000171661377,319.1000061035156,5.03000020980835,-1.7200000286102295,26.0,12.0
2015-03-16 00:36:00,6.28000020980835,-6.230000019073486,318.70001220703125,5.110000133514404,-2.0,26.0,12.0
2015-03-16 00:37:00,5.360000133514404,-3.609999895095825,318.5,5.159999847412109,-1.7100000381469727,24.0,12.0
2015-03-16 00:38:00,5.289999961853027,-5.579999923706055,,99.98999786376953,,24.0,13.0
2015-03-16 00:39:00,1.5700000524520874,-0.20999999344348907,316.8999938964844,5.050000190734863,-0.5,24.0,14.0
2015-03-16 00:40:00,5.889999866485596,-5.980000019073486,321.1000061035156,6.190000057220459,-1.8899999856948853,25.0,14.0
2015-03-16 00:41:00,2.319999933242798,-2.1500000953674316,323.3999938964844,6.829999923706055,-0.75,29.0,15.0
2015-03-16 00:42:00,2.700000047683716,-2.1500000953674316,314.6000061035156,4.800000190734863,-0.8500000238418579,33.0,16.0
2015-03-16 00:43:00,0.25999999046325684,0.23999999463558197,309.8999938964844,4.269999980926514,-0.07999999821186066,33.0,16.0
2015-03-16 00:44:00,1.7999999523162842,-1.3799999952316284,305.8999938964844,3.8299999237060547,-0.550000011920929,33.0,16.0
2015-03-16 00:45:00,0.20000000298023224,0.1599999964237213,314.5,4.630000114440918,-0.05999999865889549,32.0,16.0
2015-03-16 00:46:00,2.880000114440918,-1.7200000286102295,318.29998779296875,5.369999885559082,-0.9200000166893005,31.0,16.0
2015-03-16 00:47:00,2.609999895095825,-1.6799999475479126,325.8999938964844,6.920000076293945,-0.8500000238418579,31.0,16.0
2015-03-16 00:48:00,0.5799999833106995,0.03999999910593033,314.3999938964844,4.710000038146973,-0.18000000715255737,31.0,15.0
2015-03-16 00:49:00,1.909999966621399,-1.4800000190734863,314.3999938964844,4.710000038146973,-0.6000000238418579,30.0,15.0
2015-03-16 00:50:00,4.949999809265137,-4.139999866485596,316.79998779296875,5.170000076293945,-1.5700000524520874,28.0,14.0
2015-03-16 00:51:00,3.9800000190734863,-2.7100000381469727,320.20001220703125,6.159999847412109,-1.2699999809265137,26.0,15.0
2015-03-16 00:52:00,3.240000009536743,-2.880000114440918,321.0,6.170000076293945,-1.0399999618530273,26.0,14.0
2015-03-16 00:53:00,3.2300000190734863,-3.759999990463257,325.1000061035156,6.75,-1.0499999523162842,28.0,14.0
2015-03-16 00:54:00,3.690000057220459,-3.75,322.70001220703125,6.619999885559082,-1.190000057220459,29.0,14.0
2015-03-16 00:55:00,-0.8899999856948853,-0.23999999463558197,322.3999938964844,6.429999828338623,0.28999999165534973,29.0,14.0
2015-03-16 00:56:00,0.7099999785423279,0.029999999329447746,326.20001220703125,6.849999904632568,-0.23000000417232513,30.0,15.0
2015-03-16 00:57:00,3.140000104904175,-3.200000047683716,325.3999938964844,7.409999847412109,-1.0199999809265137,27.0,15.0
2015-03-16 00:58:00,-3.950000047683716,3.3499999046325684,327.70001220703125,6.829999923706055,1.2899999618530273,26.0,17.0
2015-03-16 00:59:00,-2.2699999809265137,1.5700000524520874,328.70001220703125,6.550000190734863,0.75,37.0,18.0
2015-03-16 01:00:00,-1.659999966621399,-1.159999966621399,324.8999938964844,7.119999885559082,0.5400000214576721,34.0,19.0
2015-03-16 01:01:00,1.4299999475479126,-7.449999809265137,324.79998779296875,6.920000076293945,-0.46000000834465027,38.0,20.0
2015-03-16 01:02:00,0.07000000029802322,3.4800000190734863,318.6000061035156,6.429999828338623,-0.019999999552965164,40.0,20.0
2015-03-16 01:03:00,-3.5199999809265137,5.670000076293945,314.1000061035156,6.300000190734863,1.1100000143051147,39.0,20.0
2015-03-16 01:04:00,-1.9299999475479126,2.609999895095825,,99.98999786376953,,40.0,20.0
2015-03-16 01:05:00,-0.699999988079071,3.7799999713897705,,99.98999786376953,,41.0,20.0
2015-03-16 01:06:00,-1.6100000143051147,3.9600000381469727,323.1000061035156,7.179999828338623,0.5199999809265137,39.0,20.0
2015-03-16 01:07:00,-0.46000000834465027,1.75,321.6000061035156,7.320000171661377,0.15000000596046448,38.0,19.0
2015-03-16 01:08:00,-0.5299999713897705,-2.950000047683716,319.79998779296875,6.760000228881836,0.17000000178813934,38.0,19.0
2015-03-16 01:09:00,-0.20000000298023224,-2.990000009536743,323.0,5.710000038146973,0.05999999865889549,41.0,18.0
2015-03-16 01:10:00,-1.0399999618530273,0.9800000190734863,322.70001220703125,5.980000019073486,0.3400000035762787,40.0,17.0
2015-03-16 01:11:00,-1.5199999809265137,0.3199999928474426,320.20001220703125,6.909999847412109,0.49000000953674316,35.0,16.0
2015-03-16 01:12:00,-1.1200000047683716,1.7999999523162842,318.0,7.730000019073486,0.36000001430511475,33.0,15.0
2015-03-16 01:13:00,-2.740000009536743,0.33000001311302185,,99.98999786376953,,31.0,15.0
2015-03-16 01:14:00,-0.8399999737739563,0.5799999833106995,317.79998779296875,7.579999923706055,0.27000001072883606,29.0,15.0
2015-03-16 01:15:00,-0.550000011920929,1.090000033378601,320.1000061035156,7.53000020980835,0.18000000715255737,27.0,15.0
2015-03-16 01:16:00,0.30000001192092896,-0.07000000029802322,328.5,7.289999961853027,-0.10000000149011612,27.0,15.0
2015-03-16 01:17:00,-0.6800000071525574,2.1700000762939453,318.0,7.590000152587891,0.2199999988079071,29.0,16.0
2015-03-16 01:18:00,-0.9200000166893005,4.349999904632568,317.20001220703125,7.590000152587891,0.28999999165534973,30.0,16.0
2015-03-16 01:19:00,0.7900000214576721,0.6899999976158142,325.8999938964844,6.25,-0.25999999046325684,31.0,17.0
2015-03-16 01:20:00,0.4099999964237213,-0.14000000059604645,326.0,6.239999771118164,-0.12999999523162842,35.0,19.0
2015-03-16 01:21:00,-1.0399999618530273,4.349999904632568,319.70001220703125,6.820000171661377,0.33000001311302185,39.0,19.0
2015-03-16 01:22:00,-0.44999998807907104,0.5899999737739563,319.70001220703125,6.820000171661377,0.14000000059604645,44.0,21.0
2015-03-16 01:23:00,0.28999999165534973,-0.1899999976158142,,99.98999786376953,,47.0,21.0
2015-03-16 01:24:00,2.0299999713897705,-0.8999999761581421,326.8999938964844,7.309999942779541,-0.6600000262260437,45.0,22.0
2015-03-16 01:25:00,-0.8899999856948853,-4.130000114440918,325.5,6.559999942779541,0.28999999165534973,46.0,22.0
2015-03-16 01:26:00,0.27000001072883606,-2.180000066757202,323.20001220703125,6.179999828338623,-0.09000000357627869,48.0,23.0
2015-03-16 01:27:00,-0.14000000059604645,-1.7599999904632568,323.6000061035156,7.099999904632568,0.05000000074505806,52.0,23.0
2015-03-16 01:28:00,0.09000000357627869,-2.180000066757202,326.70001220703125,7.670000076293945,-0.029999999329447746,51.0,23.0
2015-03-16 01:29:00,-0.1599999964237213,-0.47999998927116394,323.29998779296875,6.739999771118164,0.05000000074505806,48.0,23.0
2015-03-16 01:30:00,0.5,1.659999966621399,323.29998779296875,6.789999961853027,-0.1599999964237213,47.0,22.0
2015-03-16 01:31:00,0.17000000178813934,1.190000057220459,323.79998779296875,7.889999866485596,-0.05999999865889549,44.0,22.0
2015-03-16 01:32:00,0.03999999910593033,0.9700000286102295,324.79998779296875,7.730000019073486,-0.009999999776482582,43.0,22.0
2015-03-16 01:33:00,-0.9399999976158142,1.4299999475479126,319.8999938964844,7.920000076293945,0.30000001192092896,40.0,22.0
2015-03-16 01:34:00,-0.019999999552965164,1.090000033378601,323.0,8.010000228881836,0.009999999776482582,36.0,21.0
2015-03-16 01:35:00,-1.840000033378601,0.07000000029802322,326.70001220703125,7.940000057220459,0.6000000238418579,35.0,21.0
2015-03-16 01:36:00,-1.5,0.1599999964237213,328.8999938964844,7.690000057220459,0.49000000953674316,35.0,21.0
2015-03-16 01:37:00,-3.2100000381469727,3.009999990463257,330.79998779296875,8.010000228881836,1.059999942779541,33.0,21.0
2015-03-16 01:38:00,-1.9700000286102295,1.340000033378601,329.1000061035156,7.929999828338623,0.6499999761581421,34.0,21.0
2015-03-16 01:39:00,-2.640000104904175,5.800000190734863,325.5,7.53000020980835,0.8600000143051147,33.0,21.0
2015-03-16 01:40:00,,,327.79998779296875,7.130000114440918,,31.0,22.0
2015-03-16 01:41:00,6.039999961853027,2.9100000858306885,320.3999938964844,7.929999828338623,-1.940000057220459,32.0,22.0
2015-03-16 01:42:00,6.090000152587891,2.7300000190734863,320.3999938964844,7.929999828338623,-1.9500000476837158,32.0,22.0
2015-03-16 01:43:00,6.03000020980835,2.8499999046325684,322.1000061035156,7.949999809265137,-1.940000057220459,30.0,22.0
2015-03-16 01:44:00,6.360000133514404,2.819999933242798,322.1000061035156,7.949999809265137,-2.049999952316284,31.0,23.0
2015-03-16 01:45:00,5.269999980926514,0.3499999940395355,322.1000061035156,7.949999809265137,-1.7000000476837158,31.0,23.0
2015-03-16 01:46:00,7.050000190734863,1.6699999570846558,328.0,7.53000020980835,-2.309999942779541,32.0,23.0
2015-03-16 01:47:00,7.900000095367432,0.07000000029802322,328.0,7.53000020980835,-2.5899999141693115,34.0,23.0
2015-03-16 01:48:00,7.28000020980835,0.33000001311302185,328.0,7.53000020980835,-2.390000104904175,34.0,24.0
2015-03-16 01:49:00,6.730000019073486,2.240000009536743,325.0,7.539999961853027,-2.190000057220459,33.0,24.0
2015-03-16 01:50:00,6.53000020980835,2.2899999618530273,325.0,7.539999961853027,-2.119999885559082,34.0,24.0
2015-03-16 01:51:00,6.260000228881836,0.8500000238418579,325.0,7.539999961853027,-2.0299999713897705,35.0,25.0
2015-03-16 01:52:00,6.050000190734863,0.6800000071525574,,99.98999786376953,,34.0,24.0
2015-03-16 01:53:00,5.880000114440918,0.4099999964237213,325.79998779296875,8.90999984741211,-1.9199999570846558,33.0,25.0
2015-03-16 01:54:00,6.050000190734863,0.27000001072883606,325.79998779296875,8.90999984741211,-1.9700000286102295,31.0,25.0
2015-03-16 01:55:00,5.829999923706055,2.180000066757202,,99.98999786376953,,32.0,25.0
2015-03-16 01:56:00,5.800000190734863,3.359999895095825,,99.98999786376953,,34.0,25.0
2015-03-16 01:57:00,5.860000133514404,3.740000009536743,328.20001220703125,8.90999984741211,-1.9199999570846558,35.0,25.0
2015-03-16 01:58:00,5.71999979019165,3.0299999713897705,328.20001220703125,8.90999984741211,-1.8799999952316284,34.0,25.0
2015-03-16 01:59:00,5.599999904632568,2.799999952316284,328.20001220703125,8.90999984741211,-1.840000033378601,32.0,26.0
2015-03-16 02:00:00,5.75,2.4700000286102295,,99.98999786376953,,28.0,26.0
2015-03-16 02:01:00,5.53000020980835,1.6799999475479126,326.5,9.300000190734863,-1.809999942779541,29.0,27.0
2015-03-16 02:02:00,5.710000038146973,2.3399999141693115,326.5,9.300000190734863,-1.8600000143051147,32.0,27.0
2015-03-16 02:03:00,5.690000057220459,3.109999895095825,326.5,9.300000190734863,-1.8600000143051147,35.0,27.0
2015-03-16 02:04:00,5.849999904632568,2.880000114440918,,99.98999786376953,,37.0,27.0
2015-03-16 02:05:00,7.159999847412109,-0.4399999976158142,327.5,8.619999885559082,-2.3399999141693115,37.0,27.0
2015-03-16 02:06:00,7.210000038146973,-0.18000000715255737,328.1000061035156,8.739999771118164,-2.369999885559082,34.0,27.0
2015-03-16 02:07:00,6.889999866485596,-0.9300000071525574,328.8999938964844,9.140000343322754,-2.2699999809265137,35.0,28.0
2015-03-16 02:08:00,6.789999961853027,-1.4800000190734863,329.3999938964844,9.4399995803833,-2.240000009536743,36.0,27.0
2015-03-16 02:09:00,5.800000190734863,-3.0999999046325684,330.3999938964844,9.569999694824219,-1.9199999570846558,37.0,28.0
2015-03-16 02:10:00,6.699999809265137,-1.75,331.1000061035156,9.770000457763672,-2.2200000286102295,36.0,28.0
2015-03-16 02:11:00,6.449999809265137,0.7200000286102295,330.20001220703125,9.930000305175781,-2.130000114440918,35.0,29.0
2015-03-16 02:12:00,4.929999828338623,1.2100000381469727,329.29998779296875,10.199999809265137,-1.6200000047683716,34.0,28.0
2015-03-16 02:13:00,2.440000057220459,4.090000152587891,329.20001220703125,11.140000343322754,-0.800000011920929,36.0,28.0
2015-03-16 02:14:00,2.140000104904175,4.360000133514404,330.6000061035156,10.869999885559082,-0.7099999785423279,40.0,28.0
2015-03-16 02:15:00,0.6600000262260437,5.099999904632568,331.1000061035156,10.770000457763672,-0.2199999988079071,40.0,28.0
2015-03-16 02:16:00,-1.659999966621399,3.9000000953674316,334.1000061035156,10.520000457763672,0.550000011920929,37.0,28.0
2015-03-16 02:17:00,-2.319999933242798,4.860000133514404,334.1000061035156,10.520000457763672,0.7799999713897705,36.0,28.0
2015-03-16 02:18:00,2.2300000190734863,4.050000190734863,332.70001220703125,11.0,-0.7400000095367432,37.0,29.0
2015-03-16 02:19:00,2.0,4.329999923706055,333.0,11.050000190734863,-0.6700000166893005,40.0,31.0
2015-03-16 02:20:00,1.059999942779541,2.5299999713897705,333.3999938964844,11.100000381469727,-0.3499999940395355,38.0,32.0
2015-03-16 02:21:00,4.070000171661377,1.9600000381469727,330.3999938964844,10.869999885559082,-1.340000033378601,33.0,33.0
2015-03-16 02:22:00,0.9200000166893005,0.17000000178813934,331.1000061035156,10.789999961853027,-0.30000001192092896,33.0,33.0
2015-03-16 02:23:00,-6.889999866485596,1.0800000429153442,332.0,9.050000190734863,2.2899999618530273,41.0,33.0
2015-03-16 02:24:00,-8.5600004196167,3.700000047683716,331.29998779296875,8.260000228881836,2.8399999141693115,47.0,33.0
2015-03-16 02:25:00,-8.140000343322754,3.190000057220459,330.29998779296875,7.320000171661377,2.690000057220459,47.0,33.0
2015-03-16 02:26:00,-7.889999866485596,2.4100000858306885,330.3999938964844,7.21999979019165,2.609999895095825,43.0,32.0
2015-03-16 02:27:00,-8.449999809265137,3.690000057220459,331.3999938964844,6.099999904632568,2.799999952316284,39.0,33.0
2015-03-16 02:28:00,-8.920000076293945,5.070000171661377,331.6000061035156,5.940000057220459,2.9600000381469727,39.0,32.0
2015-03-16 02:29:00,,,331.6000061035156,5.940000057220459,,39.0,32.0
2015-03-16 02:30:00,-8.920000076293945,5.050000190734863,,99.98999786376953,,36.0,32.0
2015-03-16 02:31:00,,,,99.98999786376953,,36.0,33.0
2015-03-16 02:32:00,-9.09000015258789,4.650000095367432,,99.98999786376953,,37.0,34.0
2015-03-16 02:33:00,-9.0600004196167,4.619999885559082,,99.98999786376953,,34.0,34.0
2015-03-16 02:34:00,-9.069999694824219,4.340000152587891,,99.98999786376953,,43.0,33.0
2015-03-16 02:35:00,-9.180000305175781,4.420000076293945,331.5,5.929999828338623,3.0399999618530273,52.0,31.0
2015-03-16 02:36:00,-9.1899995803833,4.519999980926514,331.5,5.929999828338623,3.049999952316284,57.0,27.0
2015-03-16 02:37:00,-8.760000228881836,4.340000152587891,331.5,5.929999828338623,2.9000000953674316,51.0,26.0
2015-03-16 02:38:00,-8.5600004196167,3.690000057220459,330.3999938964844,5.389999866485596,2.8299999237060547,52.0,24.0
2015-03-16 02:39:00,-8.619999885559082,4.010000228881836,331.79998779296875,5.650000095367432,2.859999895095825,46.0,23.0
2015-03-16 02:40:00,-8.600000381469727,3.700000047683716,332.3999938964844,5.769999980926514,2.859999895095825,40.0,23.0
2015-03-16 02:41:00,-7.360000133514404,4.820000171661377,333.3999938964844,5.809999942779541,2.450000047683716,36.0,22.0
2015-03-16 02:42:00,-6.289999961853027,5.730000019073486,333.3999938964844,5.809999942779541,2.0999999046325684,33.0,23.0
2015-03-16 02:43:00,-7.690000057220459,4.28000020980835,332.79998779296875,5.659999847412109,2.559999942779541,37.0,23.0
2015-03-16 02:44:00,-5.960000038146973,6.880000114440918,335.20001220703125,5.960000038146973,2.0,39.0,24.0
2015-03-16 02:45:00,-5.710000038146973,6.630000114440918,340.6000061035156,7.190000057220459,1.940000057220459,49.0,25.0
2015-03-16 02:46:00,-5.849999904632568,3.7899999618530273,341.5,6.840000152587891,2.0,66.0,25.0
2015-03-16 02:47:00,,,,99.98999786376953,,87.0,25.0
2015-03-16 02:48:00,-4.289999961853027,-0.8799999952316284,338.3999938964844,8.520000457763672,1.4500000476837158,97.0,25.0
2015-03-16 02:49:00,-4.230000019073486,-0.1899999976158142,338.3999938964844,8.520000457763672,1.4299999475479126,101.0,25.0
2015-03-16 02:50:00,-4.230000019073486,0.33000001311302185,339.1000061035156,8.609999656677246,1.4299999475479126,105.0,25.0
2015-03-16 02:51:00,-3.890000104904175,0.0,339.20001220703125,8.619999885559082,1.3200000524520874,114.0,24.0
2015-03-16 02:52:00,-3.5899999141693115,1.4199999570846558,,99.98999786376953,,112.0,23.0
2015-03-16 02:53:00,-3.3399999141693115,-0.25999999046325684,,99.98999786376953,,108.0,23.0
2015-03-16 02:54:00,-4.090000152587891,3.8499999046325684,,99.98999786376953,,104.0,22.0
2015-03-16 02:55:00,-3.6500000953674316,3.700000047683716,,99.98999786376953,,95.0,22.0
2015-03-16 02:56:00,-3.7699999809265137,3.809999942779541,,99.98999786376953,,83.0,24.0
2015-03-16 02:57:00,-4.519999980926514,3.5299999713897705,335.29998779296875,8.369999885559082,1.5199999809265137,104.0,25.0
2015-03-16 02:58:00,-4.46999979019165,3.5799999237060547,338.5,8.430000305175781,1.5099999904632568,131.0,26.0
2015-03-16 02:59:00,-4.440000057220459,2.259999990463257,339.0,8.350000381469727,1.5099999904632568,143.0,28.0
2015-03-16 03:00:00,-4.21999979019165,2.890000104904175,338.79998779296875,8.119999885559082,1.4299999475479126,177.0,27.0
2015-03-16 03:01:00,-5.760000228881836,3.430000066757202,,99.98999786376953,,175.0,28.0
2015-03-16 03:02:00,,,,99.98999786376953,,151.0,28.0
2015-03-16 03:03:00,-5.670000076293945,3.4100000858306885,,99.98999786376953,,154.0,29.0
2015-03-16 03:04:00,,,,99.98999786376953,,155.0,29.0
2015-03-16 03:05:00,-5.71999979019165,3.390000104904175,343.5,8.300000190734863,1.9600000381469727,146.0,29.0
2015-03-16 03:06:00,,,343.5,8.300000190734863,,139.0,28.0
2015-03-16 03:07:00,-5.739999771118164,3.109999895095825,,99.98999786376953,,138.0,28.0
2015-03-16 03:08:00,,,,99.98999786376953,,130.0,27.0
2015-03-16 03:09:00,-5.739999771118164,2.9700000286102295,,99.98999786376953,,123.0,26.0
2015-03-16 03:10:00,,,,99.98999786376953,,117.0,26.0
2015-03-16 03:11:00,-5.869999885559082,3.299999952316284,,99.98999786376953,,109.0,26.0
2015-03-16 03:12:00,-5.869999885559082,3.299999952316284,,99.98999786376953,,114.0,25.0
2015-03-16 03:13:00,-5.289999961853027,3.130000114440918,,99.98999786376953,,132.0,25.0
2015-03-16 03:14:00,-5.300000190734863,3.119999885559082,,99.98999786376953,,149.0,23.0
2015-03-16 03:15:00,,,,99.98999786376953,,160.0,22.0
2015-03-16 03:16:00,-4.949999809265137,3.1700000762939453,,99.98999786376953,,163.0,21.0
2015-03-16 03:17:00,,,,99.98999786376953,,144.0,21.0
2015-03-16 03:18:00,-4.699999809265137,3.549999952316284,343.1000061035156,9.220000267028809,1.6100000143051147,114.0,21.0
2015-03-16 03:19:00,,,343.1000061035156,9.220000267028809,,102.0,22.0
2015-03-16 03:20:00,-4.559999942779541,3.8399999141693115,,99.98999786376953,,106.0,22.0
2015-03-16 03:21:00,,,,99.98999786376953,,127.0,23.0
2015-03-16 03:22:00,-3.880000114440918,3.180000066757202,343.3999938964844,9.710000038146973,1.3300000429153442,136.0,23.0
2015-03-16 03:23:00,-3.049999952316284,3.509999990463257,343.1000061035156,9.550000190734863,1.0499999523162842,134.0,22.0
2015-03-16 03:24:00,-3.9800000190734863,4.150000095367432,342.3999938964844,9.010000228881836,1.3600000143051147,136.0,22.0
2015-03-16 03:25:00,-4.510000228881836,5.389999866485596,343.5,7.940000057220459,1.5499999523162842,127.0,22.0
2015-03-16 03:26:00,-2.859999895095825,3.8399999141693115,343.5,7.940000057220459,0.9800000190734863,119.0,23.0
2015-03-16 03:27:00,-4.150000095367432,4.940000057220459,343.20001220703125,7.630000114440918,1.4199999570846558,127.0,23.0
2015-03-16 03:28:00,-0.8600000143051147,2.75,343.5,7.980000019073486,0.30000001192092896,130.0,22.0
2015-03-16 03:29:00,4.670000076293945,-2.3299999237060547,343.8999938964844,8.3100004196167,-1.6100000143051147,121.0,22.0
2015-03-16 03:30:00,2.4800000190734863,-1.559999942779541,344.20001220703125,7.949999809265137,-0.8500000238418579,112.0,22.0
2015-03-16 03:31:00,4.570000171661377,-0.15000000596046448,343.5,8.970000267028809,-1.5700000524520874,107.0,22.0
2015-03-16 03:32:00,1.7400000095367432,-2.190000057220459,344.70001220703125,8.680000305175781,-0.6000000238418579,105.0,22.0
2015-03-16 03:33:00,5.099999904632568,-0.8299999833106995,345.1000061035156,8.600000381469727,-1.7599999904632568,106.0,22.0
2015-03-16 03:34:00,0.36000001430511475,1.75,,99.98999786376953,,111.0,21.0
2015-03-16 03:35:00,1.4900000095367432,1.5499999523162842,,99.98999786376953,,126.0,22.0
2015-03-16 03:36:00,-2.559999942779541,2.549999952316284,,99.98999786376953,,126.0,21.0
2015-03-16 03:37:00,5.170000076293945,-1.3700000047683716,,99.98999786376953,,127.0,21.0
2015-03-16 03:38:00,0.1899999976158142,1.1100000143051147,,99.98999786376953,,159.0,21.0
2015-03-16 03:39:00,-1.6799999475479126,2.069999933242798,,99.98999786376953,,194.0,20.0
2015-03-16 03:40:00,,,347.1000061035156,8.529999732971191,,222.0,20.0
2015-03-16 03:41:00,-0.11999999731779099,0.9100000262260437,347.1000061035156,8.529999732971191,0.03999999910593033,205.0,20.0
2015-03-16 03:42:00,4.480000019073486,-1.5199999809265137,347.1000061035156,8.529999732971191,-1.559999942779541,175.0,20.0
2015-03-16 03:43:00,1.3799999952316284,0.009999999776482582,,99.98999786376953,,142.0,19.0
2015-03-16 03:44:00,2.7200000286102295,-0.8600000143051147,343.29998779296875,8.180000305175781,-0.9300000071525574,102.0,19.0
2015-03-16 03:45:00,2.5399999618530273,-0.800000011920929,343.29998779296875,8.180000305175781,-0.8700000047683716,100.0,19.0
2015-03-16 03:46:00,4.480000019073486,-1.909999966621399,346.0,8.6899995803833,-1.5499999523162842,104.0,18.0
2015-03-16 03:47:00,4.590000152587891,-2.009999990463257,346.20001220703125,8.729999542236328,-1.590000033378601,116.0,18.0
2015-03-16 03:48:00,4.21999979019165,-2.299999952316284,,99.98999786376953,,122.0,18.0
2015-03-16 03:49:00,3.799999952316284,-3.240000009536743,,99.98999786376953,,131.0,17.0
2015-03-16 03:50:00,4.150000095367432,-2.9200000762939453,345.1000061035156,8.399999618530273,-1.4299999475479126,149.0,16.0
2015-03-16 03:51:00,4.010000228881836,-3.180000066757202,344.6000061035156,8.430000305175781,-1.3799999952316284,157.0,16.0
2015-03-16 03:52:00,3.930000066757202,-3.4100000858306885,344.5,8.34000015258789,-1.350000023841858,156.0,16.0
2015-03-16 03:53:00,3.869999885559082,-3.7100000381469727,344.70001220703125,7.96999979019165,-1.3300000429153442,189.0,16.0
2015-03-16 03:54:00,4.190000057220459,-2.890000104904175,345.70001220703125,8.010000228881836,-1.4500000476837158,231.0,15.0
2015-03-16 03:55:00,4.159999847412109,-3.369999885559082,346.6000061035156,8.449999809265137,-1.440000057220459,246.0,15.0
2015-03-16 03:56:00,4.5,-3.9600000381469727,345.79998779296875,8.109999656677246,-1.559999942779541,267.0,15.0
2015-03-16 03:57:00,4.71999979019165,-3.880000114440918,347.1000061035156,7.820000171661377,-1.6399999856948853,296.0,15.0
2015-03-16 03:58:00,4.619999885559082,-3.8299999237060547,344.5,7.710000038146973,-1.590000033378601,286.0,16.0
2015-03-16 03:59:00,5.03000020980835,-4.260000228881836,344.6000061035156,7.420000076293945,-1.7300000190734863,264.0,15.0
2015-03-16 04:00:00,5.340000152587891,-4.360000133514404,345.0,6.670000076293945,-1.840000033378601,250.0,16.0
2015-03-16 04:01:00,6.340000152587891,-4.489999771118164,345.20001220703125,6.28000020980835,-2.190000057220459,251.0,16.0
2015-03-16 04:02:00,5.699999809265137,-5.199999809265137,344.79998779296875,5.96999979019165,-1.9700000286102295,265.0,17.0
2015-03-16 04:03:00,4.460000038146973,-5.860000133514404,345.8999938964844,6.039999961853027,-1.5399999618530273,255.0,17.0
2015-03-16 04:04:00,4.559999942779541,-4.679999828338623,349.5,6.610000133514404,-1.590000033378601,243.0,17.0
2015-03-16 04:05:00,5.409999847412109,-3.9800000190734863,347.1000061035156,6.53000020980835,-1.8799999952316284,255.0,17.0
2015-03-16 04:06:00,4.829999923706055,-3.3399999141693115,349.1000061035156,7.28000020980835,-1.690000057220459,279.0,17.0
2015-03-16 04:07:00,4.940000057220459,-3.819999933242798,350.8999938964844,7.960000038146973,-1.7300000190734863,269.0,16.0
2015-03-16 04:08:00,4.599999904632568,-4.340000152587891,347.3999938964844,7.449999809265137,-1.600000023841858,257.0,16.0
2015-03-16 04:09:00,4.789999961853027,-5.170000076293945,348.29998779296875,7.429999828338623,-1.6699999570846558,259.0,16.0
2015-03-16 04:10:00,5.480000019073486,-3.9600000381469727,349.0,7.440000057220459,-1.909999966621399,263.0,15.0
2015-03-16 04:11:00,5.800000190734863,-3.799999952316284,349.6000061035156,7.5,-2.0299999713897705,277.0,15.0
2015-03-16 04:12:00,5.579999923706055,-4.659999847412109,350.70001220703125,6.519999980926514,-1.9600000381469727,270.0,15.0
2015-03-16 04:13:00,5.940000057220459,-4.349999904632568,349.1000061035156,6.559999942779541,-2.069999933242798,277.0,16.0
2015-03-16 04:14:00,5.610000133514404,-4.269999980926514,345.79998779296875,6.739999771118164,-1.940000057220459,286.0,16.0
2015-03-16 04:15:00,5.71999979019165,-4.659999847412109,348.79998779296875,6.949999809265137,-2.0,276.0,16.0
2015-03-16 04:16:00,5.699999809265137,-4.71999979019165,348.3999938964844,6.880000114440918,-1.9900000095367432,274.0,16.0
2015-03-16 04:17:00,6.119999885559082,-4.5,347.0,6.650000095367432,-2.119999885559082,262.0,16.0
2015-03-16 04:18:00,5.730000019073486,-5.139999866485596,345.5,6.559999942779541,-1.9800000190734863,252.0,16.0
2015-03-16 04:19:00,4.989999771118164,-5.360000133514404,345.79998779296875,6.619999885559082,-1.7300000190734863,248.0,17.0
2015-03-16 04:20:00,4.480000019073486,-5.039999961853027,347.5,6.829999923706055,-1.559999942779541,244.0,17.0
2015-03-16 04:21:00,5.25,-5.900000095367432,348.6000061035156,6.889999866485596,-1.8300000429153442,242.0,17.0
2015-03-16 04:22:00,6.050000190734863,-4.849999904632568,350.0,6.300000190734863,-2.119999885559082,249.0,17.0
2015-03-16 04:23:00,6.869999885559082,-3.8299999237060547,350.0,6.300000190734863,-2.4000000953674316,269.0,17.0
2015-03-16 04:24:00,5.050000190734863,-6.510000228881836,349.5,6.420000076293945,-1.7599999904632568,266.0,17.0
2015-03-16 04:25:00,6.079999923706055,-5.610000133514404,349.5,6.420000076293945,-2.119999885559082,260.0,17.0
2015-03-16 04:26:00,6.329999923706055,-5.239999771118164,349.5,6.420000076293945,-2.2100000381469727,263.0,17.0
2015-03-16 04:27:00,7.78000020980835,-3.049999952316284,347.70001220703125,6.349999904632568,-2.7100000381469727,258.0,17.0
2015-03-16 04:28:00,6.800000190734863,-5.460000038146973,347.20001220703125,6.269999980926514,-2.359999895095825,253.0,17.0
2015-03-16 04:29:00,6.190000057220459,-6.210000038146973,346.79998779296875,6.199999809265137,-2.1500000953674316,257.0,17.0
2015-03-16 04:30:00,5.650000095367432,-6.869999885559082,,99.98999786376953,,272.0,18.0
2015-03-16 04:31:00,6.239999771118164,-6.639999866485596,345.20001220703125,5.849999904632568,-2.1500000953674316,291.0,17.0
2015-03-16 04:32:00,5.96999979019165,-6.829999923706055,345.20001220703125,5.849999904632568,-2.059999942779541,304.0,16.0
2015-03-16 04:33:00,5.769999980926514,-7.050000190734863,345.20001220703125,5.849999904632568,-1.9900000095367432,308.0,14.0
2015-03-16 04:34:00,5.349999904632568,-7.650000095367432,344.1000061035156,5.869999885559082,-1.840000033378601,307.0,13.0
2015-03-16 04:35:00,4.53000020980835,-8.479999542236328,344.1000061035156,5.869999885559082,-1.559999942779541,291.0,13.0
2015-03-16 04:36:00,3.440000057220459,-8.869999885559082,340.20001220703125,5.440000057220459,-1.1699999570846558,277.0,13.0
2015-03-16 04:37:00,2.799999952316284,-8.069999694824219,340.20001220703125,5.440000057220459,-0.949999988079071,281.0,12.0
2015-03-16 04:38:00,4.199999809265137,-3.440000057220459,343.79998779296875,6.070000171661377,-1.440000057220459,270.0,12.0
2015-03-16 04:39:00,5.0,-2.200000047683716,344.0,6.289999961853027,-1.7200000286102295,295.0,13.0
2015-03-16 04:40:00,3.869999885559082,-4.019999980926514,345.0,7.570000171661377,-1.340000033378601,274.0,14.0
2015-03-16 04:41:00,0.9399999976158142,-5.570000171661377,346.20001220703125,7.739999771118164,-0.33000001311302185,280.0,15.0
2015-03-16 04:42:00,-0.8700000047683716,-6.489999771118164,345.29998779296875,7.679999828338623,0.30000001192092896,306.0,16.0
2015-03-16 04:43:00,-0.5600000023841858,-6.449999809265137,347.20001220703125,7.71999979019165,0.1899999976158142,315.0,16.0
2015-03-16 04:44:00,-0.33000001311302185,-6.050000190734863,347.1000061035156,7.590000152587891,0.10999999940395355,323.0,17.0
2015-03-16 04:45:00,-0.49000000953674316,-5.96999979019165,347.1000061035156,7.590000152587891,0.17000000178813934,328.0,17.0
2015-03-16 04:46:00,1.7300000190734863,-4.03000020980835,345.79998779296875,8.390000343322754,-0.6000000238418579,309.0,17.0
2015-03-16 04:47:00,1.6799999475479126,-4.329999923706055,345.6000061035156,8.520000457763672,-0.5799999833106995,286.0,18.0
2015-03-16 04:48:00,1.5099999904632568,-4.340000152587891,345.3999938964844,8.859999656677246,-0.5199999809265137,307.0,19.0
2015-03-16 04:49:00,1.7200000286102295,-4.300000190734863,346.70001220703125,8.449999809265137,-0.6000000238418579,327.0,20.0
2015-03-16 04:50:00,1.2899999618530273,-4.380000114440918,344.20001220703125,8.600000381469727,-0.4399999976158142,347.0,21.0
2015-03-16 04:51:00,1.3899999856948853,-4.610000133514404,344.20001220703125,8.630000114440918,-0.47999998927116394,367.0,22.0
2015-03-16 04:52:00,0.009999999776482582,-4.210000038146973,347.29998779296875,8.539999961853027,-0.0,386.0,21.0
2015-03-16 04:53:00,-1.6299999952316284,-2.5,343.8999938964844,8.550000190734863,0.5600000023841858,402.0,21.0
2015-03-16 04:54:00,-0.550000011920929,-2.8399999141693115,345.79998779296875,8.739999771118164,0.1899999976158142,405.0,21.0
2015-03-16 04:55:00,-2.4000000953674316,-1.9800000190734863,347.6000061035156,8.5,0.8299999833106995,394.0,21.0
2015-03-16 04:56:00,-2.740000009536743,-1.7599999904632568,347.3999938964844,8.520000457763672,0.949999988079071,387.0,21.0
2015-03-16 04:57:00,-1.5,-1.409999966621399,344.79998779296875,8.6899995803833,0.5199999809265137,377.0,21.0
2015-03-16 04:58:00,-3.5899999141693115,-0.46000000834465027,345.6000061035156,8.789999961853027,1.2400000095367432,357.0,21.0
2015-03-16 04:59:00,-3.9800000190734863,-0.7300000190734863,346.70001220703125,8.84000015258789,1.3799999952316284,361.0,21.0
2015-03-16 05:00:00,-3.880000114440918,-0.7200000286102295,345.79998779296875,8.850000381469727,1.340000033378601,371.0,21.0
2015-03-16 05:01:00,-4.840000152587891,0.6899999976158142,344.20001220703125,9.140000343322754,1.6699999570846558,368.0,22.0
2015-03-16 05:02:00,-5.03000020980835,0.8100000023841858,,99.98999786376953,,369.0,21.0
2015-03-16 05:03:00,,,,99.98999786376953,,362.0,22.0
2015-03-16 05:04:00,-5.5,0.5699999928474426,345.20001220703125,8.550000190734863,1.899999976158142,354.0,21.0
2015-03-16 05:05:00,-4.809999942779541,0.9800000190734863,345.1000061035156,8.550000190734863,1.659999966621399,333.0,22.0
2015-03-16 05:06:00,-5.079999923706055,1.590000033378601,344.6000061035156,8.5600004196167,1.75,321.0,22.0
2015-03-16 05:07:00,-4.989999771118164,1.0399999618530273,346.3999938964844,8.369999885559082,1.7300000190734863,316.0,23.0
2015-03-16 05:08:00,-5.25,0.8199999928474426,343.8999938964844,8.630000114440918,1.809999942779541,308.0,23.0
2015-03-16 05:09:00,-4.710000038146973,0.15000000596046448,342.79998779296875,8.699999809265137,1.6100000143051147,310.0,24.0
2015-03-16 05:10:00,-5.019999980926514,0.5,341.1000061035156,8.779999732971191,1.7100000381469727,322.0,24.0
2015-03-16 05:11:00,-5.570000171661377,0.8299999833106995,341.79998779296875,8.670000076293945,1.899999976158142,322.0,24.0
2015-03-16 05:12:00,-5.889999866485596,1.0099999904632568,341.79998779296875,8.460000038146973,2.009999990463257,336.0,25.0
2015-03-16 05:13:00,-6.989999771118164,1.7200000286102295,345.8999938964844,7.539999961853027,2.4200000762939453,329.0,24.0
2015-03-16 05:14:00,-7.139999866485596,1.9800000190734863,346.3999938964844,7.630000114440918,2.4700000286102295,317.0,24.0
2015-03-16 05:15:00,-7.110000133514404,2.109999895095825,346.3999938964844,7.659999847412109,2.4600000381469727,307.0,24.0
2015-03-16 05:16:00,-7.050000190734863,1.9299999475479126,,99.98999786376953,,291.0,25.0
2015-03-16 05:17:00,-6.769999980926514,1.940000057220459,346.3999938964844,7.349999904632568,2.3499999046325684,292.0,25.0
2015-03-16 05:18:00,-6.75,1.7300000190734863,346.3999938964844,7.349999904632568,2.3399999141693115,303.0,26.0
2015-03-16 05:19:00,-6.559999942779541,1.6399999856948853,346.3999938964844,7.349999904632568,2.2699999809265137,307.0,26.0
2015-03-16 05:20:00,-6.539999961853027,1.7999999523162842,,99.98999786376953,,313.0,26.0
2015-03-16 05:21:00,-6.489999771118164,1.4800000190734863,344.8999938964844,7.940000057220459,2.240000009536743,317.0,26.0
2015-03-16 05:22:00,-6.130000114440918,0.8199999928474426,344.8999938964844,7.940000057220459,2.109999895095825,308.0,26.0
2015-03-16 05:23:00,-6.050000190734863,0.8500000238418579,344.8999938964844,7.940000057220459,2.0899999141693115,323.0,26.0
2015-03-16 05:24:00,-6.119999885559082,0.7799999713897705,,99.98999786376953,,311.0,26.0
2015-03-16 05:25:00,-6.159999847412109,2.3499999046325684,344.29998779296875,8.130000114440918,2.119999885559082,297.0,26.0
2015-03-16 05:26:00,-6.159999847412109,2.3399999141693115,344.29998779296875,8.130000114440918,2.119999885559082,282.0,25.0
2015-03-16 05:27:00,-6.340000152587891,2.6600000858306885,344.29998779296875,8.130000114440918,2.180000066757202,269.0,25.0
2015-03-16 05:28:00,-6.409999847412109,2.6600000858306885,,99.98999786376953,,257.0,25.0
2015-03-16 05:29:00,-6.239999771118164,2.7699999809265137,,99.98999786376953,,252.0,25.0
2015-03-16 05:30:00,-6.170000076293945,3.0199999809265137,,99.98999786376953,,241.0,25.0
2015-03-16 05:31:00,-6.070000171661377,3.0199999809265137,345.29998779296875,8.079999923706055,2.0999999046325684,224.0,25.0
2015-03-16 05:32:00,,,345.29998779296875,8.079999923706055,,220.0,25.0
2015-03-16 05:33:00,,,,99.98999786376953,,232.0,25.0
2015-03-16 05:34:00,-5.53000020980835,2.190000057220459,,99.98999786376953,,240.0,24.0
2015-03-16 05:35:00,-5.400000095367432,2.369999885559082,344.8999938964844,8.279999732971191,1.8600000143051147,234.0,24.0
2015-03-16 05:36:00,-5.059999942779541,2.700000047683716,344.8999938964844,8.289999961853027,1.75,224.0,24.0
2015-03-16 05:37:00,-4.96999979019165,3.059999942779541,342.70001220703125,9.100000381469727,1.7000000476837158,226.0,24.0
2015-03-16 05:38:00,-5.269999980926514,2.700000047683716,344.1000061035156,9.180000305175781,1.809999942779541,221.0,24.0
2015-03-16 05:39:00,-6.019999980926514,2.259999990463257,345.0,9.210000038146973,2.0799999237060547,220.0,24.0
2015-03-16 05:40:00,-6.190000057220459,2.4200000762939453,347.3999938964844,9.770000457763672,2.1500000953674316,221.0,24.0
2015-03-16 05:41:00,-5.960000038146973,2.200000047683716,347.3999938964844,9.770000457763672,2.069999933242798,211.0,24.0
2015-03-16 05:42:00,-5.760000228881836,2.509999990463257,,99.98999786376953,,214.0,24.0
2015-03-16 05:43:00,-5.650000095367432,2.8399999141693115,,99.98999786376953,,211.0,25.0
2015-03-16 05:44:00,,,,99.98999786376953,,209.0,25.0
2015-03-16 05:45:00,-5.630000114440918,3.299999952316284,,99.98999786376953,,205.0,26.0
2015-03-16 05:46:00,-5.380000114440918,3.5899999141693115,349.5,10.210000038146973,1.8799999952316284,218.0,26.0
2015-03-16 05:47:00,-5.230000019073486,3.799999952316284,349.5,10.210000038146973,1.8300000429153442,225.0,26.0
2015-03-16 05:48:00,-5.139999866485596,3.9000000953674316,351.3999938964844,11.680000305175781,1.809999942779541,229.0,26.0
2015-03-16 05:49:00,-5.130000114440918,3.9600000381469727,350.79998779296875,11.0600004196167,1.7999999523162842,231.0,27.0
2015-03-16 05:50:00,-4.789999961853027,4.389999866485596,350.3999938964844,10.640000343322754,1.6799999475479126,234.0,27.0
2015-03-16 05:51:00,-4.949999809265137,4.210000038146973,350.3999938964844,10.789999961853027,1.7300000190734863,238.0,28.0
2015-03-16 05:52:00,-5.570000171661377,3.25,350.3999938964844,10.789999961853027,1.9500000476837158,242.0,28.0
2015-03-16 05:53:00,-5.75,2.9700000286102295,350.3999938964844,10.789999961853027,2.009999990463257,244.0,28.0
2015-03-16 05:54:00,-5.059999942779541,3.819999933242798,,99.98999786376953,,241.0,28.0
2015-03-16 05:55:00,-5.059999942779541,3.880000114440918,351.0,11.15999984741211,1.7799999713897705,240.0,27.0
2015-03-16 05:56:00,-5.190000057220459,4.070000171661377,351.0,11.15999984741211,1.8200000524520874,246.0,27.0
2015-03-16 05:57:00,-5.360000133514404,3.4000000953674316,,99.98999786376953,,244.0,26.0
2015-03-16 05:58:00,-4.929999828338623,3.549999952316284,352.5,11.069999694824219,1.7400000095367432,241.0,25.0
2015-03-16 05:59:00,-4.989999771118164,3.2799999713897705,352.5,11.069999694824219,1.7599999904632568,242.0,24.0
2015-03-16 06:00:00,,,,99.98999786376953,,241.0,23.0
2015-03-16 06:01:00,-5.829999923706055,0.8100000023841858,353.29998779296875,11.34000015258789,2.059999942779541,218.0,22.0
2015-03-16 06:02:00,-6.019999980926514,2.259999990463257,353.29998779296875,11.34000015258789,2.130000114440918,204.0,23.0
2015-03-16 06:03:00,-5.980000019073486,1.559999942779541,,99.98999786376953,,204.0,22.0
2015-03-16 06:04:00,-5.920000076293945,1.5199999809265137,352.0,9.869999885559082,2.0799999237060547,206.0,23.0
2015-03-16 06:05:00,-5.679999828338623,1.2699999809265137,352.0,9.869999885559082,2.0,213.0,22.0
2015-03-16 06:06:00,-4.880000114440918,4.239999771118164,352.3999938964844,11.890000343322754,1.7200000286102295,212.0,22.0
2015-03-16 06:07:00,-3.9800000190734863,-0.05000000074505806,352.1000061035156,11.869999885559082,1.399999976158142,214.0,22.0
2015-03-16 06:08:00,-5.25,-4.800000190734863,348.6000061035156,8.819999694824219,1.8300000429153442,210.0,23.0
2015-03-16 06:09:00,-4.329999923706055,-4.159999847412109,352.29998779296875,7.920000076293945,1.5299999713897705,209.0,23.0
2015-03-16 06:10:00,-3.549999952316284,-7.639999866485596,351.8999938964844,8.3100004196167,1.25,208.0,23.0
2015-03-16 06:11:00,-5.360000133514404,-9.399999618530273,352.8999938964844,8.170000076293945,1.8899999856948853,205.0,23.0
2015-03-16 06:12:00,-5.900000095367432,-9.510000228881836,356.8999938964844,7.670000076293945,2.109999895095825,234.0,20.0
2015-03-16 06:13:00,-5.380000114440918,-9.899999618530273,356.0,7.71999979019165,1.9199999570846558,218.0,17.0
2015-03-16 06:14:00,-5.78000020980835,-9.649999618530273,355.79998779296875,7.739999771118164,2.059999942779541,186.0,16.0
2015-03-16 06:15:00,-5.199999809265137,-9.869999885559082,356.79998779296875,7.300000190734863,1.8600000143051147,178.0,14.0
2015-03-16 06:16:00,-5.480000019073486,-9.640000343322754,359.29998779296875,7.789999961853027,1.9700000286102295,166.0,10.0
2015-03-16 06:17:00,-5.710000038146973,-10.0,357.70001220703125,7.429999828338623,2.0399999618530273,140.0,8.0
2015-03-16 06:18:00,-5.179999828338623,-10.279999732971191,357.20001220703125,7.400000095367432,1.850000023841858,118.0,7.0
2015-03-16 06:19:00,-4.53000020980835,-12.119999885559082,355.70001220703125,7.460000038146973,1.6100000143051147,119.0,6.0
2015-03-16 06:20:00,-4.949999809265137,-12.649999618530273,358.6000061035156,3.819999933242798,1.7799999713897705,122.0,6.0
2015-03-16 06:21:00,-10.170000076293945,-8.510000228881836,360.8999938964844,3.7799999713897705,3.6700000762939453,136.0,7.0
2015-03-16 06:22:00,-12.399999618530273,-5.28000020980835,364.29998779296875,3.9200000762939453,4.519999980926514,146.0,7.0
2015-03-16 06:23:00,-11.369999885559082,-7.489999771118164,,99.98999786376953,,153.0,7.0
2015-03-16 06:24:00,-11.09000015258789,-7.329999923706055,367.3999938964844,3.690000057220459,4.070000171661377,159.0,6.0
2015-03-16 06:25:00,-11.460000038146973,-6.03000020980835,367.5,3.7100000381469727,4.210000038146973,168.0,5.0
2015-03-16 06:26:00,-9.829999923706055,-8.329999923706055,367.20001220703125,4.260000228881836,3.609999895095825,167.0,3.0
2015-03-16 06:27:00,-9.6899995803833,-8.789999961853027,369.79998779296875,3.9000000953674316,3.5799999237060547,138.0,0.0
2015-03-16 06:28:00,-9.84000015258789,-8.510000228881836,367.5,3.630000114440918,3.619999885559082,98.0,-2.0
2015-03-16 06:29:00,-9.4399995803833,-8.760000228881836,365.70001220703125,3.450000047683716,3.450000047683716,83.0,-3.0
2015-03-16 06:30:00,-9.180000305175781,-9.319999694824219,365.79998779296875,3.25,3.359999895095825,115.0,-3.0
2015-03-16 06:31:00,-8.09000015258789,-9.859999656677246,368.70001220703125,3.180000066757202,2.9800000190734863,165.0,-3.0
2015-03-16 06:32:00,-8.050000190734863,-9.649999618530273,370.6000061035156,3.140000104904175,2.9800000190734863,163.0,-1.0
2015-03-16 06:33:00,-8.609999656677246,-9.5600004196167,371.20001220703125,3.1600000858306885,3.200000047683716,231.0,0.0
2015-03-16 06:34:00,-8.829999923706055,-9.170000076293945,371.20001220703125,3.1600000858306885,3.2799999713897705,204.0,1.0
2015-03-16 06:35:00,-8.09000015258789,-9.34000015258789,371.20001220703125,3.450000047683716,3.0,167.0,3.0
2015-03-16 06:36:00,-7.909999847412109,-9.15999984741211,371.20001220703125,3.450000047683716,2.940000057220459,151.0,3.0
2015-03-16 06:37:00,-7.849999904632568,-8.960000038146973,371.0,3.609999895095825,2.9100000858306885,141.0,4.0
2015-03-16 06:38:00,-7.170000076293945,-8.399999618530273,371.0,3.609999895095825,2.6600000858306885,153.0,4.0
2015-03-16 06:39:00,-7.559999942779541,-8.619999885559082,372.0,3.3499999046325684,2.809999942779541,151.0,4.0
2015-03-16 06:40:00,-7.900000095367432,-9.699999809265137,371.29998779296875,3.450000047683716,2.930000066757202,166.0,3.0
2015-03-16 06:41:00,-7.78000020980835,-9.770000457763672,369.8999938964844,3.700000047683716,2.880000114440918,187.0,3.0
2015-03-16 06:42:00,-7.380000114440918,-10.539999961853027,365.79998779296875,3.390000104904175,2.700000047683716,530.0,5.0
2015-03-16 06:43:00,-7.340000152587891,-10.380000114440918,367.6000061035156,3.109999895095825,2.700000047683716,577.0,4.0
2015-03-16 06:44:00,-7.340000152587891,-10.420000076293945,369.0,2.890000104904175,2.7100000381469727,581.0,4.0
2015-03-16 06:45:00,-7.53000020980835,-10.34000015258789,,99.98999786376953,,475.0,3.0
2015-03-16 06:46:00,-7.71999979019165,-10.5600004196167,,99.98999786376953,,426.0,3.0
2015-03-16 06:47:00,-7.440000057220459,-10.380000114440918,,99.98999786376953,,475.0,3.0
2015-03-16 06:48:00,,,,99.98999786376953,,403.0,3.0
2015-03-16 06:49:00,1.8300000429153442,-7.800000190734863,,99.98999786376953,,362.0,2.0
2015-03-16 06:50:00,10.100000381469727,1.1799999475479126,,99.98999786376953,,299.0,2.0
2015-03-16 06:51:00,10.119999885559082,2.2699999809265137,,99.98999786376953,,297.0,1.0
2015-03-16 06:52:00,10.279999732971191,0.9200000166893005,362.0,2.7300000190734863,-3.7200000286102295,293.0,0.0
2015-03-16 06:53:00,10.75,2.819999933242798,362.0,2.7300000190734863,-3.890000104904175,298.0,0.0
2015-03-16 06:54:00,10.34000015258789,4.480000019073486,362.8999938964844,3.009999990463257,-3.75,296.0,0.0
2015-03-16 06:55:00,9.949999809265137,4.230000019073486,363.29998779296875,3.1500000953674316,-3.609999895095825,307.0,0.0
2015-03-16 06:56:00,10.15999984741211,3.75,363.3999938964844,3.119999885559082,-3.690000057220459,340.0,1.0
2015-03-16 06:57:00,10.739999771118164,3.9600000381469727,363.3999938964844,3.119999885559082,-3.9000000953674316,367.0,1.0
2015-03-16 06:58:00,,,,99.98999786376953,,373.0,0.0
2015-03-16 06:59:00,,,,99.98999786376953,,359.0,-1.0
2015-03-16 07:00:00,,,,99.98999786376953,,384.0,-2.0
2015-03-16 07:01:00,,,,99.98999786376953,,417.0,-3.0
2015-03-16 07:02:00,,,,99.98999786376953,,493.0,-3.0
2015-03-16 07:03:00,,,,99.98999786376953,,508.0,-4.0
2015-03-16 07:04:00,,,,99.98999786376953,,460.0,-5.0
2015-03-16 07:05:00,,,,99.98999786376953,,420.0,-6.0
2015-03-16 07:06:00,,,,99.98999786376953,,390.0,-6.0
2015-03-16 07:07:00,,,,99.98999786376953,,390.0,-6.0
2015-03-16 07:08:00,,,,99.98999786376953,,317.0,-6.0
2015-03-16 07:09:00,,,,99.98999786376953,,267.0,-6.0
2015-03-16 07:10:00,,,,99.98999786376953,,275.0,-6.0
2015-03-16 07:11:00,,,,99.98999786376953,,295.0,-7.0
2015-03-16 07:12:00,,,,99.98999786376953,,297.0,-6.0
2015-03-16 07:13:00,,,,99.98999786376953,,297.0,-6.0
2015-03-16 07:14:00,,,,99.98999786376953,,250.0,-6.0
2015-03-16 07:15:00,,,,99.98999786376953,,223.0,-6.0
2015-03-16 07:16:00,12.09000015258789,1.0399999618530273,359.20001220703125,3.190000057220459,-4.340000152587891,224.0,-6.0
2015-03-16 07:17:00,12.40999984741211,1.649999976158142,359.20001220703125,3.200000047683716,-4.460000038146973,230.0,-6.0
2015-03-16 07:18:00,12.600000381469727,-0.07000000029802322,359.20001220703125,3.5799999237060547,-4.53000020980835,226.0,-6.0
2015-03-16 07:19:00,12.470000267028809,1.5,359.20001220703125,3.6600000858306885,-4.480000019073486,214.0,-7.0
2015-03-16 07:20:00,12.369999885559082,2.0399999618530273,359.1000061035156,3.630000114440918,-4.440000057220459,186.0,-7.0
2015-03-16 07:21:00,12.369999885559082,2.4600000381469727,355.0,2.740000009536743,-4.389999866485596,169.0,-7.0
2015-03-16 07:22:00,12.680000305175781,2.5,355.0,2.740000009536743,-4.5,179.0,-8.0
2015-03-16 07:23:00,12.569999694824219,2.7799999713897705,355.0,2.740000009536743,-4.460000038146973,181.0,-8.0
2015-03-16 07:24:00,,,,99.98999786376953,,130.0,-8.0
2015-03-16 07:25:00,11.869999885559082,-2.180000066757202,,99.98999786376953,,136.0,-8.0
2015-03-16 07:26:00,11.949999809265137,-2.6500000953674316,,99.98999786376953,,163.0,-8.0
2015-03-16 07:27:00,,,,99.98999786376953,,200.0,-8.0
2015-03-16 07:28:00,11.619999885559082,-2.6700000762939453,,99.98999786376953,,230.0,-8.0
2015-03-16 07:29:00,11.890000343322754,-2.3499999046325684,,99.98999786376953,,230.0,-7.0
2015-03-16 07:30:00,11.8100004196167,-3.2200000286102295,,99.98999786376953,,224.0,-7.0
2015-03-16 07:31:00,11.079999923706055,-4.739999771118164,362.3999938964844,3.549999952316284,-4.019999980926514,219.0,-6.0
2015-03-16 07:32:00,10.899999618530273,-4.900000095367432,362.29998779296875,3.5299999713897705,-3.950000047683716,244.0,-5.0
2015-03-16 07:33:00,10.819999694824219,-5.0,362.20001220703125,3.509999990463257,-3.9200000762939453,262.0,-5.0
2015-03-16 07:34:00,10.229999542236328,-5.480000019073486,,99.98999786376953,,243.0,-5.0
2015-03-16 07:35:00,10.170000076293945,-6.03000020980835,,99.98999786376953,,314.0,-4.0
2015-03-16 07:36:00,10.109999656677246,-6.349999904632568,360.70001220703125,3.240000009536743,-3.6500000953674316,353.0,-4.0
2015-03-16 07:37:00,10.229999542236328,-6.289999961853027,360.3999938964844,3.299999952316284,-3.690000057220459,386.0,-4.0
2015-03-16 07:38:00,9.789999961853027,-6.869999885559082,358.20001220703125,3.3299999237060547,-3.509999990463257,402.0,-4.0
2015-03-16 07:39:00,9.770000457763672,-6.849999904632568,357.3999938964844,3.319999933242798,-3.490000009536743,408.0,-3.0
2015-03-16 07:40:00,9.489999771118164,-7.269999980926514,,99.98999786376953,,356.0,-2.0
2015-03-16 07:41:00,9.489999771118164,-7.400000095367432,359.20001220703125,3.200000047683716,-3.4100000858306885,319.0,-2.0
2015-03-16 07:42:00,,,359.20001220703125,3.200000047683716,,328.0,-2.0
2015-03-16 07:43:00,9.020000457763672,-7.440000057220459,,99.98999786376953,,342.0,-2.0
2015-03-16 07:44:00,8.300000190734863,-8.0,,99.98999786376953,,366.0,-3.0
2015-03-16 07:45:00,6.550000190734863,-7.960000038146973,367.1000061035156,4.929999828338623,-2.4000000953674316,380.0,-3.0
2015-03-16 07:46:00,6.739999771118164,-7.590000152587891,365.79998779296875,4.679999828338623,-2.4700000286102295,382.0,-4.0
2015-03-16 07:47:00,6.190000057220459,-7.019999980926514,367.70001220703125,4.78000020980835,-2.2799999713897705,376.0,-5.0
2015-03-16 07:48:00,5.940000057220459,-7.179999828338623,368.1000061035156,4.829999923706055,-2.190000057220459,368.0,-5.0
2015-03-16 07:49:00,5.929999828338623,-7.690000057220459,362.5,6.090000152587891,-2.1500000953674316,344.0,-6.0
2015-03-16 07:50:00,6.130000114440918,-7.539999961853027,362.5,6.090000152587891,-2.2200000286102295,325.0,-5.0
2015-03-16 07:51:00,5.699999809265137,-7.659999847412109,362.5,6.090000152587891,-2.069999933242798,305.0,-5.0
2015-03-16 07:52:00,4.840000152587891,-8.699999809265137,367.70001220703125,5.380000114440918,-1.7799999713897705,287.0,-4.0
2015-03-16 07:53:00,3.5199999809265137,-10.760000228881836,366.3999938964844,4.980000019073486,-1.2899999618530273,276.0,-3.0
2015-03-16 07:54:00,3.7899999618530273,-10.460000038146973,362.0,3.640000104904175,-1.3700000047683716,281.0,-3.0
2015-03-16 07:55:00,4.360000133514404,-10.5,361.79998779296875,3.859999895095825,-1.5800000429153442,271.0,-3.0
2015-03-16 07:56:00,5.46999979019165,-10.020000457763672,361.79998779296875,3.880000114440918,-1.9800000190734863,256.0,-2.0
2015-03-16 07:57:00,5.019999980926514,-10.079999923706055,,99.98999786376953,,262.0,-2.0
2015-03-16 07:58:00,3.369999885559082,-10.470000267028809,360.70001220703125,3.5299999713897705,-1.2200000286102295,247.0,-2.0
2015-03-16 07:59:00,2.259999990463257,-10.710000038146973,361.8999938964844,3.5399999618530273,-0.8199999928474426,229.0,1.0
2015-03-16 08:00:00,-0.12999999523162842,-11.260000228881836,361.1000061035156,3.1700000762939453,0.05000000074505806,242.0,2.0
2015-03-16 08:01:00,,,361.70001220703125,3.0999999046325684,,259.0,4.0
2015-03-16 08:02:00,-0.8799999952316284,-11.479999542236328,,99.98999786376953,,268.0,6.0
2015-03-16 08:03:00,-0.09000000357627869,-11.420000076293945,362.1000061035156,3.130000114440918,0.029999999329447746,275.0,5.0
2015-03-16 08:04:00,0.03999999910593033,-11.460000038146973,362.1000061035156,3.130000114440918,-0.009999999776482582,279.0,4.0
2015-03-16 08:05:00,,,,99.98999786376953,,280.0,2.0
2015-03-16 08:06:00,-0.18000000715255737,-11.600000381469727,358.8999938964844,2.890000104904175,0.05999999865889549,261.0,0.0
2015-03-16 08:07:00,1.2799999713897705,-11.25,358.8999938964844,2.940000057220459,-0.46000000834465027,234.0,-2.0
2015-03-16 08:08:00,3.7100000381469727,-10.4399995803833,358.79998779296875,3.059999942779541,-1.3300000429153442,214.0,-4.0
2015-03-16 08:09:00,3.390000104904175,-10.600000381469727,358.79998779296875,3.059999942779541,-1.2200000286102295,217.0,-4.0
2015-03-16 08:10:00,3.059999942779541,-10.510000228881836,,99.98999786376953,,222.0,-5.0
2015-03-16 08:11:00,3.7899999618530273,-10.229999542236328,358.1000061035156,3.2100000381469727,-1.3600000143051147,211.0,-5.0
2015-03-16 08:12:00,4.159999847412109,-10.260000228881836,358.29998779296875,3.2100000381469727,-1.4900000095367432,182.0,-4.0
2015-03-16 08:13:00,4.119999885559082,-10.319999694824219,361.1000061035156,3.2899999618530273,-1.4900000095367432,148.0,-4.0
2015-03-16 08:14:00,4.300000190734863,-10.369999885559082,361.20001220703125,3.2899999618530273,-1.5499999523162842,145.0,-3.0
2015-03-16 08:15:00,4.869999885559082,-10.140000343322754,,99.98999786376953,,151.0,-3.0
2015-03-16 08:16:00,6.010000228881836,-9.59000015258789,361.5,3.4000000953674316,-2.1700000762939453,159.0,-3.0
2015-03-16 08:17:00,5.880000114440918,-9.899999618530273,362.8999938964844,3.259999990463257,-2.130000114440918,186.0,-2.0
2015-03-16 08:18:00,5.760000228881836,-9.670000076293945,367.5,2.8299999237060547,-2.119999885559082,193.0,-1.0
2015-03-16 08:19:00,7.039999961853027,-8.880000114440918,360.1000061035156,3.2699999809265137,-2.5399999618530273,191.0,-1.0
2015-03-16 08:20:00,8.239999771118164,-8.239999771118164,362.8999938964844,3.25,-2.990000009536743,190.0,0.0
2015-03-16 08:21:00,9.359999656677246,-7.25,364.70001220703125,3.2300000190734863,-3.4100000858306885,189.0,0.0
2015-03-16 08:22:00,10.210000038146973,-6.360000133514404,366.70001220703125,2.7899999618530273,-3.740000009536743,181.0,0.0
2015-03-16 08:23:00,9.15999984741211,-7.570000171661377,369.29998779296875,2.9000000953674316,-3.380000114440918,175.0,1.0
2015-03-16 08:24:00,8.970000267028809,-7.980000019073486,370.79998779296875,2.9700000286102295,-3.3299999237060547,173.0,1.0
2015-03-16 08:25:00,8.949999809265137,-7.940000057220459,366.70001220703125,2.9100000858306885,-3.2799999713897705,169.0,1.0
2015-03-16 08:26:00,8.369999885559082,-8.40999984741211,366.70001220703125,2.9100000858306885,-3.069999933242798,174.0,1.0
2015-03-16 08:27:00,6.460000038146973,-9.710000038146973,366.1000061035156,3.25,-2.369999885559082,173.0,1.0
2015-03-16 08:28:00,5.75,-10.010000228881836,366.1000061035156,3.25,-2.109999895095825,162.0,0.0
2015-03-16 08:29:00,3.2799999713897705,-9.390000343322754,375.29998779296875,5.769999980926514,-1.2300000190734863,153.0,0.0
2015-03-16 08:30:00,5.639999866485596,-9.699999809265137,374.3999938964844,5.539999961853027,-2.109999895095825,152.0,0.0
2015-03-16 08:31:00,5.829999923706055,-9.279999732971191,368.0,3.7899999618530273,-2.1500000953674316,155.0,0.0
2015-03-16 08:32:00,5.789999961853027,-9.460000038146973,368.0,3.7899999618530273,-2.130000114440918,160.0,-1.0
2015-03-16 08:33:00,6.050000190734863,-9.260000228881836,,99.98999786376953,,155.0,-1.0
2015-03-16 08:34:00,6.489999771118164,-9.34000015258789,364.79998779296875,4.170000076293945,-2.369999885559082,138.0,0.0
2015-03-16 08:35:00,6.639999866485596,-8.9399995803833,364.79998779296875,4.170000076293945,-2.4200000762939453,125.0,0.0
2015-03-16 08:36:00,6.570000171661377,-8.930000305175781,,99.98999786376953,,112.0,0.0
2015-03-16 08:37:00,6.090000152587891,-8.15999984741211,,99.98999786376953,,97.0,1.0
2015-03-16 08:38:00,5.880000114440918,-7.599999904632568,367.29998779296875,4.119999885559082,-2.1600000858306885,96.0,2.0
2015-03-16 08:39:00,5.199999809265137,-8.029999732971191,370.3999938964844,4.71999979019165,-1.9299999475479126,106.0,3.0
2015-03-16 08:40:00,5.380000114440918,-7.570000171661377,368.5,4.389999866485596,-1.9800000190734863,112.0,4.0
2015-03-16 08:41:00,4.300000190734863,-6.920000076293945,367.0,4.119999885559082,-1.5800000429153442,116.0,5.0
2015-03-16 08:42:00,4.300000190734863,-6.920000076293945,,99.98999786376953,,109.0,5.0
2015-03-16 08:43:00,3.5,-7.150000095367432,,99.98999786376953,,91.0,7.0
2015-03-16 08:44:00,5.269999980926514,-6.590000152587891,368.0,4.940000057220459,-1.940000057220459,81.0,8.0
2015-03-16 08:45:00,7.03000020980835,-5.420000076293945,368.0,4.940000057220459,-2.5899999141693115,93.0,9.0
2015-03-16 08:46:00,7.070000171661377,-4.960000038146973,368.0,4.940000057220459,-2.5999999046325684,91.0,10.0
2015-03-16 08:47:00,6.53000020980835,-0.23999999463558197,366.0,5.28000020980835,-2.390000104904175,90.0,11.0
2015-03-16 08:48:00,6.630000114440918,-4.599999904632568,366.79998779296875,5.230000019073486,-2.430000066757202,97.0,12.0
2015-03-16 08:49:00,,,372.79998779296875,4.809999942779541,,85.0,12.0
2015-03-16 08:50:00,5.989999771118164,-1.9500000476837158,,99.98999786376953,,74.0,12.0
2015-03-16 08:51:00,5.889999866485596,-0.8100000023841858,377.3999938964844,4.96999979019165,-2.2200000286102295,69.0,12.0
2015-03-16 08:52:00,5.800000190734863,-2.319999933242798,375.29998779296875,4.909999847412109,-2.180000066757202,71.0,11.0
2015-03-16 08:53:00,3.680000066757202,0.09000000357627869,366.8999938964844,4.699999809265137,-1.350000023841858,76.0,11.0
2015-03-16 08:54:00,3.9000000953674316,-0.1599999964237213,356.6000061035156,5.889999866485596,-1.3899999856948853,76.0,11.0
2015-03-16 08:55:00,5.400000095367432,-0.17000000178813934,354.3999938964844,6.119999885559082,-1.909999966621399,72.0,11.0
2015-03-16 08:56:00,1.9500000476837158,4.0,354.3999938964844,6.119999885559082,-0.6899999976158142,75.0,11.0
2015-03-16 08:57:00,0.12999999523162842,4.690000057220459,355.0,5.440000057220459,-0.05000000074505806,74.0,10.0
2015-03-16 08:58:00,-1.4199999570846558,5.630000114440918,352.79998779296875,5.25,0.5,81.0,10.0
2015-03-16 08:59:00,0.1599999964237213,7.0,355.1000061035156,5.440000057220459,-0.05999999865889549,93.0,9.0
2015-03-16 09:00:00,2.75,9.350000381469727,362.6000061035156,5.25,-1.0,99.0,9.0
2015-03-16 09:01:00,0.8600000143051147,9.890000343322754,363.0,4.820000171661377,-0.3100000023841858,105.0,9.0
2015-03-16 09:02:00,4.0,6.409999847412109,362.70001220703125,4.71999979019165,-1.4500000476837158,111.0,9.0
2015-03-16 09:03:00,-0.4300000071525574,9.739999771118164,363.29998779296875,5.099999904632568,0.1599999964237213,109.0,8.0
2015-03-16 09:04:00,6.920000076293945,3.1600000858306885,366.3999938964844,5.059999942779541,-2.5399999618530273,112.0,8.0
2015-03-16 09:05:00,8.0,3.1700000762939453,373.79998779296875,5.059999942779541,-2.990000009536743,113.0,8.0
2015-03-16 09:06:00,8.65999984741211,3.9600000381469727,373.1000061035156,5.260000228881836,-3.2300000190734863,118.0,8.0
2015-03-16 09:07:00,6.309999942779541,4.5,381.8999938964844,5.25,-2.4100000858306885,118.0,7.0
2015-03-16 09:08:00,5.760000228881836,6.5,368.3999938964844,5.199999809265137,-2.119999885559082,114.0,8.0
2015-03-16 09:09:00,7.0,5.710000038146973,367.20001220703125,5.119999885559082,-2.569999933242798,110.0,8.0
2015-03-16 09:10:00,5.440000057220459,6.289999961853027,380.3999938964844,5.139999866485596,-2.069999933242798,106.0,8.0
2015-03-16 09:11:00,1.3600000143051147,9.3100004196167,380.3999938964844,5.139999866485596,-0.5199999809265137,104.0,9.0
2015-03-16 09:12:00,4.03000020980835,7.409999847412109,361.79998779296875,4.929999828338623,-1.4600000381469727,109.0,8.0
2015-03-16 09:13:00,-0.20000000298023224,9.270000457763672,361.29998779296875,4.900000095367432,0.07000000029802322,111.0,9.0
2015-03-16 09:14:00,-0.49000000953674316,8.329999923706055,360.79998779296875,4.880000114440918,0.18000000715255737,106.0,9.0
2015-03-16 09:15:00,2.2200000286102295,7.239999771118164,364.6000061035156,4.900000095367432,-0.8100000023841858,111.0,9.0
2015-03-16 09:16:00,3.549999952316284,7.789999961853027,364.6000061035156,4.900000095367432,-1.2899999618530273,129.0,9.0
2015-03-16 09:17:00,4.050000190734863,5.360000133514404,365.5,5.159999847412109,-1.4800000190734863,145.0,9.0
2015-03-16 09:18:00,3.259999990463257,6.760000228881836,364.79998779296875,5.03000020980835,-1.190000057220459,153.0,10.0
2015-03-16 09:19:00,6.0,5.909999847412109,374.8999938964844,4.849999904632568,-2.25,153.0,9.0
2015-03-16 09:20:00,0.2199999988079071,6.190000057220459,379.6000061035156,4.840000152587891,-0.07999999821186066,151.0,10.0
2015-03-16 09:21:00,0.2199999988079071,6.190000057220459,,99.98999786376953,,156.0,11.0
2015-03-16 09:22:00,6.340000152587891,4.440000057220459,381.20001220703125,6.309999942779541,-2.4200000762939453,164.0,11.0
2015-03-16 09:23:00,,,381.20001220703125,6.309999942779541,,166.0,11.0
2015-03-16 09:24:00,2.7100000381469727,5.039999961853027,,99.98999786376953,,161.0,11.0
2015-03-16 09:25:00,9.859999656677246,4.130000114440918,,99.98999786376953,,151.0,12.0
2015-03-16 09:26:00,2.740000009536743,6.420000076293945,,99.98999786376953,,141.0,11.0
2015-03-16 09:27:00,9.779999732971191,0.7900000214576721,,99.98999786376953,,133.0,11.0
2015-03-16 09:28:00,3.549999952316284,7.139999866485596,364.20001220703125,3.950000047683716,-1.2899999618530273,130.0,10.0
2015-03-16 09:29:00,4.940000057220459,6.349999904632568,358.5,4.059999942779541,-1.7699999809265137,130.0,10.0
2015-03-16 09:30:00,7.159999847412109,4.519999980926514,355.0,4.119999885559082,-2.5399999618530273,130.0,10.0
2015-03-16 09:31:00,7.340000152587891,5.300000190734863,362.29998779296875,4.369999885559082,-2.6600000858306885,121.0,9.0
2015-03-16 09:32:00,6.820000171661377,5.599999904632568,362.29998779296875,4.369999885559082,-2.4700000286102295,104.0,8.0
2015-03-16 09:33:00,9.510000228881836,4.25,,99.98999786376953,,89.0,7.0
2015-03-16 09:34:00,10.050000190734863,4.510000228881836,,99.98999786376953,,79.0,7.0
2015-03-16 09:35:00,8.15999984741211,5.380000114440918,,99.98999786376953,,98.0,7.0
2015-03-16 09:36:00,8.680000305175781,4.900000095367432,,99.98999786376953,,87.0,7.0
2015-03-16 09:37:00,7.510000228881836,5.989999771118164,375.0,5.380000114440918,-2.819999933242798,68.0,7.0
2015-03-16 09:38:00,7.739999771118164,6.340000152587891,375.70001220703125,5.369999885559082,-2.9100000858306885,70.0,7.0
2015-03-16 09:39:00,8.050000190734863,5.449999809265137,381.6000061035156,7.960000038146973,-3.069999933242798,79.0,7.0
2015-03-16 09:40:00,8.199999809265137,4.309999942779541,381.6000061035156,7.960000038146973,-3.130000114440918,80.0,7.0
2015-03-16 09:41:00,8.029999732971191,5.150000095367432,373.8999938964844,6.429999828338623,-3.0,76.0,8.0
2015-03-16 09:42:00,6.650000095367432,5.539999961853027,372.5,5.860000133514404,-2.4800000190734863,77.0,9.0
2015-03-16 09:43:00,10.15999984741211,3.7799999713897705,371.0,5.230000019073486,-3.7699999809265137,76.0,9.0
2015-03-16 09:44:00,10.050000190734863,3.75,373.79998779296875,4.949999809265137,-3.759999990463257,72.0,9.0
2015-03-16 09:45:00,,,373.79998779296875,4.949999809265137,,72.0,10.0
2015-03-16 09:46:00,,,,99.98999786376953,,61.0,10.0
2015-03-16 09:47:00,,,,99.98999786376953,,59.0,10.0
2015-03-16 09:48:00,,,,99.98999786376953,,68.0,10.0
2015-03-16 09:49:00,9.619999885559082,-0.6899999976158142,395.5,6.670000076293945,-3.799999952316284,70.0,11.0
2015-03-16 09:50:00,8.949999809265137,0.9900000095367432,385.3999938964844,6.260000228881836,-3.450000047683716,68.0,11.0
2015-03-16 09:51:00,8.760000228881836,-3.0999999046325684,382.29998779296875,6.519999980926514,-3.3499999046325684,67.0,11.0
2015-03-16 09:52:00,8.90999984741211,-1.4800000190734863,395.79998779296875,7.519999980926514,-3.5299999713897705,62.0,11.0
2015-03-16 09:53:00,9.300000190734863,-1.0499999523162842,382.79998779296875,6.199999809265137,-3.559999942779541,62.0,12.0
2015-03-16 09:54:00,9.1899995803833,0.8500000238418579,374.3999938964844,5.340000152587891,-3.440000057220459,60.0,12.0
2015-03-16 09:55:00,8.930000305175781,-2.2799999713897705,,99.98999786376953,,64.0,12.0
2015-03-16 09:56:00,8.609999656677246,-5.019999980926514,392.6000061035156,7.920000076293945,-3.380000114440918,64.0,11.0
2015-03-16 09:57:00,8.619999885559082,-4.420000076293945,392.6000061035156,7.920000076293945,-3.380000114440918,58.0,11.0
2015-03-16 09:58:00,8.460000038146973,-4.480000019073486,392.6000061035156,7.920000076293945,-3.319999933242798,65.0,11.0
2015-03-16 09:59:00,8.079999923706055,-4.980000019073486,,99.98999786376953,,65.0,12.0
2015-03-16 10:00:00,8.6899995803833,-3.869999885559082,391.1000061035156,7.659999847412109,-3.4000000953674316,64.0,12.0
2015-03-16 10:01:00,8.5600004196167,-2.8299999237060547,391.1000061035156,7.659999847412109,-3.3499999046325684,64.0,13.0
2015-03-16 10:02:00,8.9399995803833,0.7400000095367432,391.1000061035156,7.659999847412109,-3.5,61.0,14.0
2015-03-16 10:03:00,8.420000076293945,-2.8499999046325684,,99.98999786376953,,58.0,15.0
2015-03-16 10:04:00,8.199999809265137,-3.5899999141693115,,99.98999786376953,,58.0,17.0
2015-03-16 10:05:00,7.519999980926514,-1.3300000429153442,388.70001220703125,7.739999771118164,-2.9200000762939453,57.0,18.0
2015-03-16 10:06:00,5.869999885559082,-6.920000076293945,388.70001220703125,7.739999771118164,-2.2799999713897705,65.0,20.0
2015-03-16 10:07:00,5.510000228881836,-6.380000114440918,388.70001220703125,7.739999771118164,-2.140000104904175,70.0,22.0
2015-03-16 10:08:00,7.570000171661377,-4.340000152587891,,99.98999786376953,,59.0,23.0
2015-03-16 10:09:00,7.75,-5.059999942779541,,99.98999786376953,,42.0,24.0
2015-03-16 10:10:00,8.119999885559082,-4.820000171661377,389.20001220703125,7.25,-3.1600000858306885,47.0,23.0
2015-03-16 10:11:00,,,389.20001220703125,7.25,,40.0,22.0
2015-03-16 10:12:00,6.75,-6.150000095367432,,99.98999786376953,,37.0,22.0
2015-03-16 10:13:00,,,,99.98999786376953,,47.0,21.0
2015-03-16 10:14:00,7.920000076293945,-5.710000038146973,375.8999938964844,7.46999979019165,-2.9800000190734863,61.0,18.0
2015-03-16 10:15:00,6.489999771118164,-6.610000133514404,379.1000061035156,7.099999904632568,-2.4600000381469727,63.0,15.0
2015-03-16 10:16:00,5.550000190734863,-7.300000190734863,379.3999938964844,7.019999980926514,-2.109999895095825,75.0,13.0
2015-03-16 10:17:00,5.900000095367432,-6.929999828338623,379.0,7.300000190734863,-2.240000009536743,93.0,12.0
2015-03-16 10:18:00,3.559999942779541,-8.890000343322754,382.8999938964844,7.400000095367432,-1.3600000143051147,93.0,12.0
2015-03-16 10:19:00,1.590000033378601,-11.170000076293945,374.8999938964844,5.050000190734863,-0.6000000238418579,85.0,11.0
2015-03-16 10:20:00,-0.44999998807907104,-11.930000305175781,375.6000061035156,4.599999904632568,0.17000000178813934,79.0,12.0
2015-03-16 10:21:00,2.0999999046325684,-10.619999885559082,378.1000061035156,4.389999866485596,-0.7900000214576721,61.0,13.0
2015-03-16 10:22:00,8.739999771118164,-3.869999885559082,382.3999938964844,6.949999809265137,-3.3399999141693115,42.0,14.0
2015-03-16 10:23:00,8.619999885559082,-4.230000019073486,382.3999938964844,6.949999809265137,-3.299999952316284,46.0,15.0
2015-03-16 10:24:00,5.159999847412109,-7.840000152587891,382.3999938964844,6.949999809265137,-1.9700000286102295,51.0,15.0
2015-03-16 10:25:00,2.509999990463257,-11.5,,99.98999786376953,,39.0,16.0
2015-03-16 10:26:00,1.2799999713897705,-13.470000267028809,376.8999938964844,3.140000104904175,-0.47999998927116394,64.0,17.0
2015-03-16 10:27:00,0.8799999952316284,-13.970000267028809,378.0,3.6700000762939453,-0.33000001311302185,81.0,15.0
2015-03-16 10:28:00,0.20999999344348907,-14.819999694824219,380.6000061035156,4.360000133514404,-0.07999999821186066,86.0,13.0
2015-03-16 10:29:00,0.8899999856948853,-13.84000015258789,378.29998779296875,3.0999999046325684,-0.3400000035762787,99.0,10.0
2015-03-16 10:30:00,3.6500000953674316,-11.3100004196167,382.70001220703125,4.230000019073486,-1.399999976158142,100.0,8.0
2015-03-16 10:31:00,3.119999885559082,-12.710000038146973,382.70001220703125,4.230000019073486,-1.190000057220459,104.0,8.0
2015-03-16 10:32:00,1.8799999952316284,-15.020000457763672,380.3999938964844,4.360000133514404,-0.7200000286102295,101.0,7.0
2015-03-16 10:33:00,1.5399999618530273,-15.930000305175781,380.5,4.400000095367432,-0.5899999737739563,93.0,7.0
2015-03-16 10:34:00,3.930000066757202,-12.539999961853027,383.6000061035156,6.119999885559082,-1.5099999904632568,82.0,7.0
2015-03-16 10:35:00,4.860000133514404,-12.479999542236328,375.70001220703125,4.309999942779541,-1.8300000429153442,73.0,8.0
2015-03-16 10:36:00,4.699999809265137,-12.729999542236328,385.29998779296875,7.0,-1.809999942779541,65.0,8.0
2015-03-16 10:37:00,5.760000228881836,-13.029999732971191,376.6000061035156,6.269999980926514,-2.1700000762939453,66.0,8.0
2015-03-16 10:38:00,5.980000019073486,-11.350000381469727,375.0,6.130000114440918,-2.240000009536743,74.0,7.0
2015-03-16 10:39:00,5.929999828338623,-14.1899995803833,380.8999938964844,6.869999885559082,-2.259999990463257,63.0,6.0
2015-03-16 10:40:00,6.360000133514404,-11.890000343322754,380.8999938964844,6.869999885559082,-2.4200000762939453,60.0,6.0
2015-03-16 10:41:00,6.710000038146973,-13.970000267028809,377.3999938964844,6.380000114440918,-2.5299999713897705,57.0,7.0
2015-03-16 10:42:00,7.400000095367432,-12.680000305175781,378.3999938964844,5.960000038146973,-2.799999952316284,70.0,10.0
2015-03-16 10:43:00,7.480000019073486,-12.300000190734863,380.1000061035156,5.289999961853027,-2.8399999141693115,99.0,12.0
2015-03-16 10:44:00,7.090000152587891,-13.319999694824219,380.1000061035156,5.289999961853027,-2.690000057220459,103.0,14.0
2015-03-16 10:45:00,6.989999771118164,-14.720000267028809,,99.98999786376953,,115.0,17.0
2015-03-16 10:46:00,7.119999885559082,-14.739999771118164,378.1000061035156,5.440000057220459,-2.690000057220459,136.0,19.0
2015-03-16 10:47:00,7.130000114440918,-14.84000015258789,378.0,5.440000057220459,-2.700000047683716,143.0,22.0
2015-03-16 10:48:00,8.119999885559082,-13.920000076293945,375.79998779296875,5.210000038146973,-3.049999952316284,167.0,24.0
2015-03-16 10:49:00,10.779999732971191,-11.640000343322754,377.0,5.25,-4.059999942779541,171.0,26.0
2015-03-16 10:50:00,,,,99.98999786376953,,181.0,27.0
2015-03-16 10:51:00,11.5600004196167,-11.529999732971191,,99.98999786376953,,184.0,28.0
2015-03-16 10:52:00,,,,99.98999786376953,,174.0,28.0
2015-03-16 10:53:00,12.319999694824219,-10.170000076293945,371.70001220703125,5.769999980926514,-4.579999923706055,164.0,27.0
2015-03-16 10:54:00,11.140000343322754,-9.149999618530273,373.70001220703125,5.489999771118164,-4.159999847412109,163.0,26.0
2015-03-16 10:55:00,12.34000015258789,-10.449999809265137,376.1000061035156,5.130000114440918,-4.639999866485596,155.0,26.0
2015-03-16 10:56:00,12.739999771118164,-10.399999618530273,371.5,5.340000152587891,-4.730000019073486,149.0,25.0
2015-03-16 10:57:00,12.649999618530273,-10.350000381469727,369.8999938964844,5.360000133514404,-4.679999828338623,146.0,24.0
2015-03-16 10:58:00,11.479999542236328,-6.190000057220459,371.29998779296875,5.550000190734863,-4.260000228881836,129.0,24.0
2015-03-16 10:59:00,12.199999809265137,-9.869999885559082,371.29998779296875,5.550000190734863,-4.53000020980835,109.0,23.0
2015-03-16 11:00:00,11.8100004196167,-4.940000057220459,371.29998779296875,5.550000190734863,-4.389999866485596,90.0,23.0
2015-03-16 11:01:00,11.619999885559082,-3.7899999618530273,,99.98999786376953,,85.0,23.0
2015-03-16 11:02:00,12.010000228881836,-6.130000114440918,,99.98999786376953,,82.0,23.0
2015-03-16 11:03:00,12.350000381469727,-3.390000104904175,373.8999938964844,5.690000057220459,-4.619999885559082,83.0,23.0
2015-03-16 11:04:00,11.770000457763672,-4.480000019073486,374.70001220703125,6.090000152587891,-4.409999847412109,86.0,23.0
2015-03-16 11:05:00,11.8100004196167,-2.180000066757202,379.8999938964844,8.720000267028809,-4.489999771118164,85.0,23.0
2015-03-16 11:06:00,11.350000381469727,-1.059999942779541,379.8999938964844,8.720000267028809,-4.309999942779541,84.0,22.0
2015-03-16 11:07:00,11.149999618530273,-2.200000047683716,378.6000061035156,8.640000343322754,-4.21999979019165,84.0,22.0
2015-03-16 11:08:00,11.789999961853027,-3.1500000953674316,378.6000061035156,8.640000343322754,-4.460000038146973,82.0,22.0
2015-03-16 11:09:00,11.079999923706055,-2.7799999713897705,378.6000061035156,8.640000343322754,-4.190000057220459,80.0,23.0
2015-03-16 11:10:00,12.210000038146973,-5.320000171661377,,99.98999786376953,,81.0,23.0
2015-03-16 11:11:00,12.329999923706055,-6.139999866485596,375.29998779296875,6.150000095367432,-4.630000114440918,82.0,23.0
2015-03-16 11:12:00,12.050000190734863,-5.139999866485596,376.79998779296875,7.170000076293945,-4.539999961853027,80.0,23.0
2015-03-16 11:13:00,12.6899995803833,-5.46999979019165,375.3999938964844,6.480000019073486,-4.760000228881836,78.0,23.0
2015-03-16 11:14:00,12.960000038146973,-6.409999847412109,374.6000061035156,6.010000228881836,-4.849999904632568,78.0,23.0
2015-03-16 11:15:00,13.029999732971191,-5.929999828338623,373.70001220703125,5.519999980926514,-4.869999885559082,81.0,23.0
2015-03-16 11:16:00,13.229999542236328,-7.5,372.29998779296875,5.809999942779541,-4.929999828338623,76.0,24.0
2015-03-16 11:17:00,13.039999961853027,-4.760000228881836,371.8999938964844,5.760000228881836,-4.849999904632568,72.0,24.0
2015-03-16 11:18:00,13.279999732971191,-2.819999933242798,371.3999938964844,6.0,-4.929999828338623,74.0,25.0
2015-03-16 11:19:00,13.239999771118164,0.0,370.29998779296875,6.369999885559082,-4.900000095367432,76.0,25.0
2015-03-16 11:20:00,12.6899995803833,-1.690000057220459,374.3999938964844,7.619999885559082,-4.75,73.0,25.0
2015-03-16 11:21:00,13.329999923706055,0.6000000238418579,379.3999938964844,9.239999771118164,-5.059999942779541,71.0,25.0
2015-03-16 11:22:00,,,,99.98999786376953,,72.0,25.0
2015-03-16 11:23:00,12.569999694824219,-0.7099999785423279,,99.98999786376953,,77.0,25.0
2015-03-16 11:24:00,13.4399995803833,0.9200000166893005,,99.98999786376953,,76.0,25.0
2015-03-16 11:25:00,13.420000076293945,0.41999998688697815,,99.98999786376953,,76.0,25.0
2015-03-16 11:26:00,12.039999961853027,-1.3600000143051147,,99.98999786376953,,75.0,25.0
2015-03-16 11:27:00,,,378.1000061035156,6.340000152587891,,73.0,26.0
2015-03-16 11:28:00,13.449999809265137,0.6700000166893005,378.1000061035156,6.340000152587891,-5.090000152587891,69.0,26.0
2015-03-16 11:29:00,10.65999984741211,-3.259999990463257,378.1000061035156,6.340000152587891,-4.03000020980835,68.0,25.0
2015-03-16 11:30:00,,,,99.98999786376953,,62.0,24.0
2015-03-16 11:31:00,,,,99.98999786376953,,61.0,23.0
2015-03-16 11:32:00,10.569999694824219,-3.450000047683716,,99.98999786376953,,63.0,22.0
2015-03-16 11:33:00,,,,99.98999786376953,,65.0,21.0
2015-03-16 11:34:00,10.619999885559082,-3.369999885559082,,99.98999786376953,,72.0,20.0
2015-03-16 11:35:00,10.619999885559082,-3.369999885559082,,99.98999786376953,,74.0,20.0
2015-03-16 11:36:00,,,,99.98999786376953,,73.0,19.0
2015-03-16 11:37:00,10.34000015258789,-3.4700000286102295,378.5,8.920000076293945,-3.9100000858306885,75.0,18.0
2015-03-16 11:38:00,,,378.5,8.920000076293945,,80.0,19.0
2015-03-16 11:39:00,,,378.5,8.920000076293945,,68.0,19.0
2015-03-16 11:40:00,10.25,-3.5899999141693115,,99.98999786376953,,58.0,19.0
2015-03-16 11:41:00,,,,99.98999786376953,,64.0,18.0
2015-03-16 11:42:00,,,,99.98999786376953,,58.0,16.0
2015-03-16 11:43:00,10.239999771118164,-3.5299999713897705,,99.98999786376953,,67.0,16.0
2015-03-16 11:44:00,,,,99.98999786376953,,71.0,17.0
2015-03-16 11:45:00,,,,99.98999786376953,,68.0,17.0
2015-03-16 11:46:00,10.260000228881836,-3.4600000381469727,,99.98999786376953,,71.0,18.0
2015-03-16 11:47:00,,,,99.98999786376953,,48.0,20.0
2015-03-16 11:48:00,10.350000381469727,-3.4600000381469727,,99.98999786376953,,46.0,19.0
2015-03-16 11:49:00,10.350000381469727,-3.4600000381469727,,99.98999786376953,,68.0,20.0
2015-03-16 11:50:00,,,,99.98999786376953,,76.0,22.0
2015-03-16 11:51:00,10.489999771118164,-3.4200000762939453,,99.98999786376953,,56.0,24.0
2015-03-16 11:52:00,,,,99.98999786376953,,73.0,25.0
2015-03-16 11:53:00,,,,99.98999786376953,,55.0,25.0
2015-03-16 11:54:00,10.529999732971191,-3.619999885559082,378.6000061035156,8.5,-3.990000009536743,40.0,24.0
2015-03-16 11:55:00,11.119999885559082,-3.119999885559082,378.70001220703125,8.40999984741211,-4.210000038146973,43.0,24.0
2015-03-16 11:56:00,11.670000076293945,-1.0099999904632568,379.5,8.1899995803833,-4.429999828338623,33.0,23.0
2015-03-16 11:57:00,11.989999771118164,0.4699999988079071,375.8999938964844,7.389999866485596,-4.510000228881836,42.0,23.0
2015-03-16 11:58:00,12.100000381469727,0.41999998688697815,375.1000061035156,7.230000019073486,-4.539999961853027,39.0,23.0
2015-03-16 11:59:00,12.050000190734863,0.36000001430511475,,99.98999786376953,,41.0,23.0
2015-03-16 12:00:00,11.880000114440918,1.0800000429153442,375.5,7.039999961853027,-4.460000038146973,44.0,22.0
2015-03-16 12:01:00,11.720000267028809,1.7000000476837158,375.6000061035156,7.139999866485596,-4.400000095367432,48.0,22.0
2015-03-16 12:02:00,11.819999694824219,0.7400000095367432,376.29998779296875,7.699999809265137,-4.449999809265137,49.0,22.0
2015-03-16 12:03:00,12.010000228881836,0.5699999928474426,376.29998779296875,7.699999809265137,-4.519999980926514,53.0,23.0
2015-03-16 12:04:00,11.84000015258789,1.590000033378601,376.5,7.630000114440918,-4.460000038146973,53.0,23.0
2015-03-16 12:05:00,12.069999694824219,1.159999966621399,376.5,7.630000114440918,-4.539999961853027,52.0,22.0
2015-03-16 12:06:00,12.15999984741211,1.2100000381469727,376.5,7.630000114440918,-4.579999923706055,45.0,21.0
2015-03-16 12:07:00,11.850000381469727,1.649999976158142,,99.98999786376953,,49.0,21.0
2015-03-16 12:08:00,11.779999732971191,1.3899999856948853,375.79998779296875,7.190000057220459,-4.429999828338623,45.0,21.0
2015-03-16 12:09:00,11.9399995803833,0.9900000095367432,375.8999938964844,7.210000038146973,-4.489999771118164,52.0,21.0
2015-03-16 12:10:00,11.489999771118164,2.190000057220459,376.1000061035156,7.289999961853027,-4.320000171661377,55.0,21.0
2015-03-16 12:11:00,11.34000015258789,2.5,374.70001220703125,7.320000171661377,-4.25,46.0,21.0
2015-03-16 12:12:00,11.460000038146973,2.2100000381469727,374.70001220703125,7.320000171661377,-4.289999961853027,49.0,20.0
2015-03-16 12:13:00,11.510000228881836,2.759999990463257,372.70001220703125,6.900000095367432,-4.289999961853027,53.0,20.0
2015-03-16 12:14:00,11.460000038146973,2.7799999713897705,372.79998779296875,7.130000114440918,-4.269999980926514,53.0,20.0
2015-03-16 12:15:00,11.140000343322754,3.680000066757202,372.5,7.25,-4.150000095367432,52.0,20.0
2015-03-16 12:16:00,9.579999923706055,5.989999771118164,370.6000061035156,6.670000076293945,-3.549999952316284,64.0,19.0
2015-03-16 12:17:00,8.399999618530273,7.420000076293945,369.8999938964844,6.550000190734863,-3.109999895095825,57.0,20.0
2015-03-16 12:18:00,11.119999885559082,4.050000190734863,367.0,6.610000133514404,-4.079999923706055,56.0,21.0
2015-03-16 12:19:00,11.420000076293945,3.5899999141693115,367.0,6.610000133514404,-4.190000057220459,52.0,22.0
2015-03-16 12:20:00,11.319999694824219,3.940000057220459,374.79998779296875,6.75,-4.239999771118164,49.0,22.0
2015-03-16 12:21:00,9.949999809265137,5.730000019073486,374.79998779296875,6.75,-3.7300000190734863,46.0,21.0
2015-03-16 12:22:00,10.489999771118164,4.920000076293945,374.79998779296875,6.75,-3.930000066757202,45.0,20.0
2015-03-16 12:23:00,10.510000228881836,5.159999847412109,,99.98999786376953,,43.0,20.0
2015-03-16 12:24:00,10.460000038146973,5.079999923706055,370.79998779296875,7.099999904632568,-3.880000114440918,44.0,20.0
2015-03-16 12:25:00,10.390000343322754,5.0,370.79998779296875,7.099999904632568,-3.8499999046325684,44.0,20.0
2015-03-16 12:26:00,9.850000381469727,5.710000038146973,370.79998779296875,7.099999904632568,-3.6500000953674316,47.0,19.0
2015-03-16 12:27:00,9.8100004196167,5.699999809265137,,99.98999786376953,,47.0,19.0
2015-03-16 12:28:00,10.029999732971191,5.619999885559082,368.5,6.690000057220459,-3.700000047683716,46.0,19.0
2015-03-16 12:29:00,9.729999542236328,5.869999885559082,368.5,6.690000057220459,-3.5899999141693115,46.0,18.0
2015-03-16 12:30:00,9.90999984741211,5.590000152587891,,99.98999786376953,,44.0,18.0
2015-03-16 12:31:00,9.760000228881836,6.059999942779541,,99.98999786376953,,41.0,16.0
2015-03-16 12:32:00,9.880000114440918,5.880000114440918,,99.98999786376953,,44.0,16.0
2015-03-16 12:33:00,10.0,5.519999980926514,,99.98999786376953,,45.0,17.0
2015-03-16 12:34:00,9.949999809265137,5.46999979019165,368.5,6.429999828338623,-3.6700000762939453,47.0,16.0
2015-03-16 12:35:00,9.460000038146973,6.179999828338623,368.5,6.429999828338623,-3.490000009536743,48.0,16.0
2015-03-16 12:36:00,9.739999771118164,5.829999923706055,,99.98999786376953,,48.0,16.0
2015-03-16 12:37:00,9.5,6.03000020980835,,99.98999786376953,,54.0,17.0
2015-03-16 12:38:00,8.0600004196167,7.380000114440918,362.20001220703125,5.809999942779541,-2.9200000762939453,54.0,17.0
2015-03-16 12:39:00,7.730000019073486,7.670000076293945,363.5,5.96999979019165,-2.809999942779541,50.0,18.0
2015-03-16 12:40:00,8.460000038146973,7.210000038146973,364.20001220703125,5.849999904632568,-3.0799999237060547,48.0,19.0
2015-03-16 12:41:00,8.6899995803833,7.0,362.29998779296875,5.789999961853027,-3.1500000953674316,46.0,20.0
2015-03-16 12:42:00,8.859999656677246,6.519999980926514,362.3999938964844,5.829999923706055,-3.2100000381469727,44.0,20.0
2015-03-16 12:43:00,7.78000020980835,7.28000020980835,362.3999938964844,5.940000057220459,-2.819999933242798,42.0,20.0
2015-03-16 12:44:00,5.840000152587891,9.40999984741211,358.29998779296875,5.559999942779541,-2.0899999141693115,41.0,20.0
2015-03-16 12:45:00,4.050000190734863,10.170000076293945,358.20001220703125,5.329999923706055,-1.4500000476837158,41.0,20.0
2015-03-16 12:46:00,3.869999885559082,9.9399995803833,357.6000061035156,5.300000190734863,-1.3799999952316284,42.0,20.0
2015-03-16 12:47:00,3.25,9.90999984741211,358.1000061035156,5.559999942779541,-1.159999966621399,49.0,20.0
2015-03-16 12:48:00,2.369999885559082,9.760000228881836,361.20001220703125,6.150000095367432,-0.8600000143051147,60.0,20.0
2015-03-16 12:49:00,3.2100000381469727,9.399999618530273,362.5,6.579999923706055,-1.159999966621399,67.0,19.0
2015-03-16 12:50:00,3.0799999237060547,9.3100004196167,362.79998779296875,6.630000114440918,-1.1200000047683716,80.0,19.0
2015-03-16 12:51:00,2.369999885559082,9.319999694824219,363.8999938964844,6.78000020980835,-0.8600000143051147,90.0,18.0
2015-03-16 12:52:00,3.059999942779541,8.949999809265137,363.8999938964844,6.78000020980835,-1.1100000143051147,89.0,18.0
2015-03-16 12:53:00,3.549999952316284,8.399999618530273,,99.98999786376953,,79.0,18.0
2015-03-16 12:54:00,6.989999771118164,5.260000228881836,361.79998779296875,6.78000020980835,-2.5299999713897705,70.0,18.0
2015-03-16 12:55:00,8.510000228881836,5.019999980926514,362.0,6.789999961853027,-3.0799999237060547,62.0,18.0
2015-03-16 12:56:00,10.239999771118164,2.0399999618530273,366.5,6.980000019073486,-3.75,53.0,18.0
2015-03-16 12:57:00,9.9399995803833,1.8600000143051147,367.79998779296875,6.800000190734863,-3.6600000858306885,45.0,19.0
2015-03-16 12:58:00,8.470000267028809,-1.3899999856948853,367.29998779296875,6.679999828338623,-3.109999895095825,45.0,19.0
2015-03-16 12:59:00,7.130000114440918,-5.309999942779541,375.6000061035156,6.860000133514404,-2.680000066757202,45.0,19.0
2015-03-16 13:00:00,6.309999942779541,-7.21999979019165,375.79998779296875,6.650000095367432,-2.369999885559082,46.0,19.0
2015-03-16 13:01:00,,,,99.98999786376953,,52.0,21.0
2015-03-16 13:02:00,4.329999923706055,-9.09000015258789,378.8999938964844,6.739999771118164,-1.6399999856948853,46.0,21.0
2015-03-16 13:03:00,4.610000133514404,-8.920000076293945,378.8999938964844,6.739999771118164,-1.75,53.0,21.0
2015-03-16 13:04:00,4.0,-9.210000038146973,378.8999938964844,6.739999771118164,-1.5199999809265137,58.0,19.0
2015-03-16 13:05:00,3.549999952316284,-9.34000015258789,378.5,6.329999923706055,-1.340000033378601,51.0,18.0
2015-03-16 13:06:00,3.2200000286102295,-9.40999984741211,378.5,6.329999923706055,-1.2200000286102295,56.0,19.0
2015-03-16 13:07:00,3.4200000762939453,-10.4399995803833,371.6000061035156,4.510000228881836,-1.2699999809265137,59.0,22.0
2015-03-16 13:08:00,2.9200000762939453,-11.319999694824219,371.6000061035156,4.510000228881836,-1.090000033378601,39.0,21.0
2015-03-16 13:09:00,2.7699999809265137,-11.220000267028809,371.6000061035156,4.510000228881836,-1.0299999713897705,43.0,19.0
2015-03-16 13:10:00,2.1600000858306885,-10.949999809265137,,99.98999786376953,,41.0,19.0
2015-03-16 13:11:00,2.390000104904175,-10.579999923706055,,99.98999786376953,,46.0,17.0
2015-03-16 13:12:00,1.3300000429153442,-9.170000076293945,,99.98999786376953,,54.0,17.0
2015-03-16 13:13:00,,,,99.98999786376953,,62.0,15.0
2015-03-16 13:14:00,,,,99.98999786376953,,60.0,15.0
2015-03-16 13:15:00,1.559999942779541,-8.550000190734863,376.6000061035156,5.739999771118164,-0.5899999737739563,66.0,14.0
2015-03-16 13:16:00,1.9199999570846558,-8.829999923706055,376.6000061035156,5.739999771118164,-0.7200000286102295,73.0,13.0
2015-03-16 13:17:00,1.850000023841858,-8.079999923706055,376.6000061035156,5.739999771118164,-0.699999988079071,71.0,13.0
2015-03-16 13:18:00,7.0,-0.8600000143051147,,99.98999786376953,,69.0,12.0
2015-03-16 13:19:00,7.059999942779541,-0.3700000047683716,,99.98999786376953,,87.0,12.0
2015-03-16 13:20:00,8.729999542236328,-2.1600000858306885,,99.98999786376953,,91.0,12.0
2015-03-16 13:21:00,7.210000038146973,-6.260000228881836,372.8999938964844,5.679999828338623,-2.690000057220459,103.0,13.0
2015-03-16 13:22:00,7.190000057220459,-6.179999828338623,372.3999938964844,5.699999809265137,-2.680000066757202,127.0,14.0
2015-03-16 13:23:00,8.529999732971191,-5.429999828338623,374.1000061035156,5.449999809265137,-3.190000057220459,138.0,15.0
2015-03-16 13:24:00,8.0,-5.099999904632568,371.70001220703125,4.320000171661377,-2.9700000286102295,141.0,15.0
2015-03-16 13:25:00,7.380000114440918,-4.429999828338623,374.8999938964844,5.070000171661377,-2.7699999809265137,138.0,15.0
2015-03-16 13:26:00,9.09000015258789,-1.3799999952316284,380.1000061035156,7.25,-3.4600000381469727,126.0,15.0
2015-03-16 13:27:00,8.90999984741211,-6.199999809265137,376.70001220703125,5.71999979019165,-3.359999895095825,121.0,17.0
2015-03-16 13:28:00,8.520000457763672,-5.25,369.79998779296875,4.199999809265137,-3.1500000953674316,112.0,20.0
2015-03-16 13:29:00,8.279999732971191,-3.140000104904175,,99.98999786376953,,105.0,21.0
2015-03-16 13:30:00,8.65999984741211,-4.360000133514404,379.29998779296875,6.75,-3.2799999713897705,101.0,23.0
2015-03-16 13:31:00,7.619999885559082,-6.050000190734863,379.29998779296875,6.75,-2.890000104904175,97.0,24.0
2015-03-16 13:32:00,6.619999885559082,-7.449999809265137,375.79998779296875,4.659999847412109,-2.490000009536743,76.0,24.0
2015-03-16 13:33:00,6.519999980926514,-6.800000190734863,377.1000061035156,5.46999979019165,-2.4600000381469727,53.0,24.0
2015-03-16 13:34:00,6.21999979019165,-8.199999809265137,377.79998779296875,5.96999979019165,-2.3499999046325684,54.0,22.0
2015-03-16 13:35:00,5.400000095367432,-8.260000228881836,382.20001220703125,5.710000038146973,-2.059999942779541,56.0,21.0
2015-03-16 13:36:00,4.269999980926514,-8.40999984741211,376.1000061035156,5.480000019073486,-1.6100000143051147,62.0,20.0
2015-03-16 13:37:00,3.9700000286102295,-8.220000267028809,376.20001220703125,5.849999904632568,-1.4900000095367432,58.0,19.0
2015-03-16 13:38:00,4.599999904632568,-8.739999771118164,379.1000061035156,5.960000038146973,-1.7400000095367432,71.0,18.0
2015-03-16 13:39:00,4.440000057220459,-8.699999809265137,381.6000061035156,5.03000020980835,-1.690000057220459,89.0,18.0
2015-03-16 13:40:00,3.6600000858306885,-8.3100004196167,373.1000061035156,5.429999828338623,-1.3700000047683716,90.0,17.0
2015-03-16 13:41:00,4.309999942779541,-8.5600004196167,375.3999938964844,5.739999771118164,-1.6200000047683716,88.0,16.0
2015-03-16 13:42:00,7.789999961853027,-7.840000152587891,383.29998779296875,4.539999961853027,-2.990000009536743,79.0,16.0
2015-03-16 13:43:00,6.829999923706055,-8.390000343322754,383.29998779296875,4.539999961853027,-2.619999885559082,75.0,16.0
2015-03-16 13:44:00,6.690000057220459,-8.680000305175781,383.29998779296875,4.539999961853027,-2.559999942779541,59.0,16.0
2015-03-16 13:45:00,5.739999771118164,-8.649999618530273,,99.98999786376953,,45.0,17.0
2015-03-16 13:46:00,5.579999923706055,-8.680000305175781,,99.98999786376953,,44.0,16.0
2015-03-16 13:47:00,5.690000057220459,-8.470000267028809,382.20001220703125,4.909999847412109,-2.1700000762939453,55.0,16.0
2015-03-16 13:48:00,5.670000076293945,-8.699999809265137,382.20001220703125,4.909999847412109,-2.1700000762939453,63.0,16.0
2015-03-16 13:49:00,5.230000019073486,-8.6899995803833,382.20001220703125,4.909999847412109,-2.0,80.0,17.0
2015-03-16 13:50:00,2.2699999809265137,-9.729999542236328,,99.98999786376953,,92.0,16.0
2015-03-16 13:51:00,1.9900000095367432,-9.350000381469727,382.20001220703125,4.460000038146973,-0.7599999904632568,100.0,17.0
2015-03-16 13:52:00,1.7699999809265137,-9.40999984741211,382.20001220703125,4.460000038146973,-0.6800000071525574,86.0,16.0
2015-03-16 13:53:00,2.5999999046325684,-9.300000190734863,,99.98999786376953,,69.0,16.0
2015-03-16 13:54:00,2.6700000762939453,-9.0600004196167,,99.98999786376953,,61.0,15.0
2015-03-16 13:55:00,2.990000009536743,-9.4399995803833,384.20001220703125,4.400000095367432,-1.149999976158142,60.0,16.0
2015-03-16 13:56:00,3.119999885559082,-9.539999961853027,384.20001220703125,4.400000095367432,-1.2000000476837158,57.0,16.0
2015-03-16 13:57:00,2.740000009536743,-9.609999656677246,384.20001220703125,4.400000095367432,-1.0499999523162842,55.0,16.0
2015-03-16 13:58:00,3.740000009536743,-9.229999542236328,,99.98999786376953,,52.0,16.0
2015-03-16 13:59:00,4.440000057220459,-8.8100004196167,,99.98999786376953,,50.0,17.0
2015-03-16 14:00:00,4.809999942779541,-9.0600004196167,,99.98999786376953,,44.0,17.0
2015-03-16 14:01:00,4.880000114440918,-8.9399995803833,383.29998779296875,4.71999979019165,-1.8700000047683716,48.0,17.0
2015-03-16 14:02:00,5.139999866485596,-8.420000076293945,383.29998779296875,4.71999979019165,-1.9700000286102295,47.0,17.0
2015-03-16 14:03:00,4.440000057220459,-8.619999885559082,,99.98999786376953,,45.0,17.0
2015-03-16 14:04:00,4.119999885559082,-8.819999694824219,,99.98999786376953,,46.0,17.0
2015-03-16 14:05:00,3.890000104904175,-8.65999984741211,,99.98999786376953,,44.0,17.0
2015-03-16 14:06:00,4.139999866485596,-8.479999542236328,,99.98999786376953,,48.0,17.0
2015-03-16 14:07:00,4.300000190734863,-8.210000038146973,383.1000061035156,4.789999961853027,-1.649999976158142,53.0,17.0
2015-03-16 14:08:00,4.929999828338623,-7.690000057220459,383.1000061035156,4.789999961853027,-1.8899999856948853,58.0,17.0
2015-03-16 14:09:00,5.269999980926514,-7.239999771118164,,99.98999786376953,,64.0,17.0
2015-03-16 14:10:00,4.03000020980835,-8.90999984741211,382.5,4.739999771118164,-1.5399999618530273,68.0,17.0
2015-03-16 14:11:00,5.460000038146973,-9.119999885559082,387.8999938964844,4.239999771118164,-2.119999885559082,60.0,17.0
2015-03-16 14:12:00,7.519999980926514,-9.260000228881836,389.29998779296875,4.429999828338623,-2.930000066757202,52.0,17.0
2015-03-16 14:13:00,6.880000114440918,-9.770000457763672,386.3999938964844,3.9200000762939453,-2.6600000858306885,46.0,17.0
2015-03-16 14:14:00,6.599999904632568,-9.75,389.79998779296875,3.2799999713897705,-2.569999933242798,50.0,17.0
2015-03-16 14:15:00,5.460000038146973,-8.890000343322754,386.5,4.420000076293945,-2.109999895095825,58.0,16.0
2015-03-16 14:16:00,7.400000095367432,-9.140000343322754,389.0,4.420000076293945,-2.880000114440918,66.0,16.0
2015-03-16 14:17:00,8.079999923706055,-9.239999771118164,398.6000061035156,3.869999885559082,-3.2200000286102295,75.0,16.0
2015-03-16 14:18:00,8.359999656677246,-8.130000114440918,394.0,4.010000228881836,-3.2899999618530273,79.0,16.0
2015-03-16 14:19:00,8.300000190734863,-8.640000343322754,394.0,4.170000076293945,-3.2699999809265137,80.0,15.0
2015-03-16 14:20:00,8.489999771118164,-8.220000267028809,394.0,4.170000076293945,-3.3499999046325684,89.0,15.0
2015-03-16 14:21:00,9.199999809265137,-7.460000038146973,,99.98999786376953,,93.0,14.0
2015-03-16 14:22:00,9.720000267028809,-8.119999885559082,393.29998779296875,3.759999990463257,-3.819999933242798,96.0,14.0
2015-03-16 14:23:00,9.229999542236328,-9.119999885559082,396.3999938964844,3.819999933242798,-3.6600000858306885,93.0,14.0
2015-03-16 14:24:00,9.649999618530273,-8.010000228881836,397.1000061035156,4.389999866485596,-3.8299999237060547,94.0,15.0
2015-03-16 14:25:00,10.020000457763672,-7.550000190734863,397.29998779296875,3.6700000762939453,-3.9800000190734863,104.0,14.0
2015-03-16 14:26:00,11.350000381469727,-4.510000228881836,404.29998779296875,5.800000190734863,-4.590000152587891,106.0,14.0
2015-03-16 14:27:00,11.270000457763672,-4.03000020980835,402.8999938964844,5.389999866485596,-4.539999961853027,101.0,14.0
2015-03-16 14:28:00,11.0600004196167,-4.010000228881836,402.70001220703125,5.079999923706055,-4.449999809265137,100.0,15.0
2015-03-16 14:29:00,11.34000015258789,-4.559999942779541,400.70001220703125,4.360000133514404,-4.539999961853027,100.0,16.0
2015-03-16 14:30:00,11.210000038146973,-5.059999942779541,402.70001220703125,5.809999942779541,-4.510000228881836,96.0,15.0
2015-03-16 14:31:00,11.619999885559082,-3.690000057220459,402.20001220703125,5.96999979019165,-4.670000076293945,88.0,15.0
2015-03-16 14:32:00,11.739999771118164,-3.069999933242798,405.70001220703125,6.019999980926514,-4.760000228881836,81.0,15.0
2015-03-16 14:33:00,11.4399995803833,-3.609999895095825,405.70001220703125,6.019999980926514,-4.639999866485596,81.0,15.0
2015-03-16 14:34:00,11.420000076293945,-3.700000047683716,405.70001220703125,6.019999980926514,-4.630000114440918,81.0,15.0
2015-03-16 14:35:00,11.40999984741211,-3.859999895095825,,99.98999786376953,,81.0,15.0
2015-03-16 14:36:00,11.289999961853027,-4.210000038146973,406.8999938964844,6.449999809265137,-4.590000152587891,85.0,15.0
2015-03-16 14:37:00,11.15999984741211,-4.230000019073486,406.8999938964844,6.449999809265137,-4.539999961853027,87.0,16.0
2015-03-16 14:38:00,11.140000343322754,-4.170000076293945,406.8999938964844,6.449999809265137,-4.53000020980835,89.0,16.0
2015-03-16 14:39:00,11.180000305175781,-4.25,,99.98999786376953,,91.0,16.0
2015-03-16 14:40:00,11.130000114440918,-4.639999866485596,,99.98999786376953,,91.0,16.0
2015-03-16 14:41:00,11.010000228881836,-4.980000019073486,408.6000061035156,6.099999904632568,-4.5,90.0,17.0
2015-03-16 14:42:00,10.770000457763672,-5.53000020980835,408.6000061035156,6.099999904632568,-4.400000095367432,93.0,17.0
2015-03-16 14:43:00,10.6899995803833,-5.53000020980835,,99.98999786376953,,101.0,17.0
2015-03-16 14:44:00,10.539999961853027,-5.690000057220459,,99.98999786376953,,109.0,18.0
2015-03-16 14:45:00,10.899999618530273,-4.699999809265137,,99.98999786376953,,111.0,18.0
2015-03-16 14:46:00,10.710000038146973,-4.739999771118164,,99.98999786376953,,110.0,19.0
2015-03-16 14:47:00,11.100000381469727,-4.159999847412109,412.1000061035156,7.150000095367432,-4.570000171661377,110.0,20.0
2015-03-16 14:48:00,10.9399995803833,-4.630000114440918,412.1000061035156,7.150000095367432,-4.510000228881836,107.0,20.0
2015-03-16 14:49:00,10.949999809265137,-4.619999885559082,,99.98999786376953,,92.0,20.0
2015-03-16 14:50:00,10.899999618530273,-3.640000104904175,,99.98999786376953,,87.0,20.0
2015-03-16 14:51:00,,,,99.98999786376953,,83.0,20.0
2015-03-16 14:52:00,10.760000228881836,-5.360000133514404,,99.98999786376953,,72.0,20.0
2015-03-16 14:53:00,10.869999885559082,-4.849999904632568,414.8999938964844,7.179999828338623,-4.510000228881836,67.0,20.0
2015-03-16 14:54:00,10.930000305175781,-5.320000171661377,415.3999938964844,6.840000152587891,-4.539999961853027,63.0,20.0
2015-03-16 14:55:00,10.699999809265137,-4.809999942779541,416.20001220703125,6.329999923706055,-4.449999809265137,60.0,20.0
2015-03-16 14:56:00,10.729999542236328,-3.490000009536743,416.8999938964844,7.039999961853027,-4.46999979019165,60.0,21.0
2015-03-16 14:57:00,10.800000190734863,-3.2200000286102295,416.29998779296875,6.989999771118164,-4.5,61.0,22.0
2015-03-16 14:58:00,10.59000015258789,-2.7799999713897705,418.79998779296875,6.860000133514404,-4.440000057220459,58.0,23.0
2015-03-16 14:59:00,10.920000076293945,-1.9500000476837158,418.5,6.829999923706055,-4.570000171661377,59.0,24.0
2015-03-16 15:00:00,11.010000228881836,-1.4600000381469727,413.6000061035156,6.230000019073486,-4.550000190734863,56.0,24.0
2015-03-16 15:01:00,10.960000038146973,-1.9299999475479126,413.20001220703125,6.25,-4.53000020980835,54.0,24.0
2015-03-16 15:02:00,11.079999923706055,-1.4700000286102295,413.20001220703125,6.289999961853027,-4.579999923706055,53.0,23.0
2015-03-16 15:03:00,11.09000015258789,-1.0800000429153442,411.79998779296875,6.130000114440918,-4.570000171661377,54.0,23.0
2015-03-16 15:04:00,10.979999542236328,-0.9800000190734863,411.70001220703125,6.119999885559082,-4.519999980926514,57.0,23.0
2015-03-16 15:05:00,10.9399995803833,-0.9100000262260437,,99.98999786376953,,58.0,24.0
2015-03-16 15:06:00,11.09000015258789,-0.8299999833106995,,99.98999786376953,,57.0,24.0
2015-03-16 15:07:00,11.020000457763672,-0.5799999833106995,412.70001220703125,6.230000019073486,-4.550000190734863,58.0,24.0
2015-03-16 15:08:00,11.069999694824219,-0.5299999713897705,412.70001220703125,6.230000019073486,-4.570000171661377,56.0,24.0
2015-03-16 15:09:00,11.25,-0.800000011920929,,99.98999786376953,,56.0,24.0
2015-03-16 15:10:00,11.1899995803833,-0.5699999928474426,413.79998779296875,6.210000038146973,-4.630000114440918,52.0,24.0
2015-03-16 15:11:00,11.050000190734863,-0.27000001072883606,413.79998779296875,6.210000038146973,-4.570000171661377,50.0,23.0
2015-03-16 15:12:00,11.069999694824219,-0.8999999761581421,413.79998779296875,6.210000038146973,-4.579999923706055,46.0,23.0
2015-03-16 15:13:00,11.050000190734863,-0.8399999737739563,413.0,6.559999942779541,-4.559999942779541,43.0,22.0
2015-03-16 15:14:00,11.029999732971191,-0.6000000238418579,413.0,6.559999942779541,-4.559999942779541,42.0,22.0
2015-03-16 15:15:00,10.770000457763672,0.07000000029802322,411.5,6.75,-4.429999828338623,40.0,22.0
2015-03-16 15:16:00,10.579999923706055,0.3700000047683716,411.5,6.75,-4.349999904632568,40.0,22.0
2015-03-16 15:17:00,10.510000228881836,0.7799999713897705,408.1000061035156,8.239999771118164,-4.289999961853027,47.0,22.0
2015-03-16 15:18:00,10.40999984741211,0.9800000190734863,408.1000061035156,8.239999771118164,-4.25,52.0,22.0
2015-03-16 15:19:00,10.279999732971191,1.600000023841858,,99.98999786376953,,53.0,22.0
2015-03-16 15:20:00,10.109999656677246,2.0399999618530273,407.5,8.25,-4.119999885559082,50.0,22.0
2015-03-16 15:21:00,9.869999885559082,2.680000066757202,407.3999938964844,8.210000038146973,-4.019999980926514,43.0,22.0
2015-03-16 15:22:00,9.609999656677246,3.1700000762939453,406.8999938964844,7.869999885559082,-3.9100000858306885,36.0,22.0
2015-03-16 15:23:00,9.770000457763672,2.940000057220459,406.6000061035156,8.100000381469727,-3.9700000286102295,33.0,22.0
2015-03-16 15:24:00,9.789999961853027,3.549999952316284,406.3999938964844,7.46999979019165,-3.9800000190734863,32.0,23.0
2015-03-16 15:25:00,9.770000457763672,3.2899999618530273,405.29998779296875,7.050000190734863,-3.9600000381469727,34.0,24.0
2015-03-16 15:26:00,9.75,3.740000009536743,405.3999938964844,7.380000114440918,-3.950000047683716,34.0,25.0
2015-03-16 15:27:00,9.609999656677246,3.809999942779541,405.3999938964844,7.360000133514404,-3.9000000953674316,35.0,26.0
2015-03-16 15:28:00,9.829999923706055,3.9200000762939453,405.70001220703125,6.96999979019165,-3.990000009536743,38.0,27.0
2015-03-16 15:29:00,9.869999885559082,4.059999942779541,406.29998779296875,7.099999904632568,-4.010000228881836,38.0,27.0
2015-03-16 15:30:00,9.90999984741211,4.630000114440918,404.8999938964844,6.579999923706055,-4.010000228881836,33.0,28.0
2015-03-16 15:31:00,10.510000228881836,2.9800000190734863,404.5,6.440000057220459,-4.25,31.0,28.0
2015-03-16 15:32:00,10.699999809265137,3.180000066757202,404.79998779296875,6.550000190734863,-4.329999923706055,31.0,28.0
2015-03-16 15:33:00,10.739999771118164,3.0899999141693115,403.1000061035156,6.28000020980835,-4.329999923706055,39.0,28.0
2015-03-16 15:34:00,10.449999809265137,2.640000104904175,402.5,6.260000228881836,-4.210000038146973,48.0,28.0
2015-03-16 15:35:00,9.779999732971191,2.5899999141693115,405.70001220703125,7.079999923706055,-3.9700000286102295,53.0,28.0
2015-03-16 15:36:00,10.020000457763672,4.03000020980835,407.20001220703125,7.159999847412109,-4.079999923706055,56.0,28.0
2015-03-16 15:37:00,10.010000228881836,4.059999942779541,,99.98999786376953,,61.0,27.0
2015-03-16 15:38:00,10.100000381469727,3.940000057220459,402.8999938964844,7.03000020980835,-4.070000171661377,64.0,26.0
2015-03-16 15:39:00,10.0,3.740000009536743,402.8999938964844,7.03000020980835,-4.03000020980835,51.0,25.0
2015-03-16 15:40:00,9.9399995803833,4.039999961853027,402.29998779296875,6.880000114440918,-4.0,48.0,24.0
2015-03-16 15:41:00,9.819999694824219,3.8399999141693115,402.1000061035156,6.940000057220459,-3.950000047683716,45.0,24.0
2015-03-16 15:42:00,9.770000457763672,5.079999923706055,401.6000061035156,7.039999961853027,-3.9200000762939453,33.0,23.0
2015-03-16 15:43:00,9.329999923706055,5.760000228881836,401.6000061035156,7.559999942779541,-3.75,28.0,23.0
2015-03-16 15:44:00,9.770000457763672,4.920000076293945,401.6000061035156,7.679999828338623,-3.9200000762939453,36.0,23.0
2015-03-16 15:45:00,9.569999694824219,5.53000020980835,401.6000061035156,7.679999828338623,-3.8399999141693115,45.0,24.0
2015-03-16 15:46:00,9.680000305175781,5.619999885559082,399.0,7.420000076293945,-3.859999895095825,54.0,25.0
2015-03-16 15:47:00,9.380000114440918,6.25,399.0,7.420000076293945,-3.740000009536743,55.0,26.0
2015-03-16 15:48:00,8.640000343322754,7.380000114440918,,99.98999786376953,,48.0,26.0
2015-03-16 15:49:00,8.819999694824219,7.059999942779541,399.3999938964844,7.409999847412109,-3.5199999809265137,33.0,27.0
2015-03-16 15:50:00,8.880000114440918,6.960000038146973,399.3999938964844,7.409999847412109,-3.549999952316284,33.0,27.0
2015-03-16 15:51:00,8.720000267028809,7.039999961853027,399.20001220703125,7.510000228881836,-3.4800000190734863,33.0,28.0
2015-03-16 15:52:00,8.829999923706055,7.159999847412109,399.20001220703125,7.510000228881836,-3.5199999809265137,45.0,28.0
2015-03-16 15:53:00,8.850000381469727,7.269999980926514,399.29998779296875,7.46999979019165,-3.5299999713897705,48.0,28.0
2015-03-16 15:54:00,8.869999885559082,7.03000020980835,399.29998779296875,7.46999979019165,-3.5399999618530273,45.0,28.0
2015-03-16 15:55:00,8.109999656677246,7.949999809265137,399.5,6.739999771118164,-3.240000009536743,35.0,28.0
2015-03-16 15:56:00,7.849999904632568,7.639999866485596,399.70001220703125,7.21999979019165,-3.140000104904175,33.0,28.0
2015-03-16 15:57:00,7.889999866485596,7.610000133514404,400.1000061035156,7.329999923706055,-3.1600000858306885,36.0,28.0
2015-03-16 15:58:00,8.260000228881836,7.75,399.29998779296875,7.239999771118164,-3.299999952316284,38.0,28.0
2015-03-16 15:59:00,8.1899995803833,7.679999828338623,399.8999938964844,7.869999885559082,-3.2799999713897705,30.0,28.0
2015-03-16 16:00:00,8.130000114440918,7.71999979019165,399.8999938964844,7.900000095367432,-3.25,29.0,28.0
2015-03-16 16:01:00,8.180000305175781,7.690000057220459,,99.98999786376953,,31.0,28.0
2015-03-16 16:02:00,8.449999809265137,7.739999771118164,400.20001220703125,7.690000057220459,-3.380000114440918,31.0,28.0
2015-03-16 16:03:00,8.5600004196167,7.579999923706055,400.20001220703125,7.690000057220459,-3.430000066757202,31.0,28.0
2015-03-16 16:04:00,8.220000267028809,7.199999809265137,399.1000061035156,8.420000076293945,-3.2799999713897705,32.0,28.0
2015-03-16 16:05:00,8.119999885559082,7.849999904632568,399.1000061035156,8.420000076293945,-3.240000009536743,34.0,28.0
2015-03-16 16:06:00,8.1899995803833,8.229999542236328,402.1000061035156,6.96999979019165,-3.2899999618530273,37.0,28.0
2015-03-16 16:07:00,8.130000114440918,8.819999694824219,402.1000061035156,6.96999979019165,-3.2699999809265137,37.0,28.0
2015-03-16 16:08:00,7.630000114440918,9.699999809265137,398.3999938964844,6.920000076293945,-3.0399999618530273,35.0,29.0
2015-03-16 16:09:00,7.230000019073486,10.010000228881836,398.3999938964844,6.929999828338623,-2.880000114440918,32.0,29.0
2015-03-16 16:10:00,6.71999979019165,9.949999809265137,397.5,6.949999809265137,-2.6700000762939453,29.0,29.0
2015-03-16 16:11:00,6.929999828338623,9.550000190734863,397.5,6.949999809265137,-2.75,27.0,29.0
2015-03-16 16:12:00,6.940000057220459,8.569999694824219,396.6000061035156,8.069999694824219,-2.75,31.0,29.0
2015-03-16 16:13:00,7.329999923706055,7.75,396.70001220703125,8.25,-2.9100000858306885,39.0,29.0
2015-03-16 16:14:00,7.53000020980835,7.460000038146973,397.70001220703125,9.119999885559082,-2.990000009536743,40.0,29.0
2015-03-16 16:15:00,7.610000133514404,7.320000171661377,396.79998779296875,8.109999656677246,-3.0199999809265137,37.0,29.0
2015-03-16 16:16:00,8.819999694824219,2.430000066757202,397.70001220703125,7.880000114440918,-3.509999990463257,36.0,29.0
2015-03-16 16:17:00,9.5,-0.6100000143051147,402.5,6.570000171661377,-3.819999933242798,30.0,31.0
2015-03-16 16:18:00,9.5,-0.8500000238418579,403.20001220703125,6.360000133514404,-3.8299999237060547,34.0,32.0
2015-03-16 16:19:00,9.84000015258789,-0.6600000262260437,404.1000061035156,7.849999904632568,-3.9800000190734863,40.0,33.0
2015-03-16 16:20:00,9.949999809265137,-0.28999999165534973,404.1000061035156,7.849999904632568,-4.019999980926514,40.0,34.0
2015-03-16 16:21:00,9.729999542236328,-0.3799999952316284,404.70001220703125,7.519999980926514,-3.940000057220459,37.0,34.0
2015-03-16 16:22:00,9.75,-0.7900000214576721,404.70001220703125,7.550000190734863,-3.950000047683716,34.0,35.0
2015-03-16 16:23:00,10.0600004196167,-0.6600000262260437,405.5,7.599999904632568,-4.079999923706055,44.0,34.0
2015-03-16 16:24:00,10.279999732971191,-0.6600000262260437,405.8999938964844,7.739999771118164,-4.170000076293945,51.0,32.0
2015-03-16 16:25:00,9.579999923706055,0.0,405.5,7.869999885559082,-3.880000114440918,48.0,30.0
2015-03-16 16:26:00,9.699999809265137,0.07000000029802322,,99.98999786376953,,44.0,29.0
2015-03-16 16:27:00,9.930000305175781,-0.029999999329447746,,99.98999786376953,,36.0,28.0
2015-03-16 16:28:00,9.829999923706055,-0.029999999329447746,403.79998779296875,6.980000019073486,-3.9700000286102295,37.0,29.0
2015-03-16 16:29:00,9.739999771118164,0.18000000715255737,403.79998779296875,6.980000019073486,-3.930000066757202,67.0,29.0
2015-03-16 16:30:00,,,,99.98999786376953,,88.0,30.0
2015-03-16 16:31:00,9.770000457763672,-0.0,,99.98999786376953,,84.0,30.0
2015-03-16 16:32:00,9.850000381469727,-0.1599999964237213,,99.98999786376953,,66.0,31.0
2015-03-16 16:33:00,10.0600004196167,-0.6499999761581421,,99.98999786376953,,56.0,32.0
2015-03-16 16:34:00,9.710000038146973,-0.14000000059604645,403.70001220703125,7.170000076293945,-3.9200000762939453,45.0,32.0
2015-03-16 16:35:00,9.479999542236328,-0.25,403.70001220703125,7.170000076293945,-3.8299999237060547,45.0,31.0
2015-03-16 16:36:00,9.920000076293945,0.11999999731779099,,99.98999786376953,,57.0,30.0
2015-03-16 16:37:00,9.880000114440918,1.0399999618530273,404.1000061035156,6.880000114440918,-3.990000009536743,70.0,29.0
2015-03-16 16:38:00,9.789999961853027,1.409999966621399,404.1000061035156,6.880000114440918,-3.9600000381469727,81.0,29.0
2015-03-16 16:39:00,9.619999885559082,1.409999966621399,404.0,7.170000076293945,-3.890000104904175,84.0,29.0
2015-03-16 16:40:00,9.770000457763672,1.409999966621399,404.0,7.170000076293945,-3.950000047683716,78.0,29.0
2015-03-16 16:41:00,9.199999809265137,0.7099999785423279,401.20001220703125,7.590000152587891,-3.690000057220459,73.0,29.0
2015-03-16 16:42:00,9.0600004196167,0.8299999833106995,401.1000061035156,7.480000019073486,-3.630000114440918,63.0,30.0
2015-03-16 16:43:00,8.75,-0.9700000286102295,401.6000061035156,7.429999828338623,-3.509999990463257,55.0,31.0
2015-03-16 16:44:00,,,401.8999938964844,7.590000152587891,,44.0,31.0
2015-03-16 16:45:00,,,,99.98999786376953,,37.0,31.0
2015-03-16 16:46:00,7.210000038146973,6.170000076293945,397.20001220703125,7.599999904632568,-2.859999895095825,31.0,31.0
2015-03-16 16:47:00,5.230000019073486,8.050000190734863,397.20001220703125,7.599999904632568,-2.0799999237060547,25.0,30.0
2015-03-16 16:48:00,5.090000152587891,8.1899995803833,,99.98999786376953,,27.0,30.0
2015-03-16 16:49:00,7.860000133514404,5.46999979019165,398.70001220703125,7.050000190734863,-3.130000114440918,31.0,30.0
2015-03-16 16:50:00,9.229999542236328,0.6000000238418579,398.70001220703125,7.050000190734863,-3.680000066757202,40.0,29.0
2015-03-16 16:51:00,8.149999618530273,1.9800000190734863,397.79998779296875,6.460000038146973,-3.240000009536743,45.0,29.0
2015-03-16 16:52:00,8.149999618530273,3.559999942779541,399.3999938964844,6.670000076293945,-3.259999990463257,43.0,29.0
2015-03-16 16:53:00,6.909999847412109,3.890000104904175,400.5,6.809999942779541,-2.7699999809265137,36.0,29.0
2015-03-16 16:54:00,7.909999847412109,2.450000047683716,,99.98999786376953,,28.0,28.0
2015-03-16 16:55:00,8.010000228881836,3.75,400.29998779296875,5.559999942779541,-3.2100000381469727,24.0,28.0
2015-03-16 16:56:00,4.980000019073486,8.430000305175781,399.3999938964844,5.420000076293945,-1.9900000095367432,27.0,27.0
2015-03-16 16:57:00,4.869999885559082,9.390000343322754,397.20001220703125,5.420000076293945,-1.9299999475479126,34.0,27.0
2015-03-16 16:58:00,4.5,9.710000038146973,397.0,5.480000019073486,-1.7899999618530273,41.0,26.0
2015-03-16 16:59:00,4.860000133514404,9.550000190734863,401.70001220703125,4.400000095367432,-1.9500000476837158,39.0,26.0
2015-03-16 17:00:00,5.659999847412109,10.369999885559082,401.70001220703125,4.400000095367432,-2.2699999809265137,37.0,26.0
2015-03-16 17:01:00,6.349999904632568,9.800000190734863,401.6000061035156,2.9200000762939453,-2.549999952316284,38.0,26.0
2015-03-16 17:02:00,6.889999866485596,9.869999885559082,404.3999938964844,3.0999999046325684,-2.7899999618530273,40.0,25.0
2015-03-16 17:03:00,6.769999980926514,9.420000076293945,406.5,3.25,-2.75,37.0,24.0
2015-03-16 17:04:00,6.849999904632568,9.079999923706055,405.79998779296875,3.299999952316284,-2.7799999713897705,34.0,24.0
2015-03-16 17:05:00,6.840000152587891,9.239999771118164,406.3999938964844,3.240000009536743,-2.7799999713897705,35.0,22.0
2015-03-16 17:06:00,6.429999828338623,9.520000457763672,406.5,3.2100000381469727,-2.609999895095825,38.0,19.0
2015-03-16 17:07:00,6.599999904632568,9.4399995803833,405.6000061035156,3.309999942779541,-2.680000066757202,32.0,18.0
2015-03-16 17:08:00,6.610000133514404,9.430000305175781,405.29998779296875,3.2899999618530273,-2.680000066757202,41.0,18.0
2015-03-16 17:09:00,6.619999885559082,9.579999923706055,404.0,3.2100000381469727,-2.6700000762939453,54.0,17.0
2015-03-16 17:10:00,6.820000171661377,9.479999542236328,404.0,3.359999895095825,-2.759999990463257,68.0,17.0
2015-03-16 17:11:00,6.380000114440918,9.529999732971191,404.79998779296875,3.4100000858306885,-2.5799999237060547,87.0,17.0
2015-03-16 17:12:00,6.070000171661377,9.420000076293945,406.20001220703125,3.390000104904175,-2.4700000286102295,102.0,17.0
2015-03-16 17:13:00,6.039999961853027,4.5,404.5,3.130000114440918,-2.440000057220459,104.0,18.0
2015-03-16 17:14:00,7.579999923706055,2.2200000286102295,404.5,3.130000114440918,-3.069999933242798,98.0,18.0
2015-03-16 17:15:00,9.720000267028809,1.340000033378601,403.29998779296875,4.710000038146973,-3.9200000762939453,82.0,18.0
2015-03-16 17:16:00,10.5,-1.2400000095367432,403.29998779296875,4.710000038146973,-4.230000019073486,67.0,17.0
2015-03-16 17:17:00,10.960000038146973,-1.4199999570846558,403.29998779296875,4.710000038146973,-4.420000076293945,56.0,17.0
2015-03-16 17:18:00,11.65999984741211,-0.5199999809265137,,99.98999786376953,,42.0,17.0
2015-03-16 17:19:00,,,399.3999938964844,12.460000038146973,,34.0,17.0
2015-03-16 17:20:00,6.389999866485596,-7.28000020980835,399.3999938964844,12.460000038146973,-2.549999952316284,37.0,19.0
2015-03-16 17:21:00,6.989999771118164,-7.25,399.8999938964844,12.600000381469727,-2.799999952316284,55.0,20.0
2015-03-16 17:22:00,7.070000171661377,-8.130000114440918,400.1000061035156,12.640000343322754,-2.8299999237060547,70.0,22.0
2015-03-16 17:23:00,5.860000133514404,-8.859999656677246,394.20001220703125,7.21999979019165,-2.309999942779541,72.0,24.0
2015-03-16 17:24:00,6.110000133514404,-7.059999942779541,397.29998779296875,11.359999656677246,-2.430000066757202,64.0,30.0
2015-03-16 17:25:00,7.369999885559082,-5.539999961853027,399.6000061035156,12.600000381469727,-2.950000047683716,71.0,34.0
2015-03-16 17:26:00,8.180000305175781,-5.190000057220459,399.6000061035156,12.600000381469727,-3.2699999809265137,107.0,38.0
2015-03-16 17:27:00,8.5600004196167,-5.53000020980835,399.6000061035156,12.600000381469727,-3.4200000762939453,172.0,41.0
2015-03-16 17:28:00,8.90999984741211,-5.170000076293945,,99.98999786376953,,210.0,42.0
2015-03-16 17:29:00,9.220000267028809,-4.659999847412109,403.20001220703125,10.279999732971191,-3.7200000286102295,181.0,42.0
2015-03-16 17:30:00,9.449999809265137,-4.110000133514404,403.20001220703125,10.279999732971191,-3.809999942779541,98.0,41.0
2015-03-16 17:31:00,9.520000457763672,-3.4600000381469727,404.1000061035156,9.75,-3.8499999046325684,69.0,41.0
2015-03-16 17:32:00,9.529999732971191,-3.3399999141693115,404.1000061035156,9.75,-3.8499999046325684,69.0,41.0
2015-03-16 17:33:00,9.5,-3.619999885559082,404.1000061035156,9.75,-3.8399999141693115,65.0,41.0
2015-03-16 17:34:00,8.710000038146973,-4.199999809265137,,99.98999786376953,,64.0,43.0
2015-03-16 17:35:00,8.970000267028809,-3.880000114440918,,99.98999786376953,,72.0,43.0
2015-03-16 17:36:00,9.079999923706055,-3.559999942779541,401.5,10.5,-3.6500000953674316,65.0,43.0
2015-03-16 17:37:00,9.09000015258789,-1.6200000047683716,403.3999938964844,10.819999694824219,-3.6700000762939453,67.0,41.0
2015-03-16 17:38:00,9.489999771118164,-0.8500000238418579,404.20001220703125,10.960000038146973,-3.8399999141693115,77.0,39.0
2015-03-16 17:39:00,9.8100004196167,-1.1399999856948853,,99.98999786376953,,102.0,38.0
2015-03-16 17:40:00,9.84000015258789,-1.7699999809265137,402.79998779296875,9.359999656677246,-3.9600000381469727,129.0,38.0
2015-03-16 17:41:00,10.010000228881836,-3.2699999809265137,402.79998779296875,9.359999656677246,-4.03000020980835,143.0,38.0
2015-03-16 17:42:00,9.970000267028809,-2.9200000762939453,407.29998779296875,7.96999979019165,-4.059999942779541,131.0,37.0
2015-03-16 17:43:00,9.930000305175781,-3.0,407.8999938964844,7.789999961853027,-4.050000190734863,102.0,36.0
2015-03-16 17:44:00,10.329999923706055,-3.180000066757202,407.70001220703125,7.28000020980835,-4.210000038146973,82.0,34.0
2015-03-16 17:45:00,10.239999771118164,-2.440000057220459,407.8999938964844,6.960000038146973,-4.179999828338623,81.0,31.0
2015-03-16 17:46:00,10.079999923706055,-1.559999942779541,409.5,7.199999809265137,-4.130000114440918,104.0,29.0
2015-03-16 17:47:00,9.979999542236328,-1.5800000429153442,410.5,7.190000057220459,-4.099999904632568,134.0,27.0
2015-03-16 17:48:00,9.729999542236328,-0.7799999713897705,407.29998779296875,8.449999809265137,-3.9600000381469727,139.0,27.0
2015-03-16 17:49:00,9.399999618530273,-0.36000001430511475,407.3999938964844,8.630000114440918,-3.8299999237060547,106.0,28.0
2015-03-16 17:50:00,9.5600004196167,-0.5,407.29998779296875,9.25,-3.890000104904175,86.0,28.0
2015-03-16 17:51:00,9.199999809265137,0.25,407.6000061035156,9.539999961853027,-3.75,79.0,30.0
2015-03-16 17:52:00,9.649999618530273,-1.2300000190734863,,99.98999786376953,,76.0,30.0
2015-03-16 17:53:00,9.5600004196167,-1.600000023841858,410.6000061035156,6.739999771118164,-3.930000066757202,70.0,31.0
2015-03-16 17:54:00,9.210000038146973,0.10000000149011612,410.6000061035156,6.739999771118164,-3.7799999713897705,65.0,31.0
2015-03-16 17:55:00,,,,99.98999786376953,,54.0,33.0
2015-03-16 17:56:00,,,,99.98999786376953,,46.0,33.0
2015-03-16 17:57:00,,,,99.98999786376953,,45.0,34.0
2015-03-16 17:58:00,10.0600004196167,-1.9199999570846558,,99.98999786376953,,47.0,34.0
2015-03-16 17:59:00,9.970000267028809,-2.559999942779541,,99.98999786376953,,52.0,34.0
2015-03-16 18:00:00,9.59000015258789,-3.3399999141693115,412.1000061035156,6.369999885559082,-3.950000047683716,53.0,33.0
2015-03-16 18:01:00,9.779999732971191,-2.4600000381469727,412.3999938964844,6.389999866485596,-4.03000020980835,52.0,33.0
2015-03-16 18:02:00,8.90999984741211,-4.190000057220459,412.8999938964844,6.429999828338623,-3.680000066757202,53.0,32.0
2015-03-16 18:03:00,9.319999694824219,-3.380000114440918,412.8999938964844,6.429999828338623,-3.8499999046325684,51.0,29.0
2015-03-16 18:04:00,,,,99.98999786376953,,53.0,26.0
2015-03-16 18:05:00,7.869999885559082,0.6200000047683716,422.70001220703125,8.729999542236328,-3.3299999237060547,60.0,25.0
2015-03-16 18:06:00,8.09000015258789,0.25,422.70001220703125,8.729999542236328,-3.4200000762939453,66.0,24.0
2015-03-16 18:07:00,8.359999656677246,0.1599999964237213,422.70001220703125,8.729999542236328,-3.5299999713897705,64.0,24.0
2015-03-16 18:08:00,8.390000343322754,0.2199999988079071,,99.98999786376953,,58.0,24.0
2015-03-16 18:09:00,8.600000381469727,-0.9599999785423279,,99.98999786376953,,56.0,25.0
2015-03-16 18:10:00,8.859999656677246,-1.3700000047683716,,99.98999786376953,,53.0,25.0
2015-03-16 18:11:00,8.890000343322754,-1.25,420.20001220703125,8.359999656677246,-3.740000009536743,49.0,26.0
2015-03-16 18:12:00,8.9399995803833,-0.5199999809265137,420.1000061035156,8.34000015258789,-3.759999990463257,46.0,26.0
2015-03-16 18:13:00,9.039999961853027,-0.8999999761581421,415.5,7.360000133514404,-3.759999990463257,44.0,27.0
2015-03-16 18:14:00,9.039999961853027,-0.3799999952316284,420.5,8.15999984741211,-3.799999952316284,42.0,27.0
2015-03-16 18:15:00,8.6899995803833,-1.2799999713897705,421.79998779296875,7.989999771118164,-3.6700000762939453,39.0,27.0
2015-03-16 18:16:00,8.789999961853027,-1.3600000143051147,417.0,9.529999732971191,-3.6700000762939453,38.0,27.0
2015-03-16 18:17:00,8.550000190734863,-1.3200000524520874,417.0,9.529999732971191,-3.569999933242798,39.0,27.0
2015-03-16 18:18:00,8.569999694824219,-1.340000033378601,417.0,9.529999732971191,-3.569999933242798,40.0,27.0
2015-03-16 18:19:00,8.569999694824219,-1.340000033378601,,99.98999786376953,,40.0,27.0
2015-03-16 18:20:00,8.529999732971191,-1.309999942779541,,99.98999786376953,,37.0,28.0
2015-03-16 18:21:00,,,,99.98999786376953,,37.0,28.0
2015-03-16 18:22:00,,,,99.98999786376953,,34.0,29.0
2015-03-16 18:23:00,8.479999542236328,-1.2200000286102295,,99.98999786376953,,33.0,30.0
2015-03-16 18:24:00,8.489999771118164,-1.2899999618530273,,99.98999786376953,,32.0,31.0
2015-03-16 18:25:00,8.489999771118164,-1.2999999523162842,,99.98999786376953,,28.0,31.0
2015-03-16 18:26:00,8.460000038146973,-1.3899999856948853,,99.98999786376953,,22.0,31.0
2015-03-16 18:27:00,8.460000038146973,-1.399999976158142,,99.98999786376953,,29.0,30.0
2015-03-16 18:28:00,8.470000267028809,-1.340000033378601,415.5,9.350000381469727,-3.5199999809265137,31.0,31.0
2015-03-16 18:29:00,8.5,-1.4600000381469727,415.5,9.350000381469727,-3.5299999713897705,26.0,30.0
2015-03-16 18:30:00,,,,99.98999786376953,,31.0,30.0
2015-03-16 18:31:00,8.510000228881836,-1.5800000429153442,,99.98999786376953,,35.0,30.0
2015-03-16 18:32:00,,,,99.98999786376953,,32.0,30.0
2015-03-16 18:33:00,8.550000190734863,-1.6399999856948853,,99.98999786376953,,28.0,30.0
2015-03-16 18:34:00,8.460000038146973,-1.440000057220459,413.8999938964844,9.5,-3.5,23.0,30.0
2015-03-16 18:35:00,8.489999771118164,-1.590000033378601,413.8999938964844,9.5,-3.509999990463257,22.0,30.0
2015-03-16 18:36:00,8.390000343322754,-1.4500000476837158,,99.98999786376953,,21.0,30.0
2015-03-16 18:37:00,8.149999618530273,-1.2899999618530273,419.3999938964844,10.15999984741211,-3.4200000762939453,23.0,31.0
2015-03-16 18:38:00,8.319999694824219,-0.33000001311302185,418.79998779296875,9.899999618530273,-3.4800000190734863,26.0,32.0
2015-03-16 18:39:00,8.289999961853027,-0.3400000035762787,417.29998779296875,9.369999885559082,-3.4600000381469727,28.0,32.0
2015-03-16 18:40:00,7.679999828338623,-0.5299999713897705,417.29998779296875,9.680000305175781,-3.200000047683716,31.0,31.0
2015-03-16 18:41:00,7.949999809265137,-0.8899999856948853,417.6000061035156,10.510000228881836,-3.319999933242798,21.0,31.0
2015-03-16 18:42:00,7.760000228881836,-0.9399999976158142,417.29998779296875,10.789999961853027,-3.240000009536743,24.0,30.0
2015-03-16 18:43:00,7.949999809265137,-0.6100000143051147,415.79998779296875,10.479999542236328,-3.309999942779541,23.0,29.0
2015-03-16 18:44:00,8.399999618530273,-1.6100000143051147,415.3999938964844,10.020000457763672,-3.490000009536743,31.0,28.0
2015-03-16 18:45:00,8.430000305175781,-1.5700000524520874,413.29998779296875,9.65999984741211,-3.4800000190734863,36.0,28.0
2015-03-16 18:46:00,8.460000038146973,-1.149999976158142,413.1000061035156,9.649999618530273,-3.490000009536743,29.0,27.0
2015-03-16 18:47:00,8.649999618530273,-0.8700000047683716,,99.98999786376953,,36.0,27.0
2015-03-16 18:48:00,8.6899995803833,-0.7900000214576721,418.5,8.8100004196167,-3.640000104904175,35.0,27.0
2015-03-16 18:49:00,8.65999984741211,-0.8199999928474426,418.5,8.8100004196167,-3.619999885559082,34.0,26.0
2015-03-16 18:50:00,8.630000114440918,-0.9399999976158142,,99.98999786376953,,38.0,26.0
2015-03-16 18:51:00,8.539999961853027,-0.9700000286102295,418.3999938964844,8.789999961853027,-3.569999933242798,26.0,26.0
2015-03-16 18:52:00,7.949999809265137,-0.7200000286102295,418.3999938964844,8.789999961853027,-3.3299999237060547,20.0,27.0
2015-03-16 18:53:00,8.539999961853027,-1.399999976158142,418.3999938964844,8.789999961853027,-3.569999933242798,19.0,27.0
2015-03-16 18:54:00,8.539999961853027,-1.7999999523162842,417.70001220703125,8.739999771118164,-3.569999933242798,23.0,27.0
2015-03-16 18:55:00,7.920000076293945,0.23999999463558197,417.70001220703125,8.680000305175781,-3.309999942779541,29.0,27.0
2015-03-16 18:56:00,7.860000133514404,0.6299999952316284,417.5,9.880000114440918,-3.2799999713897705,34.0,28.0
2015-03-16 18:57:00,7.980000019073486,-0.6000000238418579,417.3999938964844,10.350000381469727,-3.3299999237060547,33.0,28.0
2015-03-16 18:58:00,8.079999923706055,-0.7900000214576721,418.8999938964844,9.960000038146973,-3.380000114440918,27.0,30.0
2015-03-16 18:59:00,8.0,-0.3700000047683716,418.3999938964844,9.609999656677246,-3.3499999046325684,31.0,31.0
2015-03-16 19:00:00,7.849999904632568,0.6899999976158142,419.0,9.199999809265137,-3.2899999618530273,26.0,31.0
2015-03-16 19:01:00,8.260000228881836,-0.41999998688697815,420.20001220703125,9.100000381469727,-3.4700000286102295,24.0,32.0
2015-03-16 19:02:00,7.96999979019165,0.49000000953674316,420.3999938964844,8.949999809265137,-3.3499999046325684,27.0,31.0
2015-03-16 19:03:00,7.630000114440918,0.07999999821186066,420.0,9.670000076293945,-3.200000047683716,28.0,31.0
2015-03-16 19:04:00,7.650000095367432,0.5099999904632568,420.0,9.670000076293945,-3.2100000381469727,27.0,31.0
2015-03-16 19:05:00,7.75,0.8700000047683716,420.0,9.670000076293945,-3.25,25.0,31.0
2015-03-16 19:06:00,7.889999866485596,0.9700000286102295,419.0,9.6899995803833,-3.309999942779541,22.0,31.0
2015-03-16 19:07:00,7.679999828338623,1.8799999952316284,419.0,9.6899995803833,-3.2200000286102295,22.0,31.0
2015-03-16 19:08:00,6.840000152587891,-0.4099999964237213,419.5,9.25,-2.869999885559082,35.0,31.0
2015-03-16 19:09:00,6.960000038146973,-0.3199999928474426,420.0,9.039999961853027,-2.9200000762939453,27.0,32.0
2015-03-16 19:10:00,6.769999980926514,-0.6299999952316284,420.20001220703125,8.899999618530273,-2.8399999141693115,22.0,31.0
2015-03-16 19:11:00,6.869999885559082,-0.5199999809265137,420.5,8.779999732971191,-2.890000104904175,20.0,32.0
2015-03-16 19:12:00,6.0,-1.340000033378601,421.0,8.630000114440918,-2.5299999713897705,24.0,31.0
2015-03-16 19:13:00,6.150000095367432,-0.8199999928474426,,99.98999786376953,,21.0,31.0
2015-03-16 19:14:00,6.71999979019165,-0.46000000834465027,,99.98999786376953,,20.0,31.0
2015-03-16 19:15:00,6.46999979019165,-0.9700000286102295,421.79998779296875,8.729999542236328,-2.7300000190734863,25.0,30.0
2015-03-16 19:16:00,6.590000152587891,-1.6799999475479126,421.79998779296875,8.729999542236328,-2.7799999713897705,21.0,30.0
2015-03-16 19:17:00,7.480000019073486,-2.2899999618530273,421.1000061035156,9.289999961853027,-3.1500000953674316,19.0,29.0
2015-03-16 19:18:00,7.46999979019165,-2.0799999237060547,421.1000061035156,9.300000190734863,-3.1500000953674316,19.0,29.0
2015-03-16 19:19:00,7.309999942779541,-1.590000033378601,423.70001220703125,8.979999542236328,-3.0999999046325684,23.0,28.0
2015-03-16 19:20:00,7.320000171661377,-1.6299999952316284,422.70001220703125,8.90999984741211,-3.0899999141693115,18.0,28.0
2015-03-16 19:21:00,7.139999866485596,-1.649999976158142,420.3999938964844,8.75,-3.0,18.0,28.0
2015-03-16 19:22:00,6.690000057220459,-1.6200000047683716,423.8999938964844,9.199999809265137,-2.8399999141693115,28.0,27.0
2015-03-16 19:23:00,7.190000057220459,-1.7400000095367432,420.8999938964844,8.739999771118164,-3.0299999713897705,25.0,27.0
2015-03-16 19:24:00,7.400000095367432,-1.9700000286102295,422.20001220703125,8.649999618530273,-3.119999885559082,22.0,27.0
2015-03-16 19:25:00,7.420000076293945,-1.6200000047683716,423.5,8.90999984741211,-3.140000104904175,23.0,27.0
2015-03-16 19:26:00,7.570000171661377,-1.7799999713897705,422.79998779296875,7.940000057220459,-3.200000047683716,22.0,27.0
2015-03-16 19:27:00,6.559999942779541,-1.4800000190734863,421.6000061035156,7.71999979019165,-2.7699999809265137,25.0,27.0
2015-03-16 19:28:00,6.739999771118164,-1.4800000190734863,420.8999938964844,8.789999961853027,-2.8399999141693115,26.0,27.0
2015-03-16 19:29:00,7.03000020980835,-1.3700000047683716,421.0,8.960000038146973,-2.9600000381469727,29.0,27.0
2015-03-16 19:30:00,6.920000076293945,-1.2699999809265137,421.0,8.960000038146973,-2.9100000858306885,34.0,26.0
2015-03-16 19:31:00,6.889999866485596,-0.8999999761581421,421.79998779296875,8.609999656677246,-2.9100000858306885,30.0,26.0
2015-03-16 19:32:00,6.28000020980835,-1.0499999523162842,421.0,8.760000228881836,-2.640000104904175,29.0,26.0
2015-03-16 19:33:00,6.440000057220459,-1.0700000524520874,422.70001220703125,8.75,-2.7200000286102295,34.0,25.0
2015-03-16 19:34:00,6.320000171661377,-1.1100000143051147,422.79998779296875,8.869999885559082,-2.6700000762939453,31.0,25.0
2015-03-16 19:35:00,6.190000057220459,-1.0800000429153442,422.70001220703125,8.470000267028809,-2.619999885559082,27.0,25.0
2015-03-16 19:36:00,6.449999809265137,-1.0499999523162842,423.5,8.729999542236328,-2.7300000190734863,25.0,24.0
2015-03-16 19:37:00,6.269999980926514,-1.1100000143051147,422.20001220703125,8.899999618530273,-2.6500000953674316,26.0,25.0
2015-03-16 19:38:00,6.199999809265137,-1.149999976158142,422.29998779296875,8.960000038146973,-2.619999885559082,28.0,26.0
2015-03-16 19:39:00,6.369999885559082,-1.3600000143051147,421.3999938964844,8.859999656677246,-2.680000066757202,24.0,28.0
2015-03-16 19:40:00,6.489999771118164,-1.25,423.3999938964844,8.880000114440918,-2.75,20.0,29.0
2015-03-16 19:41:00,6.320000171661377,-0.949999988079071,425.29998779296875,8.609999656677246,-2.690000057220459,17.0,29.0
2015-03-16 19:42:00,5.909999847412109,-0.8999999761581421,428.5,7.659999847412109,-2.5299999713897705,22.0,29.0
2015-03-16 19:43:00,5.840000152587891,-1.2899999618530273,427.29998779296875,7.869999885559082,-2.5,27.0,29.0
2015-03-16 19:44:00,5.730000019073486,-1.2000000476837158,422.70001220703125,8.729999542236328,-2.4200000762939453,26.0,28.0
2015-03-16 19:45:00,5.710000038146973,-1.440000057220459,428.6000061035156,8.050000190734863,-2.450000047683716,28.0,28.0
2015-03-16 19:46:00,5.78000020980835,-1.1699999570846558,428.3999938964844,7.889999866485596,-2.4800000190734863,25.0,28.0
2015-03-16 19:47:00,5.599999904632568,-1.5299999713897705,427.1000061035156,8.140000343322754,-2.390000104904175,23.0,28.0
2015-03-16 19:48:00,5.570000171661377,-0.7200000286102295,423.0,9.020000457763672,-2.359999895095825,27.0,28.0
2015-03-16 19:49:00,5.590000152587891,-0.44999998807907104,426.70001220703125,8.550000190734863,-2.390000104904175,27.0,27.0
2015-03-16 19:50:00,5.510000228881836,-0.5899999737739563,427.70001220703125,7.96999979019165,-2.359999895095825,26.0,27.0
2015-03-16 19:51:00,5.480000019073486,-1.059999942779541,423.5,9.010000228881836,-2.319999933242798,27.0,26.0
2015-03-16 19:52:00,5.389999866485596,-1.190000057220459,425.3999938964844,8.850000381469727,-2.2899999618530273,29.0,26.0
2015-03-16 19:53:00,5.269999980926514,-0.9200000166893005,425.1000061035156,8.880000114440918,-2.240000009536743,32.0,25.0
2015-03-16 19:54:00,5.449999809265137,-1.5499999523162842,425.0,9.359999656677246,-2.319999933242798,34.0,25.0
2015-03-16 19:55:00,5.449999809265137,-1.7799999713897705,423.70001220703125,9.010000228881836,-2.309999942779541,38.0,25.0
2015-03-16 19:56:00,5.489999771118164,-2.109999895095825,423.5,8.960000038146973,-2.3299999237060547,35.0,25.0
2015-03-16 19:57:00,5.340000152587891,-2.1600000858306885,422.8999938964844,8.710000038146973,-2.259999990463257,32.0,25.0
2015-03-16 19:58:00,5.320000171661377,-1.340000033378601,422.6000061035156,9.210000038146973,-2.25,34.0,25.0
2015-03-16 19:59:00,5.210000038146973,-1.0700000524520874,422.29998779296875,9.510000228881836,-2.200000047683716,35.0,25.0
2015-03-16 20:00:00,5.110000133514404,-1.0700000524520874,422.29998779296875,9.510000228881836,-2.1600000858306885,30.0,26.0
2015-03-16 20:01:00,5.099999904632568,-1.0,423.20001220703125,9.880000114440918,-2.1600000858306885,34.0,26.0
2015-03-16 20:02:00,5.119999885559082,-1.1299999952316284,423.20001220703125,9.880000114440918,-2.1700000762939453,44.0,26.0
2015-03-16 20:03:00,4.909999847412109,-1.1100000143051147,423.29998779296875,9.600000381469727,-2.0799999237060547,46.0,26.0
2015-03-16 20:04:00,4.820000171661377,-1.1299999952316284,423.29998779296875,9.600000381469727,-2.0399999618530273,41.0,26.0
2015-03-16 20:05:00,4.75,-1.1799999475479126,,99.98999786376953,,32.0,26.0
2015-03-16 20:06:00,4.75,-1.1799999475479126,,99.98999786376953,,41.0,26.0
2015-03-16 20:07:00,4.78000020980835,-1.2599999904632568,,99.98999786376953,,45.0,26.0
2015-03-16 20:08:00,5.090000152587891,-1.2699999809265137,,99.98999786376953,,48.0,25.0
2015-03-16 20:09:00,5.710000038146973,-1.149999976158142,423.6000061035156,9.779999732971191,-2.4200000762939453,50.0,25.0
2015-03-16 20:10:00,5.599999904632568,-1.25,423.6000061035156,9.779999732971191,-2.369999885559082,33.0,24.0
2015-03-16 20:11:00,5.650000095367432,-1.2400000095367432,,99.98999786376953,,35.0,24.0
2015-03-16 20:12:00,5.659999847412109,-1.25,,99.98999786376953,,46.0,24.0
2015-03-16 20:13:00,5.949999809265137,-1.340000033378601,,99.98999786376953,,41.0,24.0
2015-03-16 20:14:00,5.900000095367432,-1.309999942779541,,99.98999786376953,,35.0,24.0
2015-03-16 20:15:00,5.900000095367432,-1.309999942779541,,99.98999786376953,,32.0,23.0
2015-03-16 20:16:00,5.800000190734863,-1.5099999904632568,428.20001220703125,8.119999885559082,-2.4800000190734863,34.0,23.0
2015-03-16 20:17:00,5.800000190734863,-1.5099999904632568,428.20001220703125,8.119999885559082,-2.4800000190734863,43.0,22.0
2015-03-16 20:18:00,,,428.20001220703125,8.119999885559082,,41.0,20.0
2015-03-16 20:19:00,5.539999961853027,-1.7100000381469727,,99.98999786376953,,45.0,18.0
2015-03-16 20:20:00,5.710000038146973,-1.5499999523162842,430.5,7.610000133514404,-2.4600000381469727,37.0,18.0
2015-03-16 20:21:00,5.429999828338623,-2.049999952316284,430.20001220703125,7.800000190734863,-2.3399999141693115,35.0,17.0
2015-03-16 20:22:00,5.260000228881836,-2.1700000762939453,429.6000061035156,8.039999961853027,-2.259999990463257,40.0,17.0
2015-03-16 20:23:00,5.150000095367432,-2.140000104904175,430.5,8.109999656677246,-2.2200000286102295,42.0,17.0
2015-03-16 20:24:00,5.070000171661377,-2.130000114440918,430.29998779296875,8.119999885559082,-2.180000066757202,43.0,17.0
2015-03-16 20:25:00,4.03000020980835,-2.6500000953674316,,99.98999786376953,,37.0,17.0
2015-03-16 20:26:00,4.590000152587891,-2.319999933242798,429.79998779296875,8.220000267028809,-1.9700000286102295,33.0,18.0
2015-03-16 20:27:00,4.440000057220459,-2.4000000953674316,430.0,8.489999771118164,-1.909999966621399,29.0,18.0
2015-03-16 20:28:00,4.25,-2.640000104904175,430.5,8.359999656677246,-1.8300000429153442,27.0,17.0
2015-03-16 20:29:00,4.059999942779541,-2.5,430.3999938964844,8.520000457763672,-1.75,31.0,17.0
2015-03-16 20:30:00,3.8399999141693115,-2.75,430.29998779296875,8.479999542236328,-1.649999976158142,25.0,17.0
2015-03-16 20:31:00,3.7100000381469727,-2.7899999618530273,428.0,8.6899995803833,-1.590000033378601,21.0,17.0
2015-03-16 20:32:00,3.7300000190734863,-2.7699999809265137,427.20001220703125,9.149999618530273,-1.590000033378601,25.0,17.0
2015-03-16 20:33:00,3.5,-2.700000047683716,427.0,9.420000076293945,-1.4900000095367432,24.0,17.0
2015-03-16 20:34:00,3.5799999237060547,-2.700000047683716,428.0,8.520000457763672,-1.5299999713897705,27.0,17.0
2015-03-16 20:35:00,3.5999999046325684,-2.8499999046325684,430.1000061035156,8.039999961853027,-1.5499999523162842,30.0,17.0
2015-03-16 20:36:00,4.130000114440918,-2.869999885559082,429.8999938964844,8.289999961853027,-1.7799999713897705,25.0,17.0
2015-03-16 20:37:00,4.639999866485596,-2.890000104904175,,99.98999786376953,,27.0,16.0
2015-03-16 20:38:00,4.78000020980835,-2.9700000286102295,435.29998779296875,7.010000228881836,-2.0799999237060547,25.0,16.0
2015-03-16 20:39:00,4.539999961853027,-3.059999942779541,435.29998779296875,7.010000228881836,-1.9800000190734863,21.0,16.0
2015-03-16 20:40:00,4.53000020980835,-2.549999952316284,435.29998779296875,7.010000228881836,-1.9700000286102295,21.0,15.0
2015-03-16 20:41:00,4.46999979019165,-2.609999895095825,,99.98999786376953,,22.0,15.0
2015-03-16 20:42:00,4.599999904632568,-2.8399999141693115,432.6000061035156,7.960000038146973,-1.9900000095367432,21.0,15.0
2015-03-16 20:43:00,4.96999979019165,-3.049999952316284,432.6000061035156,7.960000038146973,-2.1500000953674316,20.0,15.0
2015-03-16 20:44:00,4.920000076293945,-3.2100000381469727,432.6000061035156,7.960000038146973,-2.130000114440918,22.0,16.0
2015-03-16 20:45:00,4.820000171661377,-3.200000047683716,,99.98999786376953,,24.0,16.0
2015-03-16 20:46:00,4.690000057220459,-3.259999990463257,,99.98999786376953,,24.0,17.0
2015-03-16 20:47:00,4.429999828338623,-3.2699999809265137,,99.98999786376953,,24.0,17.0
2015-03-16 20:48:00,,,,99.98999786376953,,27.0,18.0
2015-03-16 20:49:00,,,,99.98999786376953,,26.0,18.0
2015-03-16 20:50:00,,,,99.98999786376953,,25.0,18.0
2015-03-16 20:51:00,,,,99.98999786376953,,26.0,18.0
2015-03-16 20:52:00,,,,99.98999786376953,,27.0,19.0
2015-03-16 20:53:00,5.070000171661377,-3.069999933242798,,99.98999786376953,,26.0,19.0
2015-03-16 20:54:00,5.039999961853027,-3.069999933242798,,99.98999786376953,,28.0,19.0
2015-03-16 20:55:00,4.769999980926514,-3.200000047683716,,99.98999786376953,,27.0,19.0
2015-03-16 20:56:00,4.590000152587891,-3.4000000953674316,,99.98999786376953,,27.0,19.0
2015-03-16 20:57:00,,,,99.98999786376953,,26.0,19.0
2015-03-16 20:58:00,,,,99.98999786376953,,29.0,19.0
2015-03-16 20:59:00,,,,99.98999786376953,,30.0,19.0
2015-03-16 21:00:00,4.690000057220459,-3.2100000381469727,437.3999938964844,7.139999866485596,-2.049999952316284,30.0,19.0
2015-03-16 21:01:00,4.869999885559082,-3.140000104904175,438.1000061035156,7.159999847412109,-2.130000114440918,30.0,18.0
2015-03-16 21:02:00,4.849999904632568,-3.240000009536743,436.20001220703125,6.840000152587891,-2.119999885559082,29.0,18.0
2015-03-16 21:03:00,5.010000228881836,-3.1700000762939453,436.0,6.909999847412109,-2.180000066757202,28.0,18.0
2015-03-16 21:04:00,5.0,-3.240000009536743,435.6000061035156,6.78000020980835,-2.180000066757202,28.0,18.0
2015-03-16 21:05:00,4.900000095367432,-3.140000104904175,436.8999938964844,6.869999885559082,-2.140000104904175,26.0,18.0
2015-03-16 21:06:00,4.880000114440918,-3.1600000858306885,435.5,6.96999979019165,-2.130000114440918,27.0,18.0
2015-03-16 21:07:00,4.960000038146973,-3.140000104904175,435.8999938964844,6.980000019073486,-2.1600000858306885,27.0,18.0
2015-03-16 21:08:00,5.079999923706055,-3.049999952316284,435.70001220703125,6.690000057220459,-2.2100000381469727,26.0,19.0
2015-03-16 21:09:00,5.340000152587891,-3.180000066757202,435.20001220703125,6.46999979019165,-2.319999933242798,23.0,18.0
2015-03-16 21:10:00,5.300000190734863,-3.2200000286102295,433.6000061035156,6.5,-2.299999952316284,28.0,18.0
2015-03-16 21:11:00,4.989999771118164,-3.180000066757202,433.8999938964844,6.349999904632568,-2.1700000762939453,29.0,18.0
2015-03-16 21:12:00,4.349999904632568,-2.7699999809265137,435.0,7.119999885559082,-1.8899999856948853,29.0,18.0
2015-03-16 21:13:00,4.349999904632568,-2.6500000953674316,434.6000061035156,7.139999866485596,-1.8899999856948853,28.0,18.0
2015-03-16 21:14:00,4.46999979019165,-2.640000104904175,434.6000061035156,7.139999866485596,-1.940000057220459,29.0,18.0
2015-03-16 21:15:00,4.519999980926514,-2.7300000190734863,433.79998779296875,6.949999809265137,-1.9600000381469727,29.0,18.0
2015-03-16 21:16:00,4.360000133514404,-2.5899999141693115,434.29998779296875,6.800000190734863,-1.8899999856948853,29.0,19.0
2015-03-16 21:17:00,4.539999961853027,-2.8499999046325684,434.79998779296875,6.789999961853027,-1.9700000286102295,30.0,19.0
2015-03-16 21:18:00,5.070000171661377,-2.8299999237060547,434.1000061035156,6.610000133514404,-2.200000047683716,29.0,19.0
2015-03-16 21:19:00,5.130000114440918,-2.7899999618530273,432.6000061035156,6.289999961853027,-2.2200000286102295,27.0,19.0
2015-03-16 21:20:00,5.179999828338623,-2.890000104904175,432.70001220703125,6.170000076293945,-2.240000009536743,27.0,18.0
2015-03-16 21:21:00,5.090000152587891,-3.0999999046325684,432.8999938964844,6.050000190734863,-2.200000047683716,29.0,17.0
2015-03-16 21:22:00,5.300000190734863,-3.0899999141693115,432.79998779296875,6.0,-2.2899999618530273,28.0,16.0
2015-03-16 21:23:00,5.360000133514404,-3.059999942779541,432.70001220703125,5.760000228881836,-2.319999933242798,31.0,15.0
2015-03-16 21:24:00,5.059999942779541,-3.190000057220459,432.3999938964844,5.769999980926514,-2.190000057220459,31.0,15.0
2015-03-16 21:25:00,5.46999979019165,-3.049999952316284,432.8999938964844,5.739999771118164,-2.369999885559082,31.0,14.0
2015-03-16 21:26:00,5.559999942779541,-3.009999990463257,432.70001220703125,5.289999961853027,-2.4100000858306885,31.0,14.0
2015-03-16 21:27:00,5.559999942779541,-2.9700000286102295,432.1000061035156,5.480000019073486,-2.4000000953674316,29.0,14.0
2015-03-16 21:28:00,5.539999961853027,-2.8299999237060547,431.5,5.53000020980835,-2.390000104904175,27.0,14.0
2015-03-16 21:29:00,5.559999942779541,-2.859999895095825,431.29998779296875,5.539999961853027,-2.4000000953674316,27.0,15.0
2015-03-16 21:30:00,5.590000152587891,-2.7699999809265137,429.70001220703125,5.78000020980835,-2.4000000953674316,26.0,15.0
2015-03-16 21:31:00,5.75,-2.8499999046325684,429.70001220703125,5.78000020980835,-2.4700000286102295,25.0,15.0
2015-03-16 21:32:00,5.650000095367432,-2.9200000762939453,429.79998779296875,5.480000019073486,-2.430000066757202,23.0,15.0
2015-03-16 21:33:00,5.619999885559082,-2.9600000381469727,428.29998779296875,5.659999847412109,-2.4100000858306885,24.0,15.0
2015-03-16 21:34:00,5.340000152587891,-2.9600000381469727,428.0,5.829999923706055,-2.2899999618530273,24.0,15.0
2015-03-16 21:35:00,5.099999904632568,-3.0899999141693115,427.70001220703125,6.039999961853027,-2.180000066757202,25.0,15.0
2015-03-16 21:36:00,5.139999866485596,-2.9100000858306885,427.29998779296875,5.940000057220459,-2.200000047683716,25.0,15.0
2015-03-16 21:37:00,5.5,-2.869999885559082,423.70001220703125,5.960000038146973,-2.3299999237060547,25.0,16.0
2015-03-16 21:38:00,5.559999942779541,-3.0399999618530273,423.20001220703125,5.940000057220459,-2.3499999046325684,25.0,16.0
2015-03-16 21:39:00,5.730000019073486,-3.359999895095825,423.29998779296875,5.739999771118164,-2.430000066757202,28.0,16.0
2015-03-16 21:40:00,5.829999923706055,-2.6500000953674316,425.20001220703125,5.449999809265137,-2.4800000190734863,28.0,17.0
2015-03-16 21:41:00,5.96999979019165,-2.0199999809265137,426.8999938964844,6.010000228881836,-2.549999952316284,28.0,17.0
2015-03-16 21:42:00,6.070000171661377,-2.4100000858306885,427.3999938964844,5.559999942779541,-2.5899999141693115,31.0,17.0
2015-03-16 21:43:00,6.0,-2.609999895095825,428.0,5.369999885559082,-2.569999933242798,29.0,17.0
2015-03-16 21:44:00,6.28000020980835,-2.630000114440918,427.1000061035156,5.300000190734863,-2.680000066757202,27.0,16.0
2015-03-16 21:45:00,6.159999847412109,-2.5299999713897705,426.79998779296875,5.260000228881836,-2.630000114440918,25.0,16.0
2015-03-16 21:46:00,6.099999904632568,-2.4700000286102295,427.1000061035156,5.230000019073486,-2.609999895095825,26.0,15.0
2015-03-16 21:47:00,6.110000133514404,-2.3499999046325684,426.5,5.260000228881836,-2.609999895095825,26.0,15.0
2015-03-16 21:48:00,6.230000019073486,-2.430000066757202,425.8999938964844,4.949999809265137,-2.6500000953674316,27.0,15.0
2015-03-16 21:49:00,6.239999771118164,-2.1600000858306885,425.8999938964844,4.949999809265137,-2.6600000858306885,27.0,14.0
2015-03-16 21:50:00,6.440000057220459,-2.0999999046325684,427.5,4.949999809265137,-2.75,27.0,14.0
2015-03-16 21:51:00,6.260000228881836,-2.6500000953674316,426.8999938964844,5.070000171661377,-2.6700000762939453,27.0,14.0
2015-03-16 21:52:00,6.380000114440918,-1.9199999570846558,427.29998779296875,4.920000076293945,-2.7300000190734863,27.0,14.0
2015-03-16 21:53:00,6.630000114440918,-1.9700000286102295,427.29998779296875,4.940000057220459,-2.8299999237060547,25.0,14.0
2015-03-16 21:54:00,6.679999828338623,-2.0299999713897705,427.5,4.960000038146973,-2.859999895095825,25.0,14.0
2015-03-16 21:55:00,6.820000171661377,-1.8200000524520874,427.6000061035156,4.96999979019165,-2.9200000762939453,29.0,14.0
2015-03-16 21:56:00,6.460000038146973,-1.8600000143051147,427.70001220703125,5.130000114440918,-2.759999990463257,29.0,14.0
2015-03-16 21:57:00,6.230000019073486,-1.309999942779541,428.0,5.099999904632568,-2.6700000762939453,28.0,14.0
2015-03-16 21:58:00,6.289999961853027,-1.7699999809265137,429.1000061035156,5.53000020980835,-2.700000047683716,26.0,14.0
2015-03-16 21:59:00,6.070000171661377,-2.119999885559082,429.0,5.300000190734863,-2.5999999046325684,25.0,13.0
2015-03-16 22:00:00,6.150000095367432,-1.8799999952316284,427.8999938964844,4.989999771118164,-2.630000114440918,24.0,14.0
2015-03-16 22:01:00,6.420000076293945,-2.2699999809265137,427.3999938964844,4.900000095367432,-2.740000009536743,28.0,13.0
2015-03-16 22:02:00,5.949999809265137,-2.5199999809265137,426.6000061035156,4.989999771118164,-2.5399999618530273,29.0,13.0
2015-03-16 22:03:00,6.090000152587891,-2.3299999237060547,423.6000061035156,4.809999942779541,-2.5799999237060547,27.0,13.0
2015-03-16 22:04:00,6.119999885559082,-2.319999933242798,424.3999938964844,4.730000019073486,-2.5999999046325684,26.0,13.0
2015-03-16 22:05:00,6.039999961853027,-2.299999952316284,426.0,5.269999980926514,-2.569999933242798,28.0,13.0
2015-03-16 22:06:00,6.179999828338623,-2.200000047683716,424.0,5.130000114440918,-2.619999885559082,29.0,13.0
2015-03-16 22:07:00,6.170000076293945,-2.200000047683716,423.29998779296875,5.070000171661377,-2.609999895095825,27.0,13.0
2015-03-16 22:08:00,5.989999771118164,-1.899999976158142,422.20001220703125,5.0,-2.5299999713897705,26.0,13.0
2015-03-16 22:09:00,6.0,-1.4800000190734863,425.70001220703125,5.239999771118164,-2.549999952316284,28.0,14.0
2015-03-16 22:10:00,5.96999979019165,-2.1600000858306885,,99.98999786376953,,32.0,14.0
2015-03-16 22:11:00,6.21999979019165,-1.909999966621399,,99.98999786376953,,32.0,15.0
2015-03-16 22:12:00,6.739999771118164,-1.7300000190734863,419.0,4.840000152587891,-2.819999933242798,28.0,15.0
2015-03-16 22:13:00,7.139999866485596,-1.850000023841858,419.0,4.840000152587891,-2.990000009536743,26.0,14.0
2015-03-16 22:14:00,6.820000171661377,-1.9199999570846558,419.79998779296875,4.820000171661377,-2.859999895095825,25.0,14.0
2015-03-16 22:15:00,6.650000095367432,-2.309999942779541,421.5,5.099999904632568,-2.799999952316284,28.0,14.0
2015-03-16 22:16:00,7.070000171661377,-1.6799999475479126,421.3999938964844,4.920000076293945,-2.9800000190734863,25.0,14.0
2015-03-16 22:17:00,7.0,-1.75,422.1000061035156,4.96999979019165,-2.950000047683716,27.0,13.0
2015-03-16 22:18:00,6.980000019073486,-1.6699999570846558,420.29998779296875,5.130000114440918,-2.930000066757202,28.0,13.0
2015-03-16 22:19:00,6.929999828338623,-1.5199999809265137,419.8999938964844,5.139999866485596,-2.9100000858306885,25.0,13.0
2015-03-16 22:20:00,6.739999771118164,-1.309999942779541,418.5,4.849999904632568,-2.819999933242798,23.0,13.0
2015-03-16 22:21:00,6.519999980926514,-0.9700000286102295,420.1000061035156,4.760000228881836,-2.740000009536743,26.0,13.0
2015-03-16 22:22:00,6.809999942779541,-0.9800000190734863,,99.98999786376953,,26.0,13.0
2015-03-16 22:23:00,7.099999904632568,-1.9500000476837158,421.6000061035156,5.710000038146973,-2.990000009536743,25.0,13.0
2015-03-16 22:24:00,6.820000171661377,-0.9399999976158142,422.6000061035156,5.96999979019165,-2.880000114440918,24.0,13.0
2015-03-16 22:25:00,7.03000020980835,-1.4900000095367432,422.6000061035156,5.980000019073486,-2.9700000286102295,23.0,13.0
2015-03-16 22:26:00,6.78000020980835,-0.699999988079071,421.3999938964844,4.940000057220459,-2.859999895095825,23.0,12.0
2015-03-16 22:27:00,7.03000020980835,-1.1200000047683716,421.3999938964844,4.940000057220459,-2.9600000381469727,25.0,12.0
2015-03-16 22:28:00,7.0,-0.8199999928474426,418.5,5.440000057220459,-2.930000066757202,26.0,12.0
2015-03-16 22:29:00,6.849999904632568,-0.9599999785423279,418.5,5.440000057220459,-2.869999885559082,26.0,12.0
2015-03-16 22:30:00,7.190000057220459,-1.2599999904632568,417.0,4.809999942779541,-3.0,26.0,12.0
2015-03-16 22:31:00,7.190000057220459,-0.9200000166893005,417.20001220703125,4.980000019073486,-3.0,26.0,13.0
2015-03-16 22:32:00,7.400000095367432,-0.5199999809265137,418.0,5.519999980926514,-3.0899999141693115,28.0,13.0
2015-03-16 22:33:00,6.840000152587891,-1.1299999952316284,,99.98999786376953,,29.0,13.0
2015-03-16 22:34:00,7.170000076293945,-1.4800000190734863,418.29998779296875,5.159999847412109,-3.0,26.0,13.0
2015-03-16 22:35:00,7.409999847412109,-1.350000023841858,418.0,5.429999828338623,-3.0999999046325684,27.0,13.0
2015-03-16 22:36:00,6.849999904632568,-1.1699999570846558,418.5,5.440000057220459,-2.869999885559082,28.0,13.0
2015-03-16 22:37:00,6.619999885559082,-0.10999999940395355,418.8999938964844,5.369999885559082,-2.7699999809265137,28.0,12.0
2015-03-16 22:38:00,7.179999828338623,-0.7400000095367432,413.3999938964844,4.360000133514404,-2.9700000286102295,26.0,12.0
2015-03-16 22:39:00,7.420000076293945,-1.350000023841858,416.0,4.989999771118164,-3.0899999141693115,26.0,12.0
2015-03-16 22:40:00,7.28000020980835,-1.0099999904632568,417.5,5.320000171661377,-3.0399999618530273,26.0,12.0
2015-03-16 22:41:00,6.559999942779541,-0.9900000095367432,419.6000061035156,5.630000114440918,-2.75,26.0,12.0
2015-03-16 22:42:00,7.139999866485596,-1.5299999713897705,,99.98999786376953,,25.0,11.0
2015-03-16 22:43:00,7.400000095367432,-1.2699999809265137,417.79998779296875,5.710000038146973,-3.0899999141693115,28.0,11.0
2015-03-16 22:44:00,7.360000133514404,-0.5699999928474426,417.1000061035156,5.550000190734863,-3.069999933242798,30.0,11.0
2015-03-16 22:45:00,7.340000152587891,-2.490000009536743,416.0,5.300000190734863,-3.049999952316284,32.0,11.0
2015-03-16 22:46:00,7.5,-2.2899999618530273,417.29998779296875,5.670000076293945,-3.130000114440918,30.0,12.0
2015-03-16 22:47:00,6.989999771118164,-1.409999966621399,417.29998779296875,5.670000076293945,-2.9200000762939453,31.0,12.0
2015-03-16 22:48:00,6.809999942779541,-2.380000114440918,,99.98999786376953,,29.0,13.0
2015-03-16 22:49:00,7.309999942779541,-1.190000057220459,412.20001220703125,4.949999809265137,-3.009999990463257,26.0,13.0
2015-03-16 22:50:00,7.079999923706055,-1.0700000524520874,414.79998779296875,5.369999885559082,-2.940000057220459,22.0,13.0
2015-03-16 22:51:00,7.400000095367432,-1.8600000143051147,,99.98999786376953,,23.0,13.0
2015-03-16 22:52:00,7.389999866485596,-1.350000023841858,412.29998779296875,5.170000076293945,-3.049999952316284,24.0,14.0
2015-03-16 22:53:00,7.840000152587891,-1.1399999856948853,411.5,4.809999942779541,-3.2300000190734863,24.0,14.0
2015-03-16 22:54:00,7.239999771118164,-1.3799999952316284,411.3999938964844,4.789999961853027,-2.9800000190734863,28.0,14.0
2015-03-16 22:55:00,7.480000019073486,-2.3399999141693115,410.3999938964844,5.019999980926514,-3.069999933242798,28.0,14.0
2015-03-16 22:56:00,7.739999771118164,-1.9800000190734863,413.79998779296875,5.21999979019165,-3.200000047683716,29.0,14.0
2015-03-16 22:57:00,8.039999961853027,-1.4700000286102295,407.5,4.71999979019165,-3.2799999713897705,30.0,14.0
2015-03-16 22:58:00,7.860000133514404,-2.7200000286102295,410.29998779296875,4.920000076293945,-3.2200000286102295,32.0,14.0
2015-03-16 22:59:00,8.010000228881836,-2.380000114440918,410.70001220703125,5.03000020980835,-3.2899999618530273,30.0,14.0
2015-03-16 23:00:00,7.920000076293945,-0.8799999952316284,410.79998779296875,5.400000095367432,-3.25,30.0,15.0
2015-03-16 23:01:00,7.489999771118164,-0.5899999737739563,409.20001220703125,4.840000152587891,-3.059999942779541,28.0,15.0
2015-03-16 23:02:00,7.5,-0.15000000596046448,409.20001220703125,4.840000152587891,-3.069999933242798,27.0,14.0
2015-03-16 23:03:00,7.739999771118164,-0.38999998569488525,,99.98999786376953,,28.0,14.0
2015-03-16 23:04:00,7.239999771118164,-0.12999999523162842,,99.98999786376953,,28.0,14.0
2015-03-16 23:05:00,7.510000228881836,-0.23000000417232513,413.5,5.059999942779541,-3.109999895095825,28.0,15.0
2015-03-16 23:06:00,7.449999809265137,-0.7900000214576721,413.5,5.059999942779541,-3.0799999237060547,34.0,14.0
2015-03-16 23:07:00,7.659999847412109,-0.5,408.20001220703125,5.260000228881836,-3.130000114440918,30.0,14.0
2015-03-16 23:08:00,7.75,-0.6899999976158142,408.79998779296875,4.96999979019165,-3.1700000762939453,30.0,14.0
2015-03-16 23:09:00,7.739999771118164,-2.059999942779541,409.5,4.619999885559082,-3.1700000762939453,32.0,13.0
2015-03-16 23:10:00,7.730000019073486,-1.600000023841858,408.70001220703125,5.610000133514404,-3.1600000858306885,32.0,13.0
2015-03-16 23:11:00,8.279999732971191,-1.9900000095367432,409.1000061035156,5.349999904632568,-3.390000104904175,30.0,13.0
2015-03-16 23:12:00,7.300000190734863,-1.7300000190734863,411.0,4.53000020980835,-3.0,28.0,13.0
2015-03-16 23:13:00,7.360000133514404,0.05000000074505806,411.0,4.480000019073486,-3.0199999809265137,28.0,12.0
2015-03-16 23:14:00,7.139999866485596,0.03999999910593033,408.8999938964844,4.489999771118164,-2.9200000762939453,29.0,12.0
2015-03-16 23:15:00,7.579999923706055,-0.09000000357627869,409.0,4.5,-3.0999999046325684,28.0,12.0
2015-03-16 23:16:00,7.329999923706055,0.49000000953674316,411.20001220703125,4.889999866485596,-3.009999990463257,30.0,11.0
2015-03-16 23:17:00,7.300000190734863,-0.5899999737739563,410.1000061035156,5.090000152587891,-2.990000009536743,31.0,11.0
2015-03-16 23:18:00,7.349999904632568,0.15000000596046448,410.1000061035156,5.090000152587891,-3.009999990463257,31.0,11.0
2015-03-16 23:19:00,7.590000152587891,0.2199999988079071,,99.98999786376953,,31.0,11.0
2015-03-16 23:20:00,7.550000190734863,0.07000000029802322,,99.98999786376953,,30.0,11.0
2015-03-16 23:21:00,7.619999885559082,0.3199999928474426,,99.98999786376953,,31.0,11.0
2015-03-16 23:22:00,7.449999809265137,-0.0,410.3999938964844,4.039999961853027,-3.059999942779541,35.0,11.0
2015-03-16 23:23:00,8.069999694824219,0.949999988079071,412.1000061035156,3.9800000190734863,-3.3299999237060547,38.0,11.0
2015-03-16 23:24:00,7.21999979019165,1.2699999809265137,412.6000061035156,3.9600000381469727,-2.9800000190734863,39.0,11.0
2015-03-16 23:25:00,7.190000057220459,-0.009999999776482582,414.5,4.550000190734863,-2.9800000190734863,35.0,12.0
2015-03-16 23:26:00,7.539999961853027,0.1899999976158142,413.5,4.519999980926514,-3.119999885559082,32.0,12.0
2015-03-16 23:27:00,7.71999979019165,0.8700000047683716,408.6000061035156,4.550000190734863,-3.1500000953674316,34.0,12.0
2015-03-16 23:28:00,8.0,0.1599999964237213,414.20001220703125,6.070000171661377,-3.309999942779541,32.0,13.0
2015-03-16 23:29:00,7.639999866485596,0.27000001072883606,416.1000061035156,6.340000152587891,-3.180000066757202,34.0,13.0
2015-03-16 23:30:00,7.960000038146973,0.6700000166893005,410.20001220703125,4.699999809265137,-3.2699999809265137,39.0,13.0
2015-03-16 23:31:00,7.980000019073486,0.47999998927116394,413.29998779296875,5.170000076293945,-3.299999952316284,44.0,13.0
2015-03-16 23:32:00,7.420000076293945,0.9200000166893005,414.0,5.050000190734863,-3.069999933242798,44.0,13.0
2015-03-16 23:33:00,8.289999961853027,0.33000001311302185,,99.98999786376953,,42.0,13.0
2015-03-16 23:34:00,7.519999980926514,0.20999999344348907,416.5,4.610000133514404,-3.130000114440918,38.0,13.0
2015-03-16 23:35:00,7.78000020980835,0.009999999776482582,416.5,4.610000133514404,-3.240000009536743,35.0,13.0
2015-03-16 23:36:00,6.940000057220459,0.7200000286102295,416.8999938964844,4.71999979019165,-2.890000104904175,38.0,13.0
2015-03-16 23:37:00,7.210000038146973,0.6600000262260437,417.0,4.760000228881836,-3.009999990463257,35.0,13.0
2015-03-16 23:38:00,7.199999809265137,0.7400000095367432,420.1000061035156,5.179999828338623,-3.0199999809265137,34.0,13.0
2015-03-16 23:39:00,7.400000095367432,-0.5099999904632568,421.20001220703125,5.300000190734863,-3.119999885559082,32.0,12.0
2015-03-16 23:40:00,7.380000114440918,-0.3700000047683716,419.29998779296875,5.079999923706055,-3.0899999141693115,33.0,11.0
2015-03-16 23:41:00,7.090000152587891,0.5600000023841858,417.79998779296875,4.429999828338623,-2.9600000381469727,30.0,11.0
2015-03-16 23:42:00,6.309999942779541,1.5499999523162842,423.5,3.950000047683716,-2.6700000762939453,32.0,11.0
2015-03-16 23:43:00,6.28000020980835,1.690000057220459,425.0,3.759999990463257,-2.6700000762939453,36.0,12.0
2015-03-16 23:44:00,6.730000019073486,0.7099999785423279,423.8999938964844,4.03000020980835,-2.8499999046325684,43.0,12.0
2015-03-16 23:45:00,6.639999866485596,1.159999966621399,425.0,4.179999828338623,-2.819999933242798,48.0,12.0
2015-03-16 23:46:00,6.179999828338623,1.4900000095367432,,99.98999786376953,,41.0,12.0
2015-03-16 23:47:00,6.070000171661377,1.4700000286102295,422.29998779296875,4.78000020980835,-2.559999942779541,39.0,12.0
2015-03-16 23:48:00,5.329999923706055,1.7699999809265137,422.29998779296875,4.78000020980835,-2.25,36.0,12.0
2015-03-16 23:49:00,5.199999809265137,2.200000047683716,423.5,4.019999980926514,-2.200000047683716,32.0,12.0
2015-03-16 23:50:00,4.679999828338623,2.440000057220459,424.20001220703125,4.440000057220459,-1.9900000095367432,28.0,12.0
2015-03-16 23:51:00,4.429999828338623,2.5799999237060547,430.70001220703125,4.989999771118164,-1.909999966621399,26.0,11.0
2015-03-16 23:52:00,3.5299999713897705,2.700000047683716,428.29998779296875,4.71999979019165,-1.5099999904632568,27.0,11.0
2015-03-16 23:53:00,,,,99.98999786376953,,29.0,11.0
2015-03-16 23:54:00,6.590000152587891,-0.05000000074505806,432.3999938964844,5.409999847412109,-2.8499999046325684,27.0,11.0
2015-03-16 23:55:00,6.710000038146973,-0.10999999940395355,426.8999938964844,4.800000190734863,-2.859999895095825,29.0,11.0
2015-03-16 23:56:00,6.829999923706055,-0.23999999463558197,424.70001220703125,4.789999961853027,-2.9000000953674316,28.0,11.0
2015-03-16 23:57:00,6.170000076293945,-0.3199999928474426,423.0,4.619999885559082,-2.609999895095825,29.0,13.0
2015-03-16 23:58:00,3.140000104904175,1.9600000381469727,424.6000061035156,4.929999828338623,-1.3300000429153442,40.0,13.0
2015-03-16 23:59:00,3.5199999809265137,1.1299999952316284,425.6000061035156,5.210000038146973,-1.5,45.0,13.0
2015-03-17 00:00:00,3.450000047683716,-1.2899999618530273,423.8999938964844,4.71999979019165,-1.4600000381469727,50.0,15.0
2015-03-17 00:01:00,2.2300000190734863,-0.3499999940395355,,99.98999786376953,,43.0,15.0
2015-03-17 00:02:00,-0.5,1.1299999952316284,,99.98999786376953,,32.0,15.0
2015-03-17 00:03:00,0.23000000417232513,0.2800000011920929,,99.98999786376953,,34.0,14.0
2015-03-17 00:04:00,0.15000000596046448,-2.0399999618530273,,99.98999786376953,,26.0,14.0
2015-03-17 00:05:00,4.150000095367432,-0.05999999865889549,408.70001220703125,4.480000019073486,-1.7000000476837158,39.0,14.0
2015-03-17 00:06:00,5.460000038146973,-0.23000000417232513,408.70001220703125,4.480000019073486,-2.2300000190734863,40.0,14.0
2015-03-17 00:07:00,5.070000171661377,-0.9100000262260437,415.5,3.6700000762939453,-2.109999895095825,31.0,15.0
2015-03-17 00:08:00,5.920000076293945,0.05000000074505806,417.79998779296875,4.119999885559082,-2.4700000286102295,37.0,15.0
2015-03-17 00:09:00,5.980000019073486,0.36000001430511475,417.79998779296875,4.130000114440918,-2.5,48.0,16.0
2015-03-17 00:10:00,5.179999828338623,0.5400000214576721,421.5,4.090000152587891,-2.180000066757202,50.0,18.0
2015-03-17 00:11:00,4.579999923706055,1.5499999523162842,423.29998779296875,4.570000171661377,-1.940000057220459,39.0,18.0
2015-03-17 00:12:00,4.369999885559082,0.9800000190734863,424.29998779296875,4.880000114440918,-1.850000023841858,43.0,18.0
2015-03-17 00:13:00,4.550000190734863,0.5299999713897705,425.0,4.769999980926514,-1.9299999475479126,55.0,17.0
2015-03-17 00:14:00,3.9700000286102295,0.8500000238418579,421.5,4.889999866485596,-1.6699999570846558,49.0,17.0
2015-03-17 00:15:00,5.079999923706055,2.7200000286102295,426.0,5.239999771118164,-2.1600000858306885,44.0,17.0
2015-03-17 00:16:00,5.179999828338623,3.369999885559082,425.79998779296875,5.300000190734863,-2.2100000381469727,31.0,17.0
2015-03-17 00:17:00,4.820000171661377,2.740000009536743,426.0,5.389999866485596,-2.049999952316284,35.0,16.0
2015-03-17 00:18:00,5.230000019073486,3.4200000762939453,425.1000061035156,5.760000228881836,-2.2200000286102295,44.0,15.0
2015-03-17 00:19:00,5.949999809265137,2.6600000858306885,,99.98999786376953,,39.0,15.0
2015-03-17 00:20:00,5.489999771118164,3.0399999618530273,419.8999938964844,5.610000133514404,-2.309999942779541,28.0,15.0
2015-03-17 00:21:00,5.139999866485596,3.4700000286102295,420.8999938964844,5.940000057220459,-2.1600000858306885,28.0,14.0
2015-03-17 00:22:00,4.840000152587891,3.869999885559082,421.0,5.949999809265137,-2.0399999618530273,33.0,15.0
2015-03-17 00:23:00,5.139999866485596,4.0,421.79998779296875,5.610000133514404,-2.1700000762939453,33.0,15.0
2015-03-17 00:24:00,5.159999847412109,3.869999885559082,421.79998779296875,5.610000133514404,-2.180000066757202,34.0,15.0
2015-03-17 00:25:00,5.400000095367432,3.7699999809265137,,99.98999786376953,,34.0,15.0
2015-03-17 00:26:00,5.53000020980835,3.740000009536743,421.20001220703125,5.5,-2.3299999237060547,36.0,15.0
2015-03-17 00:27:00,5.309999942779541,4.059999942779541,421.20001220703125,5.5,-2.240000009536743,35.0,15.0
2015-03-17 00:28:00,5.150000095367432,4.110000133514404,,99.98999786376953,,37.0,15.0
2015-03-17 00:29:00,5.429999828338623,4.150000095367432,421.20001220703125,6.150000095367432,-2.2899999618530273,37.0,15.0
2015-03-17 00:30:00,5.5,3.4100000858306885,421.20001220703125,6.150000095367432,-2.319999933242798,34.0,16.0
2015-03-17 00:31:00,5.769999980926514,3.490000009536743,,99.98999786376953,,33.0,16.0
2015-03-17 00:32:00,5.849999904632568,3.200000047683716,421.79998779296875,5.539999961853027,-2.4700000286102295,34.0,16.0
2015-03-17 00:33:00,5.710000038146973,2.9200000762939453,421.3999938964844,5.420000076293945,-2.4100000858306885,33.0,17.0
2015-03-17 00:34:00,5.440000057220459,2.6600000858306885,420.79998779296875,5.460000038146973,-2.2899999618530273,34.0,16.0
2015-03-17 00:35:00,5.300000190734863,2.490000009536743,418.0,5.710000038146973,-2.2200000286102295,38.0,16.0
2015-03-17 00:36:00,5.619999885559082,2.4600000381469727,417.1000061035156,5.619999885559082,-2.3399999141693115,38.0,15.0
2015-03-17 00:37:00,5.71999979019165,2.4800000190734863,415.3999938964844,5.440000057220459,-2.380000114440918,39.0,14.0
2015-03-17 00:38:00,5.869999885559082,2.619999885559082,415.29998779296875,5.429999828338623,-2.440000057220459,38.0,14.0
2015-03-17 00:39:00,6.090000152587891,2.509999990463257,416.5,5.409999847412109,-2.5399999618530273,38.0,13.0
2015-03-17 00:40:00,6.349999904632568,2.130000114440918,417.8999938964844,5.099999904632568,-2.6500000953674316,37.0,13.0
2015-03-17 00:41:00,6.369999885559082,1.5199999809265137,418.29998779296875,4.610000133514404,-2.6600000858306885,39.0,13.0
2015-03-17 00:42:00,6.130000114440918,1.100000023841858,416.8999938964844,4.590000152587891,-2.559999942779541,38.0,12.0
2015-03-17 00:43:00,6.03000020980835,1.4800000190734863,418.29998779296875,4.96999979019165,-2.5199999809265137,37.0,12.0
2015-03-17 00:44:00,6.050000190734863,1.1799999475479126,420.1000061035156,5.400000095367432,-2.5399999618530273,35.0,11.0
2015-03-17 00:45:00,5.960000038146973,1.4199999570846558,418.79998779296875,4.53000020980835,-2.5,35.0,12.0
2015-03-17 00:46:00,5.730000019073486,2.299999952316284,418.79998779296875,4.53000020980835,-2.4000000953674316,35.0,11.0
2015-03-17 00:47:00,6.429999828338623,1.6200000047683716,421.79998779296875,5.110000133514404,-2.7100000381469727,34.0,11.0
2015-03-17 00:48:00,6.579999923706055,0.9100000262260437,421.79998779296875,5.099999904632568,-2.7799999713897705,33.0,11.0
2015-03-17 00:49:00,6.610000133514404,1.2000000476837158,424.5,3.9200000762939453,-2.809999942779541,34.0,11.0
2015-03-17 00:50:00,6.360000133514404,1.309999942779541,426.29998779296875,4.239999771118164,-2.7100000381469727,35.0,12.0
2015-03-17 00:51:00,6.170000076293945,1.3700000047683716,426.5,4.260000228881836,-2.630000114440918,34.0,11.0
2015-03-17 00:52:00,6.559999942779541,1.1299999952316284,426.79998779296875,4.289999961853027,-2.799999952316284,32.0,11.0
2015-03-17 00:53:00,6.269999980926514,1.0399999618530273,425.29998779296875,4.199999809265137,-2.6700000762939453,33.0,11.0
2015-03-17 00:54:00,6.170000076293945,1.1399999856948853,425.70001220703125,4.199999809265137,-2.630000114440918,35.0,11.0
2015-03-17 00:55:00,5.909999847412109,1.350000023841858,426.3999938964844,4.210000038146973,-2.5199999809265137,34.0,11.0
2015-03-17 00:56:00,5.519999980926514,1.850000023841858,427.1000061035156,4.420000076293945,-2.359999895095825,34.0,12.0
2015-03-17 00:57:00,5.599999904632568,1.9600000381469727,425.79998779296875,4.460000038146973,-2.380000114440918,36.0,11.0
2015-03-17 00:58:00,5.690000057220459,1.6799999475479126,425.79998779296875,4.460000038146973,-2.4200000762939453,34.0,12.0
2015-03-17 00:59:00,5.860000133514404,1.4199999570846558,425.1000061035156,4.679999828338623,-2.490000009536743,33.0,12.0
2015-03-17 01:00:00,6.0,1.0399999618530273,424.70001220703125,4.599999904632568,-2.549999952316284,39.0,12.0
2015-03-17 01:01:00,5.900000095367432,0.7799999713897705,425.5,4.559999942779541,-2.509999990463257,39.0,12.0
2015-03-17 01:02:00,5.809999942779541,0.699999988079071,425.70001220703125,4.53000020980835,-2.4700000286102295,34.0,12.0
2015-03-17 01:03:00,5.730000019073486,0.4099999964237213,427.20001220703125,4.130000114440918,-2.450000047683716,29.0,12.0
2015-03-17 01:04:00,5.789999961853027,0.47999998927116394,428.20001220703125,4.170000076293945,-2.4800000190734863,28.0,12.0
2015-03-17 01:05:00,5.880000114440918,0.5899999737739563,426.5,4.0,-2.509999990463257,31.0,13.0
2015-03-17 01:06:00,5.909999847412109,0.3799999952316284,426.5,4.0,-2.5199999809265137,36.0,13.0
2015-03-17 01:07:00,6.039999961853027,0.5899999737739563,426.6000061035156,4.170000076293945,-2.5799999237060547,36.0,13.0
2015-03-17 01:08:00,6.119999885559082,0.1599999964237213,425.8999938964844,4.079999923706055,-2.609999895095825,36.0,13.0
2015-03-17 01:09:00,6.050000190734863,0.23999999463558197,425.70001220703125,4.050000190734863,-2.5799999237060547,41.0,13.0
2015-03-17 01:10:00,6.150000095367432,-0.0,424.70001220703125,4.039999961853027,-2.609999895095825,37.0,14.0
2015-03-17 01:11:00,6.139999866485596,-0.05000000074505806,425.1000061035156,4.0,-2.609999895095825,35.0,14.0
2015-03-17 01:12:00,5.610000133514404,0.7099999785423279,425.0,4.010000228881836,-2.380000114440918,36.0,14.0
2015-03-17 01:13:00,5.0,1.5800000429153442,420.8999938964844,4.679999828338623,-2.0999999046325684,35.0,15.0
2015-03-17 01:14:00,5.179999828338623,0.8199999928474426,418.8999938964844,4.599999904632568,-2.1700000762939453,37.0,15.0
2015-03-17 01:15:00,4.610000133514404,1.1200000047683716,417.29998779296875,4.610000133514404,-1.9199999570846558,39.0,15.0
2015-03-17 01:16:00,4.980000019073486,0.9399999976158142,426.79998779296875,5.340000152587891,-2.130000114440918,42.0,15.0
2015-03-17 01:17:00,4.96999979019165,1.649999976158142,422.3999938964844,4.949999809265137,-2.0999999046325684,42.0,15.0
2015-03-17 01:18:00,5.449999809265137,1.0,421.5,4.619999885559082,-2.299999952316284,43.0,15.0
2015-03-17 01:19:00,5.670000076293945,-0.46000000834465027,421.6000061035156,4.079999923706055,-2.390000104904175,40.0,14.0
2015-03-17 01:20:00,5.320000171661377,-0.699999988079071,422.70001220703125,4.199999809265137,-2.25,41.0,14.0
2015-03-17 01:21:00,5.190000057220459,-0.9300000071525574,423.1000061035156,4.0,-2.200000047683716,44.0,14.0
2015-03-17 01:22:00,4.869999885559082,-0.7300000190734863,424.3999938964844,4.230000019073486,-2.069999933242798,47.0,14.0
2015-03-17 01:23:00,4.849999904632568,-0.47999998927116394,425.3999938964844,4.440000057220459,-2.059999942779541,47.0,14.0
2015-03-17 01:24:00,4.409999847412109,-2.119999885559082,424.70001220703125,4.760000228881836,-1.8700000047683716,43.0,14.0
2015-03-17 01:25:00,4.199999809265137,-2.7300000190734863,424.70001220703125,4.760000228881836,-1.7799999713897705,40.0,14.0
2015-03-17 01:26:00,4.829999923706055,-1.8899999856948853,,99.98999786376953,,36.0,14.0
2015-03-17 01:27:00,6.28000020980835,-0.550000011920929,417.8999938964844,4.03000020980835,-2.619999885559082,40.0,13.0
2015-03-17 01:28:00,5.650000095367432,-0.800000011920929,416.8999938964844,3.609999895095825,-2.359999895095825,44.0,13.0
2015-03-17 01:29:00,3.940000057220459,-1.6399999856948853,422.29998779296875,4.269999980926514,-1.659999966621399,42.0,13.0
2015-03-17 01:30:00,4.730000019073486,0.5199999809265137,422.79998779296875,4.0,-2.0,37.0,13.0
2015-03-17 01:31:00,4.639999866485596,0.23999999463558197,422.6000061035156,3.9100000858306885,-1.9600000381469727,34.0,13.0
2015-03-17 01:32:00,4.449999809265137,-0.09000000357627869,422.79998779296875,4.090000152587891,-1.8799999952316284,35.0,13.0
2015-03-17 01:33:00,4.820000171661377,0.3100000023841858,422.1000061035156,4.570000171661377,-2.0299999713897705,37.0,13.0
2015-03-17 01:34:00,5.010000228881836,-0.12999999523162842,421.6000061035156,4.53000020980835,-2.109999895095825,36.0,13.0
2015-03-17 01:35:00,5.389999866485596,-0.3799999952316284,419.0,4.349999904632568,-2.259999990463257,33.0,13.0
2015-03-17 01:36:00,5.019999980926514,-1.100000023841858,418.29998779296875,4.429999828338623,-2.0999999046325684,33.0,13.0
2015-03-17 01:37:00,4.820000171661377,-1.659999966621399,413.8999938964844,4.0,-1.9900000095367432,35.0,13.0
2015-03-17 01:38:00,4.46999979019165,-2.619999885559082,414.8999938964844,4.230000019073486,-1.850000023841858,40.0,13.0
2015-03-17 01:39:00,4.730000019073486,-2.549999952316284,,99.98999786376953,,44.0,13.0
2015-03-17 01:40:00,4.440000057220459,-2.4000000953674316,416.29998779296875,4.21999979019165,-1.850000023841858,43.0,13.0
2015-03-17 01:41:00,4.130000114440918,-2.9700000286102295,416.29998779296875,4.199999809265137,-1.7200000286102295,41.0,13.0
2015-03-17 01:42:00,4.489999771118164,-2.1500000953674316,413.8999938964844,3.9000000953674316,-1.8600000143051147,49.0,13.0
2015-03-17 01:43:00,4.889999866485596,-1.5099999904632568,413.79998779296875,3.569999933242798,-2.0199999809265137,44.0,13.0
2015-03-17 01:44:00,5.409999847412109,-0.8199999928474426,413.70001220703125,4.150000095367432,-2.240000009536743,40.0,13.0
2015-03-17 01:45:00,5.03000020980835,-0.8899999856948853,413.1000061035156,4.53000020980835,-2.0799999237060547,43.0,13.0
2015-03-17 01:46:00,1.5700000524520874,-4.150000095367432,430.79998779296875,4.619999885559082,-0.6800000071525574,43.0,13.0
2015-03-17 01:47:00,0.9300000071525574,-4.760000228881836,429.3999938964844,4.610000133514404,-0.4000000059604645,39.0,13.0
2015-03-17 01:48:00,0.5799999833106995,-4.690000057220459,429.79998779296875,4.590000152587891,-0.25,41.0,13.0
2015-03-17 01:49:00,3.3299999237060547,-2.359999895095825,428.20001220703125,4.889999866485596,-1.4299999475479126,48.0,13.0
2015-03-17 01:50:00,2.9600000381469727,-2.549999952316284,424.79998779296875,4.590000152587891,-1.2599999904632568,51.0,13.0
2015-03-17 01:51:00,5.730000019073486,0.25,421.6000061035156,4.159999847412109,-2.4200000762939453,56.0,13.0
2015-03-17 01:52:00,5.329999923706055,-0.8100000023841858,422.5,4.670000076293945,-2.25,76.0,14.0
2015-03-17 01:53:00,4.849999904632568,-1.399999976158142,,99.98999786376953,,62.0,14.0
2015-03-17 01:54:00,4.909999847412109,-1.3700000047683716,422.20001220703125,4.710000038146973,-2.069999933242798,38.0,15.0
2015-03-17 01:55:00,4.650000095367432,-1.8799999952316284,420.8999938964844,4.449999809265137,-1.9600000381469727,49.0,16.0
2015-03-17 01:56:00,4.809999942779541,-1.409999966621399,424.29998779296875,4.150000095367432,-2.0399999618530273,65.0,17.0
2015-03-17 01:57:00,5.909999847412109,0.4099999964237213,421.3999938964844,3.6500000953674316,-2.490000009536743,50.0,18.0
2015-03-17 01:58:00,5.769999980926514,0.3700000047683716,421.3999938964844,3.6500000953674316,-2.430000066757202,44.0,18.0
2015-03-17 01:59:00,5.610000133514404,-0.1599999964237213,420.5,3.6600000858306885,-2.359999895095825,51.0,17.0
2015-03-17 02:00:00,6.400000095367432,2.0799999237060547,418.20001220703125,3.5999999046325684,-2.680000066757202,62.0,15.0
2015-03-17 02:01:00,6.21999979019165,0.7200000286102295,411.79998779296875,4.039999961853027,-2.559999942779541,59.0,14.0
2015-03-17 02:02:00,5.5,-0.6200000047683716,411.6000061035156,4.170000076293945,-2.259999990463257,55.0,13.0
2015-03-17 02:03:00,5.239999771118164,-1.4900000095367432,417.20001220703125,4.289999961853027,-2.190000057220459,72.0,13.0
2015-03-17 02:04:00,5.119999885559082,-1.4900000095367432,417.1000061035156,4.449999809265137,-2.140000104904175,73.0,13.0
2015-03-17 02:05:00,4.880000114440918,-0.949999988079071,417.29998779296875,4.239999771118164,-2.0399999618530273,65.0,13.0
2015-03-17 02:06:00,4.760000228881836,-0.47999998927116394,420.29998779296875,4.699999809265137,-2.0,65.0,13.0
2015-03-17 02:07:00,3.859999895095825,-2.859999895095825,419.29998779296875,4.260000228881836,-1.6200000047683716,72.0,13.0
2015-03-17 02:08:00,3.200000047683716,-3.0199999809265137,417.8999938964844,4.360000133514404,-1.340000033378601,59.0,13.0
2015-03-17 02:09:00,3.359999895095825,-3.299999952316284,417.20001220703125,4.369999885559082,-1.399999976158142,53.0,13.0
2015-03-17 02:10:00,3.9100000858306885,-2.619999885559082,416.1000061035156,4.159999847412109,-1.6299999952316284,56.0,13.0
2015-03-17 02:11:00,3.1700000762939453,-2.569999933242798,415.79998779296875,4.610000133514404,-1.3200000524520874,58.0,13.0
2015-03-17 02:12:00,2.0999999046325684,-3.7300000190734863,416.70001220703125,4.809999942779541,-0.8799999952316284,61.0,13.0
2015-03-17 02:13:00,0.8500000238418579,-4.300000190734863,416.70001220703125,4.809999942779541,-0.3499999940395355,64.0,13.0
2015-03-17 02:14:00,-0.029999999329447746,-4.630000114440918,412.6000061035156,4.489999771118164,0.009999999776482582,69.0,13.0
2015-03-17 02:15:00,-1.2899999618530273,-5.03000020980835,403.29998779296875,4.369999885559082,0.5199999809265137,67.0,13.0
2015-03-17 02:16:00,0.3100000023841858,-3.759999990463257,410.8999938964844,5.0,-0.12999999523162842,68.0,14.0
2015-03-17 02:17:00,1.149999976158142,-3.619999885559082,414.6000061035156,5.119999885559082,-0.47999998927116394,69.0,15.0
2015-03-17 02:18:00,1.4600000381469727,-2.880000114440918,410.5,5.28000020980835,-0.6000000238418579,68.0,15.0
2015-03-17 02:19:00,0.41999998688697815,-2.799999952316284,421.5,6.269999980926514,-0.18000000715255737,67.0,16.0
2015-03-17 02:20:00,0.9100000262260437,-3.680000066757202,423.20001220703125,6.440000057220459,-0.38999998569488525,70.0,16.0
2015-03-17 02:21:00,-1.2599999904632568,-6.070000171661377,,99.98999786376953,,73.0,16.0
2015-03-17 02:22:00,-4.590000152587891,-4.880000114440918,,99.98999786376953,,70.0,16.0
2015-03-17 02:23:00,-3.4700000286102295,-5.840000152587891,,99.98999786376953,,72.0,16.0
2015-03-17 02:24:00,-2.619999885559082,-6.260000228881836,,99.98999786376953,,99.0,16.0
2015-03-17 02:25:00,0.7599999904632568,-4.340000152587891,415.3999938964844,6.090000152587891,-0.3199999928474426,99.0,16.0
2015-03-17 02:26:00,0.23000000417232513,-5.309999942779541,417.3999938964844,5.980000019073486,-0.10000000149011612,79.0,16.0
2015-03-17 02:27:00,0.6299999952316284,-4.349999904632568,417.79998779296875,5.519999980926514,-0.25999999046325684,82.0,16.0
2015-03-17 02:28:00,2.2699999809265137,-2.380000114440918,426.0,5.519999980926514,-0.9700000286102295,86.0,17.0
2015-03-17 02:29:00,2.5799999237060547,-2.4100000858306885,426.8999938964844,5.78000020980835,-1.100000023841858,77.0,17.0
2015-03-17 02:30:00,2.700000047683716,-2.6700000762939453,426.3999938964844,5.289999961853027,-1.149999976158142,77.0,17.0
2015-03-17 02:31:00,1.5800000429153442,-3.9800000190734863,426.3999938964844,5.230000019073486,-0.6700000166893005,76.0,16.0
2015-03-17 02:32:00,3.059999942779541,-1.2000000476837158,418.8999938964844,5.760000228881836,-1.2799999713897705,92.0,15.0
2015-03-17 02:33:00,5.269999980926514,-0.7400000095367432,421.79998779296875,6.079999923706055,-2.2200000286102295,101.0,15.0
2015-03-17 02:34:00,5.25,-0.8600000143051147,,99.98999786376953,,90.0,14.0
2015-03-17 02:35:00,5.179999828338623,-0.8399999737739563,412.8999938964844,4.889999866485596,-2.140000104904175,98.0,14.0
2015-03-17 02:36:00,5.590000152587891,-0.2199999988079071,412.8999938964844,4.889999866485596,-2.309999942779541,103.0,14.0
2015-03-17 02:37:00,3.8399999141693115,-2.2300000190734863,414.3999938964844,5.619999885559082,-1.590000033378601,107.0,14.0
2015-03-17 02:38:00,0.4000000059604645,-3.940000057220459,414.3999938964844,5.619999885559082,-0.17000000178813934,106.0,13.0
2015-03-17 02:39:00,-0.14000000059604645,-3.700000047683716,417.29998779296875,5.46999979019165,0.05999999865889549,119.0,13.0
2015-03-17 02:40:00,0.20000000298023224,-3.109999895095825,417.29998779296875,5.46999979019165,-0.07999999821186066,108.0,13.0
2015-03-17 02:41:00,0.5600000023841858,-3.950000047683716,419.79998779296875,5.570000171661377,-0.23999999463558197,111.0,13.0
2015-03-17 02:42:00,-0.1899999976158142,-3.8499999046325684,419.79998779296875,5.570000171661377,0.07999999821186066,113.0,13.0
2015-03-17 02:43:00,0.4399999976158142,-3.880000114440918,419.5,5.429999828338623,-0.18000000715255737,116.0,13.0
2015-03-17 02:44:00,0.7699999809265137,-4.269999980926514,421.1000061035156,5.28000020980835,-0.3199999928474426,120.0,14.0
2015-03-17 02:45:00,0.9300000071525574,-4.269999980926514,421.3999938964844,5.25,-0.38999998569488525,117.0,14.0
2015-03-17 02:46:00,0.9599999785423279,-4.389999866485596,420.5,5.679999828338623,-0.4000000059604645,113.0,15.0
2015-03-17 02:47:00,-0.05999999865889549,-4.849999904632568,421.79998779296875,5.96999979019165,0.029999999329447746,109.0,15.0
2015-03-17 02:48:00,1.159999966621399,-3.8499999046325684,421.3999938964844,5.96999979019165,-0.49000000953674316,107.0,15.0
2015-03-17 02:49:00,5.119999885559082,-0.8399999737739563,420.20001220703125,5.96999979019165,-2.1500000953674316,103.0,15.0
2015-03-17 02:50:00,4.099999904632568,-2.2200000286102295,421.5,6.349999904632568,-1.7300000190734863,98.0,15.0
2015-03-17 02:51:00,5.239999771118164,-1.649999976158142,418.20001220703125,6.710000038146973,-2.190000057220459,94.0,15.0
2015-03-17 02:52:00,5.070000171661377,-1.9500000476837158,419.1000061035156,6.110000133514404,-2.119999885559082,85.0,14.0
2015-03-17 02:53:00,5.139999866485596,-2.440000057220459,419.20001220703125,6.090000152587891,-2.1500000953674316,78.0,13.0
2015-03-17 02:54:00,4.900000095367432,-2.2300000190734863,420.5,5.769999980926514,-2.059999942779541,79.0,13.0
2015-03-17 02:55:00,5.099999904632568,-2.0799999237060547,419.6000061035156,5.809999942779541,-2.140000104904175,75.0,13.0
2015-03-17 02:56:00,4.860000133514404,-2.259999990463257,419.8999938964844,5.599999904632568,-2.0399999618530273,75.0,13.0
2015-03-17 02:57:00,5.449999809265137,-1.8300000429153442,417.8999938964844,5.670000076293945,-2.2799999713897705,76.0,14.0
2015-03-17 02:58:00,5.900000095367432,-1.6399999856948853,416.8999938964844,6.010000228881836,-2.4600000381469727,80.0,14.0
2015-03-17 02:59:00,6.199999809265137,-1.5299999713897705,416.29998779296875,5.639999866485596,-2.5799999237060547,83.0,13.0
2015-03-17 03:00:00,6.079999923706055,-1.6399999856948853,416.6000061035156,5.920000076293945,-2.5299999713897705,82.0,13.0
2015-03-17 03:01:00,6.360000133514404,-1.8300000429153442,415.20001220703125,5.480000019073486,-2.640000104904175,80.0,13.0
2015-03-17 03:02:00,6.420000076293945,-1.7100000381469727,414.79998779296875,5.46999979019165,-2.6600000858306885,76.0,14.0
2015-03-17 03:03:00,6.179999828338623,-1.399999976158142,415.79998779296875,5.510000228881836,-2.569999933242798,72.0,14.0
2015-03-17 03:04:00,5.769999980926514,-0.9300000071525574,416.8999938964844,5.679999828338623,-2.4100000858306885,65.0,13.0
2015-03-17 03:05:00,5.329999923706055,-0.27000001072883606,418.3999938964844,5.920000076293945,-2.2300000190734863,59.0,13.0
2015-03-17 03:06:00,5.579999923706055,-0.47999998927116394,417.6000061035156,5.730000019073486,-2.3299999237060547,56.0,13.0
2015-03-17 03:07:00,5.260000228881836,-0.9900000095367432,419.0,5.739999771118164,-2.200000047683716,57.0,13.0
2015-03-17 03:08:00,5.75,-1.0499999523162842,418.20001220703125,5.769999980926514,-2.4000000953674316,58.0,12.0
2015-03-17 03:09:00,5.800000190734863,-0.9599999785423279,418.20001220703125,5.769999980926514,-2.430000066757202,57.0,12.0
2015-03-17 03:10:00,5.75,-1.559999942779541,417.5,5.800000190734863,-2.4000000953674316,58.0,12.0
2015-03-17 03:11:00,5.960000038146973,-1.7799999713897705,416.8999938964844,5.909999847412109,-2.4800000190734863,57.0,12.0
2015-03-17 03:12:00,6.53000020980835,-1.4500000476837158,417.29998779296875,5.869999885559082,-2.7200000286102295,54.0,12.0
2015-03-17 03:13:00,6.289999961853027,-1.2400000095367432,416.6000061035156,5.949999809265137,-2.619999885559082,51.0,12.0
2015-03-17 03:14:00,6.590000152587891,-1.2000000476837158,415.29998779296875,6.110000133514404,-2.740000009536743,48.0,12.0
2015-03-17 03:15:00,6.71999979019165,-1.090000033378601,411.70001220703125,5.820000171661377,-2.7699999809265137,51.0,12.0
2015-03-17 03:16:00,6.409999847412109,-1.159999966621399,411.6000061035156,5.849999904632568,-2.640000104904175,53.0,12.0
2015-03-17 03:17:00,6.400000095367432,-1.090000033378601,411.5,5.849999904632568,-2.630000114440918,54.0,11.0
2015-03-17 03:18:00,6.900000095367432,-1.4800000190734863,411.29998779296875,5.309999942779541,-2.8399999141693115,54.0,11.0
2015-03-17 03:19:00,6.789999961853027,-1.399999976158142,408.20001220703125,5.210000038146973,-2.7699999809265137,54.0,10.0
2015-03-17 03:20:00,7.03000020980835,-1.399999976158142,407.1000061035156,4.949999809265137,-2.859999895095825,57.0,11.0
2015-03-17 03:21:00,7.25,-1.6699999570846558,405.6000061035156,4.599999904632568,-2.940000057220459,58.0,11.0
2015-03-17 03:22:00,7.070000171661377,-1.5800000429153442,410.0,5.489999771118164,-2.9000000953674316,59.0,11.0
2015-03-17 03:23:00,7.329999923706055,-1.340000033378601,408.3999938964844,5.510000228881836,-2.990000009536743,59.0,12.0
2015-03-17 03:24:00,7.53000020980835,-1.2999999523162842,407.70001220703125,5.650000095367432,-3.069999933242798,56.0,12.0
2015-03-17 03:25:00,7.090000152587891,-1.659999966621399,407.8999938964844,5.639999866485596,-2.890000104904175,54.0,12.0
2015-03-17 03:26:00,7.199999809265137,-1.5099999904632568,409.5,5.559999942779541,-2.950000047683716,51.0,12.0
2015-03-17 03:27:00,7.329999923706055,-1.3899999856948853,413.8999938964844,5.980000019073486,-3.0299999713897705,50.0,13.0
2015-03-17 03:28:00,7.769999980926514,-0.9100000262260437,415.5,6.21999979019165,-3.2300000190734863,50.0,13.0
2015-03-17 03:29:00,7.53000020980835,-1.149999976158142,410.29998779296875,5.099999904632568,-3.0899999141693115,52.0,12.0
2015-03-17 03:30:00,8.180000305175781,-0.8700000047683716,409.20001220703125,4.340000152587891,-3.3499999046325684,53.0,11.0
2015-03-17 03:31:00,7.730000019073486,-1.2999999523162842,409.20001220703125,4.340000152587891,-3.1600000858306885,50.0,11.0
2015-03-17 03:32:00,8.0,-1.2699999809265137,415.1000061035156,4.510000228881836,-3.319999933242798,49.0,11.0
2015-03-17 03:33:00,7.639999866485596,-0.9900000095367432,415.1000061035156,4.510000228881836,-3.1700000762939453,51.0,11.0
2015-03-17 03:34:00,7.489999771118164,-1.0399999618530273,416.79998779296875,5.119999885559082,-3.119999885559082,50.0,12.0
2015-03-17 03:35:00,7.230000019073486,-0.6499999761581421,415.3999938964844,5.070000171661377,-3.0,53.0,12.0
2015-03-17 03:36:00,7.420000076293945,-0.6100000143051147,414.6000061035156,5.039999961853027,-3.0799999237060547,48.0,12.0
2015-03-17 03:37:00,7.929999828338623,-0.019999999552965164,411.8999938964844,4.429999828338623,-3.2699999809265137,46.0,12.0
2015-03-17 03:38:00,7.940000057220459,-1.350000023841858,412.0,4.730000019073486,-3.2699999809265137,50.0,12.0
2015-03-17 03:39:00,8.0,-1.190000057220459,416.3999938964844,4.369999885559082,-3.3299999237060547,52.0,11.0
2015-03-17 03:40:00,7.900000095367432,-1.690000057220459,,99.98999786376953,,51.0,11.0
2015-03-17 03:41:00,7.96999979019165,-2.200000047683716,412.5,5.070000171661377,-3.2899999618530273,53.0,12.0
2015-03-17 03:42:00,8.1899995803833,-1.940000057220459,412.79998779296875,5.349999904632568,-3.380000114440918,50.0,12.0
2015-03-17 03:43:00,6.789999961853027,-3.8399999141693115,413.3999938964844,5.840000152587891,-2.809999942779541,51.0,12.0
2015-03-17 03:44:00,8.0600004196167,-1.5099999904632568,412.0,5.760000228881836,-3.319999933242798,53.0,13.0
2015-03-17 03:45:00,8.5600004196167,-1.1299999952316284,408.79998779296875,5.429999828338623,-3.5,54.0,13.0
2015-03-17 03:46:00,8.260000228881836,-1.1799999475479126,407.6000061035156,5.110000133514404,-3.369999885559082,51.0,13.0
2015-03-17 03:47:00,8.670000076293945,-1.2699999809265137,408.70001220703125,5.360000133514404,-3.5399999618530273,51.0,13.0
2015-03-17 03:48:00,8.699999809265137,-1.0299999713897705,410.8999938964844,5.869999885559082,-3.569999933242798,51.0,14.0
2015-03-17 03:49:00,8.760000228881836,-1.1299999952316284,407.8999938964844,4.860000133514404,-3.569999933242798,48.0,14.0
2015-03-17 03:50:00,8.5,-1.9800000190734863,411.8999938964844,5.039999961853027,-3.5,46.0,14.0
2015-03-17 03:51:00,8.489999771118164,-1.6200000047683716,413.0,4.809999942779541,-3.509999990463257,44.0,14.0
2015-03-17 03:52:00,8.239999771118164,-1.2899999618530273,412.20001220703125,4.610000133514404,-3.4000000953674316,51.0,14.0
2015-03-17 03:53:00,8.170000076293945,-1.7599999904632568,414.1000061035156,4.920000076293945,-3.380000114440918,66.0,14.0
2015-03-17 03:54:00,8.739999771118164,-2.0399999618530273,411.29998779296875,5.260000228881836,-3.5899999141693115,78.0,14.0
2015-03-17 03:55:00,9.199999809265137,-0.550000011920929,409.79998779296875,5.440000057220459,-3.7699999809265137,75.0,13.0
2015-03-17 03:56:00,8.819999694824219,-0.9200000166893005,407.1000061035156,5.239999771118164,-3.5899999141693115,63.0,12.0
2015-03-17 03:57:00,9.1899995803833,-0.36000001430511475,408.5,5.070000171661377,-3.75,54.0,12.0
2015-03-17 03:58:00,9.630000114440918,0.009999999776482582,410.70001220703125,4.829999923706055,-3.9600000381469727,47.0,13.0
2015-03-17 03:59:00,9.579999923706055,-0.30000001192092896,408.3999938964844,4.5,-3.9100000858306885,48.0,13.0
2015-03-17 04:00:00,9.510000228881836,-0.10999999940395355,407.1000061035156,4.119999885559082,-3.869999885559082,50.0,14.0
2015-03-17 04:01:00,8.420000076293945,-0.6499999761581421,413.70001220703125,4.860000133514404,-3.4800000190734863,50.0,14.0
2015-03-17 04:02:00,7.539999961853027,-0.949999988079071,415.79998779296875,4.809999942779541,-3.140000104904175,48.0,14.0
2015-03-17 04:03:00,7.650000095367432,-0.6499999761581421,415.79998779296875,4.809999942779541,-3.180000066757202,48.0,13.0
2015-03-17 04:04:00,9.289999961853027,0.14000000059604645,,99.98999786376953,,48.0,12.0
2015-03-17 04:05:00,9.079999923706055,-0.10999999940395355,400.79998779296875,5.360000133514404,-3.640000104904175,47.0,12.0
2015-03-17 04:06:00,8.729999542236328,0.699999988079071,400.8999938964844,5.199999809265137,-3.5,48.0,13.0
2015-03-17 04:07:00,8.819999694824219,0.20999999344348907,402.0,4.510000228881836,-3.549999952316284,51.0,13.0
2015-03-17 04:08:00,8.8100004196167,0.27000001072883606,400.1000061035156,3.299999952316284,-3.5199999809265137,46.0,12.0
2015-03-17 04:09:00,9.039999961853027,0.009999999776482582,403.5,3.380000114440918,-3.6500000953674316,45.0,12.0
2015-03-17 04:10:00,8.510000228881836,0.09000000357627869,,99.98999786376953,,45.0,12.0
2015-03-17 04:11:00,7.579999923706055,-0.4399999976158142,401.3999938964844,3.7699999809265137,-3.0399999618530273,47.0,11.0
2015-03-17 04:12:00,8.170000076293945,0.8399999737739563,398.29998779296875,3.490000009536743,-3.25,51.0,11.0
2015-03-17 04:13:00,8.260000228881836,-0.3700000047683716,,99.98999786376953,,52.0,11.0
2015-03-17 04:14:00,7.519999980926514,-0.6700000166893005,394.1000061035156,3.130000114440918,-2.9600000381469727,54.0,12.0
2015-03-17 04:15:00,7.840000152587891,-0.6600000262260437,394.1000061035156,3.130000114440918,-3.0899999141693115,58.0,12.0
2015-03-17 04:16:00,8.550000190734863,-0.2199999988079071,398.6000061035156,3.5199999809265137,-3.4100000858306885,53.0,12.0
2015-03-17 04:17:00,8.880000114440918,-0.30000001192092896,398.6000061035156,4.429999828338623,-3.5399999618530273,53.0,13.0
2015-03-17 04:18:00,8.960000038146973,0.5699999928474426,398.6000061035156,4.46999979019165,-3.569999933242798,52.0,13.0
2015-03-17 04:19:00,9.0600004196167,-0.03999999910593033,395.6000061035156,3.380000114440918,-3.5799999237060547,51.0,13.0
2015-03-17 04:20:00,8.5,0.5199999809265137,401.8999938964844,4.090000152587891,-3.4200000762939453,52.0,12.0
2015-03-17 04:21:00,8.25,0.33000001311302185,397.29998779296875,3.859999895095825,-3.2799999713897705,55.0,12.0
2015-03-17 04:22:00,9.100000381469727,0.23000000417232513,396.70001220703125,3.809999942779541,-3.609999895095825,52.0,12.0
2015-03-17 04:23:00,9.829999923706055,1.2200000286102295,406.5,5.070000171661377,-4.0,55.0,12.0
2015-03-17 04:24:00,9.170000076293945,0.28999999165534973,406.5,5.070000171661377,-3.7300000190734863,54.0,12.0
2015-03-17 04:25:00,9.039999961853027,0.20000000298023224,,99.98999786376953,,54.0,11.0
2015-03-17 04:26:00,9.119999885559082,-0.25,,99.98999786376953,,55.0,12.0
2015-03-17 04:27:00,9.1899995803833,0.33000001311302185,399.20001220703125,4.03000020980835,-3.6700000762939453,56.0,12.0
2015-03-17 04:28:00,9.229999542236328,0.18000000715255737,399.20001220703125,4.039999961853027,-3.680000066757202,54.0,12.0
2015-03-17 04:29:00,9.229999542236328,0.4699999988079071,399.5,4.139999866485596,-3.690000057220459,51.0,12.0
2015-03-17 04:30:00,9.4399995803833,0.44999998807907104,401.29998779296875,4.460000038146973,-3.7899999618530273,48.0,13.0
2015-03-17 04:31:00,8.960000038146973,0.20000000298023224,403.79998779296875,4.059999942779541,-3.619999885559082,47.0,13.0
2015-03-17 04:32:00,8.720000267028809,-0.03999999910593033,412.8999938964844,4.449999809265137,-3.5999999046325684,46.0,13.0
2015-03-17 04:33:00,9.0,-0.5799999833106995,418.20001220703125,5.0,-3.759999990463257,45.0,14.0
2015-03-17 04:34:00,9.0,-0.5699999928474426,,99.98999786376953,,46.0,13.0
2015-03-17 04:35:00,9.479999542236328,1.4199999570846558,399.0,4.420000076293945,-3.7799999713897705,43.0,13.0
2015-03-17 04:36:00,9.890000343322754,0.4300000071525574,398.79998779296875,3.940000057220459,-3.940000057220459,42.0,15.0
2015-03-17 04:37:00,9.800000190734863,0.14000000059604645,404.0,3.7799999713897705,-3.9600000381469727,45.0,15.0
2015-03-17 04:38:00,9.550000190734863,0.5299999713897705,402.79998779296875,3.950000047683716,-3.8499999046325684,38.0,16.0
2015-03-17 04:39:00,9.479999542236328,0.8600000143051147,403.3999938964844,4.190000057220459,-3.819999933242798,33.0,16.0
2015-03-17 04:40:00,9.670000076293945,0.09000000357627869,395.70001220703125,3.3499999046325684,-3.8299999237060547,31.0,15.0
2015-03-17 04:41:00,10.34000015258789,1.2699999809265137,401.1000061035156,5.739999771118164,-4.150000095367432,35.0,15.0
2015-03-17 04:42:00,8.09000015258789,2.740000009536743,401.79998779296875,4.889999866485596,-3.25,34.0,15.0
2015-03-17 04:43:00,8.550000190734863,2.690000057220459,399.70001220703125,3.8299999237060547,-3.4200000762939453,36.0,15.0
2015-03-17 04:44:00,9.430000305175781,0.6499999761581421,409.3999938964844,5.889999866485596,-3.859999895095825,38.0,15.0
2015-03-17 04:45:00,13.680000305175781,1.7999999523162842,418.0,4.909999847412109,-5.71999979019165,52.0,17.0
2015-03-17 04:46:00,11.380000114440918,1.2799999713897705,430.8999938964844,4.96999979019165,-4.900000095367432,147.0,32.0
2015-03-17 04:47:00,16.43000030517578,3.380000114440918,401.20001220703125,3.180000066757202,-6.590000152587891,269.0,60.0
2015-03-17 04:48:00,26.34000015258789,4.900000095367432,,99.98999786376953,,134.0,67.0
2015-03-17 04:49:00,26.520000457763672,6.050000190734863,504.20001220703125,7.599999904632568,-13.369999885559082,159.0,63.0
2015-03-17 04:50:00,26.93000030517578,6.309999942779541,503.0,6.929999828338623,-13.550000190734863,152.0,59.0
2015-03-17 04:51:00,25.989999771118164,3.5299999713897705,502.8999938964844,6.840000152587891,-13.069999694824219,138.0,57.0
2015-03-17 04:52:00,25.290000915527344,3.4100000858306885,495.0,8.289999961853027,-12.520000457763672,101.0,57.0
2015-03-17 04:53:00,25.520000457763672,5.090000152587891,495.0,8.289999961853027,-12.630000114440918,103.0,58.0
2015-03-17 04:54:00,25.530000686645508,5.519999980926514,488.29998779296875,7.28000020980835,-12.470000267028809,105.0,57.0
2015-03-17 04:55:00,26.190000534057617,5.389999866485596,488.29998779296875,7.28000020980835,-12.789999961853027,71.0,54.0
2015-03-17 04:56:00,25.920000076293945,3.809999942779541,487.8999938964844,6.300000190734863,-12.649999618530273,58.0,54.0
2015-03-17 04:57:00,25.190000534057617,0.9200000166893005,483.5,6.099999904632568,-12.180000305175781,55.0,53.0
2015-03-17 04:58:00,24.940000534057617,1.2000000476837158,490.0,6.929999828338623,-12.220000267028809,41.0,53.0
2015-03-17 04:59:00,23.850000381469727,2.059999942779541,508.0,10.430000305175781,-12.119999885559082,43.0,52.0
2015-03-17 05:00:00,23.459999084472656,3.309999942779541,512.2999877929688,11.180000305175781,-12.020000457763672,57.0,51.0
2015-03-17 05:01:00,24.030000686645508,2.4800000190734863,506.0,13.390000343322754,-12.15999984741211,44.0,50.0
2015-03-17 05:02:00,23.8799991607666,3.440000057220459,506.0,13.390000343322754,-12.079999923706055,39.0,52.0
2015-03-17 05:03:00,23.510000228881836,3.950000047683716,,99.98999786376953,,57.0,53.0
2015-03-17 05:04:00,24.110000610351562,2.3299999237060547,508.20001220703125,14.319999694824219,-12.25,59.0,55.0
2015-03-17 05:05:00,22.760000228881836,6.630000114440918,510.3999938964844,13.359999656677246,-11.619999885559082,53.0,57.0
2015-03-17 05:06:00,23.579999923706055,5.960000038146973,508.70001220703125,15.640000343322754,-12.0,46.0,59.0
2015-03-17 05:07:00,23.079999923706055,6.039999961853027,509.29998779296875,17.209999084472656,-11.75,45.0,60.0
2015-03-17 05:08:00,23.90999984741211,5.099999904632568,512.9000244140625,17.31999969482422,-12.260000228881836,55.0,60.0
2015-03-17 05:09:00,22.81999969482422,7.349999904632568,513.9000244140625,16.969999313354492,-11.729999542236328,54.0,60.0
2015-03-17 05:10:00,23.360000610351562,5.78000020980835,506.79998779296875,16.43000030517578,-11.84000015258789,49.0,60.0
2015-03-17 05:11:00,22.940000534057617,9.039999961853027,512.0999755859375,18.5,-11.75,40.0,61.0
2015-03-17 05:12:00,22.709999084472656,10.289999961853027,517.2000122070312,16.5,-11.75,35.0,63.0
2015-03-17 05:13:00,23.56999969482422,8.930000305175781,508.6000061035156,16.479999542236328,-11.989999771118164,31.0,63.0
2015-03-17 05:14:00,23.709999084472656,5.110000133514404,510.6000061035156,16.459999084472656,-12.109999656677246,30.0,63.0
2015-03-17 05:15:00,23.15999984741211,6.690000057220459,511.8999938964844,17.989999771118164,-11.859999656677246,38.0,60.0
2015-03-17 05:16:00,22.190000534057617,9.149999618530273,512.5999755859375,18.799999237060547,-11.369999885559082,37.0,59.0
2015-03-17 05:17:00,24.670000076293945,5.239999771118164,511.1000061035156,19.079999923706055,-12.609999656677246,35.0,59.0
2015-03-17 05:18:00,25.969999313354492,-3.9800000190734863,513.5,15.899999618530273,-13.34000015258789,49.0,60.0
2015-03-17 05:19:00,25.559999465942383,0.47999998927116394,513.5999755859375,16.170000076293945,-13.130000114440918,67.0,60.0
2015-03-17 05:20:00,27.34000015258789,3.4600000381469727,514.4000244140625,13.539999961853027,-14.0600004196167,78.0,61.0
2015-03-17 05:21:00,26.979999542236328,0.4699999988079071,514.0,13.640000343322754,-13.869999885559082,73.0,58.0
2015-03-17 05:22:00,27.229999542236328,-0.6399999856948853,513.2999877929688,13.770000457763672,-13.979999542236328,69.0,54.0
2015-03-17 05:23:00,26.799999237060547,-3.4600000381469727,511.6000061035156,11.220000267028809,-13.710000038146973,71.0,51.0
2015-03-17 05:24:00,25.700000762939453,-4.739999771118164,507.8999938964844,12.550000190734863,-13.050000190734863,53.0,50.0
2015-03-17 05:25:00,25.34000015258789,-5.039999961853027,509.6000061035156,13.899999618530273,-12.90999984741211,46.0,52.0
2015-03-17 05:26:00,24.959999084472656,-6.329999923706055,509.6000061035156,13.970000267028809,-12.720000267028809,46.0,52.0
2015-03-17 05:27:00,24.799999237060547,-6.269999980926514,,99.98999786376953,,42.0,52.0
2015-03-17 05:28:00,24.469999313354492,-6.800000190734863,513.4000244140625,12.65999984741211,-12.5600004196167,43.0,53.0
2015-03-17 05:29:00,24.18000030517578,-7.110000133514404,512.5,13.800000190734863,-12.390000343322754,33.0,53.0
2015-03-17 05:30:00,22.889999389648438,-6.230000019073486,512.4000244140625,12.670000076293945,-11.729999542236328,31.0,52.0
2015-03-17 05:31:00,21.700000762939453,-10.289999961853027,512.4000244140625,12.329999923706055,-11.119999885559082,38.0,52.0
2015-03-17 05:32:00,22.93000030517578,-8.020000457763672,511.20001220703125,15.09000015258789,-11.720000267028809,40.0,51.0
2015-03-17 05:33:00,22.049999237060547,-9.09000015258789,511.20001220703125,15.09000015258789,-11.270000457763672,35.0,51.0
2015-03-17 05:34:00,22.31999969482422,-8.5600004196167,,99.98999786376953,,31.0,52.0
2015-03-17 05:35:00,21.350000381469727,-10.989999771118164,505.79998779296875,13.760000228881836,-10.800000190734863,27.0,53.0
2015-03-17 05:36:00,21.040000915527344,-10.470000267028809,505.79998779296875,13.760000228881836,-10.640000343322754,26.0,54.0
2015-03-17 05:37:00,21.059999465942383,-10.90999984741211,498.8999938964844,13.510000228881836,-10.510000228881836,27.0,54.0
2015-03-17 05:38:00,21.200000762939453,-10.760000228881836,498.8999938964844,13.510000228881836,-10.579999923706055,29.0,54.0
2015-03-17 05:39:00,20.690000534057617,-11.039999961853027,498.8999938964844,13.510000228881836,-10.319999694824219,50.0,52.0
2015-03-17 05:40:00,19.770000457763672,-10.619999885559082,500.3999938964844,14.899999618530273,-9.890000343322754,62.0,48.0
2015-03-17 05:41:00,20.520000457763672,-10.380000114440918,500.3999938964844,14.899999618530273,-10.270000457763672,57.0,47.0
2015-03-17 05:42:00,19.770000457763672,-9.989999771118164,,99.98999786376953,,46.0,50.0
2015-03-17 05:43:00,19.100000381469727,-11.0600004196167,,99.98999786376953,,38.0,54.0
2015-03-17 05:44:00,18.8700008392334,-10.5600004196167,,99.98999786376953,,28.0,56.0
2015-03-17 05:45:00,15.40999984741211,-13.40999984741211,,99.98999786376953,,41.0,55.0
2015-03-17 05:46:00,11.210000038146973,-15.760000228881836,,99.98999786376953,,49.0,54.0
2015-03-17 05:47:00,15.800000190734863,-11.930000305175781,512.2999877929688,18.459999084472656,-8.09000015258789,50.0,57.0
2015-03-17 05:48:00,16.979999542236328,-12.390000343322754,512.2999877929688,18.459999084472656,-8.699999809265137,50.0,58.0
2015-03-17 05:49:00,17.81999969482422,-12.1899995803833,,99.98999786376953,,39.0,58.0
2015-03-17 05:50:00,17.43000030517578,-13.649999618530273,507.6000061035156,16.299999237060547,-8.850000381469727,48.0,60.0
2015-03-17 05:51:00,19.31999969482422,-11.710000038146973,507.6000061035156,16.299999237060547,-9.8100004196167,50.0,62.0
2015-03-17 05:52:00,18.850000381469727,-9.229999542236328,513.7000122070312,16.1299991607666,-9.680000305175781,59.0,61.0
2015-03-17 05:53:00,17.049999237060547,-10.5,510.8999938964844,14.720000267028809,-8.710000038146973,93.0,55.0
2015-03-17 05:54:00,16.440000534057617,-8.789999961853027,507.8999938964844,12.289999961853027,-8.350000381469727,84.0,52.0
2015-03-17 05:55:00,14.819999694824219,-8.4399995803833,505.70001220703125,12.010000228881836,-7.489999771118164,81.0,49.0
2015-03-17 05:56:00,12.979999542236328,-8.25,500.6000061035156,11.079999923706055,-6.5,85.0,46.0
2015-03-17 05:57:00,14.09000015258789,-6.679999828338623,499.0,11.739999771118164,-7.03000020980835,83.0,46.0
2015-03-17 05:58:00,-0.5899999737739563,-16.420000076293945,500.6000061035156,11.649999618530273,0.30000001192092896,66.0,51.0
2015-03-17 05:59:00,-5.599999904632568,-18.600000381469727,511.5,13.859999656677246,2.859999895095825,72.0,52.0
2015-03-17 06:00:00,-2.059999942779541,-13.619999885559082,504.5,21.15999984741211,1.0399999618530273,63.0,50.0
2015-03-17 06:01:00,-2.690000057220459,-14.979999542236328,505.6000061035156,20.84000015258789,1.3600000143051147,98.0,48.0
2015-03-17 06:02:00,-3.5299999713897705,-16.18000030517578,509.70001220703125,19.649999618530273,1.7999999523162842,100.0,48.0
2015-03-17 06:03:00,-0.2199999988079071,-14.420000076293945,508.6000061035156,19.579999923706055,0.10999999940395355,82.0,49.0
2015-03-17 06:04:00,-2.390000104904175,-14.279999732971191,497.6000061035156,18.860000610351562,1.190000057220459,84.0,49.0
2015-03-17 06:05:00,-8.960000038146973,-14.850000381469727,502.3999938964844,19.549999237060547,4.5,100.0,49.0
2015-03-17 06:06:00,-17.190000534057617,-11.149999618530273,506.6000061035156,19.459999084472656,8.710000038146973,107.0,49.0
2015-03-17 06:07:00,-17.209999084472656,-6.980000019073486,516.0999755859375,15.779999732971191,8.880000114440918,113.0,50.0
2015-03-17 06:08:00,-18.3799991607666,-6.079999923706055,521.2000122070312,17.079999923706055,9.579999923706055,113.0,50.0
2015-03-17 06:09:00,-17.889999389648438,-12.09000015258789,518.0999755859375,16.309999465942383,9.270000457763672,114.0,49.0
2015-03-17 06:10:00,-19.8799991607666,-9.930000305175781,510.0,14.359999656677246,10.140000343322754,142.0,47.0
2015-03-17 06:11:00,-20.209999084472656,-7.550000190734863,520.9000244140625,16.1200008392334,10.529999732971191,167.0,47.0
2015-03-17 06:12:00,-16.09000015258789,-13.529999732971191,521.0999755859375,16.459999084472656,8.380000114440918,181.0,48.0
2015-03-17 06:13:00,-17.770000457763672,-12.210000038146973,521.7000122070312,17.700000762939453,9.270000457763672,180.0,50.0
2015-03-17 06:14:00,-18.260000228881836,-10.630000114440918,520.0,17.790000915527344,9.5,178.0,48.0
2015-03-17 06:15:00,-19.790000915527344,-7.28000020980835,520.9000244140625,17.280000686645508,10.3100004196167,204.0,46.0
2015-03-17 06:16:00,-18.459999084472656,-10.359999656677246,523.7000122070312,15.5600004196167,9.670000076293945,258.0,46.0
2015-03-17 06:17:00,-17.34000015258789,-12.029999732971191,523.7000122070312,15.5600004196167,9.079999923706055,313.0,48.0
2015-03-17 06:18:00,-17.399999618530273,-11.680000305175781,518.7000122070312,17.280000686645508,9.029999732971191,356.0,46.0
2015-03-17 06:19:00,-18.969999313354492,-9.949999809265137,518.2999877929688,17.1299991607666,9.829999923706055,416.0,47.0
2015-03-17 06:20:00,-18.469999313354492,-11.40999984741211,517.7999877929688,16.950000762939453,9.5600004196167,465.0,46.0
2015-03-17 06:21:00,-17.40999984741211,-13.029999732971191,510.79998779296875,15.680000305175781,8.890000343322754,540.0,47.0
2015-03-17 06:22:00,-17.149999618530273,-12.9399995803833,510.5,15.640000343322754,8.760000228881836,575.0,47.0
2015-03-17 06:23:00,-17.739999771118164,-12.949999809265137,511.20001220703125,15.529999732971191,9.069999694824219,569.0,45.0
2015-03-17 06:24:00,-16.860000610351562,-13.140000343322754,511.70001220703125,15.449999809265137,8.630000114440918,599.0,43.0
2015-03-17 06:25:00,-15.229999542236328,-14.6899995803833,517.7999877929688,15.470000267028809,7.889999866485596,603.0,43.0
2015-03-17 06:26:00,-13.869999885559082,-15.4399995803833,517.9000244140625,15.550000190734863,7.179999828338623,639.0,42.0
2015-03-17 06:27:00,-12.779999732971191,-15.850000381469727,517.7999877929688,16.31999969482422,6.619999885559082,669.0,40.0
2015-03-17 06:28:00,-11.40999984741211,-15.5,522.9000244140625,16.360000610351562,5.96999979019165,644.0,38.0
2015-03-17 06:29:00,-12.699999809265137,-9.65999984741211,528.2999877929688,17.8799991607666,6.710000038146973,619.0,38.0
2015-03-17 06:30:00,-12.270000457763672,-11.770000457763672,528.2999877929688,17.770000457763672,6.480000019073486,585.0,36.0
2015-03-17 06:31:00,-11.420000076293945,-13.300000190734863,528.2999877929688,17.729999542236328,6.03000020980835,575.0,35.0
2015-03-17 06:32:00,-11.699999809265137,-13.1899995803833,526.7999877929688,16.309999465942383,6.159999847412109,608.0,35.0
2015-03-17 06:33:00,-9.489999771118164,-15.140000343322754,526.0999755859375,15.670000076293945,4.989999771118164,650.0,32.0
2015-03-17 06:34:00,-7.690000057220459,-16.84000015258789,523.7000122070312,16.420000076293945,4.03000020980835,693.0,29.0
2015-03-17 06:35:00,-6.75,-17.06999969482422,523.5999755859375,16.440000534057617,3.5299999713897705,705.0,26.0
2015-03-17 06:36:00,-7.079999923706055,-17.030000686645508,524.2000122070312,17.100000381469727,3.7100000381469727,723.0,25.0
2015-03-17 06:37:00,-6.599999904632568,-16.920000076293945,524.2000122070312,17.100000381469727,3.4600000381469727,746.0,24.0
2015-03-17 06:38:00,-6.380000114440918,-16.889999389648438,524.2000122070312,17.100000381469727,3.3399999141693115,772.0,21.0
2015-03-17 06:39:00,-5.730000019073486,-17.18000030517578,517.9000244140625,16.229999542236328,2.9700000286102295,759.0,18.0
2015-03-17 06:40:00,-0.9900000095367432,-17.549999237060547,517.9000244140625,16.229999542236328,0.5099999904632568,760.0,17.0
2015-03-17 06:41:00,0.10999999940395355,-17.84000015258789,,99.98999786376953,,740.0,16.0
2015-03-17 06:42:00,-1.7999999523162842,-17.530000686645508,,99.98999786376953,,720.0,15.0
2015-03-17 06:43:00,2.190000057220459,-16.899999618530273,516.0,18.610000610351562,-1.1299999952316284,733.0,14.0
2015-03-17 06:44:00,1.7799999713897705,-17.149999618530273,516.0,18.610000610351562,-0.9200000166893005,723.0,11.0
2015-03-17 06:45:00,1.5700000524520874,-17.75,516.0,18.610000610351562,-0.8100000023841858,709.0,10.0
2015-03-17 06:46:00,0.5699999928474426,-17.719999313354492,510.0,15.59000015258789,-0.28999999165534973,693.0,8.0
2015-03-17 06:47:00,4.010000228881836,-17.440000534057617,509.70001220703125,15.829999923706055,-2.0399999618530273,661.0,7.0
2015-03-17 06:48:00,3.359999895095825,-14.1899995803833,517.2999877929688,16.90999984741211,-1.7400000095367432,616.0,6.0
2015-03-17 06:49:00,15.5,-6.800000190734863,526.4000244140625,17.3700008392334,-8.15999984741211,580.0,4.0
2015-03-17 06:50:00,14.329999923706055,-9.65999984741211,526.7000122070312,14.84000015258789,-7.550000190734863,557.0,5.0
2015-03-17 06:51:00,-2.0999999046325684,-14.180000305175781,526.7000122070312,14.84000015258789,1.1100000143051147,561.0,10.0
2015-03-17 06:52:00,-9.359999656677246,-13.0,523.7999877929688,18.700000762939453,4.900000095367432,555.0,4.0
2015-03-17 06:53:00,-12.029999732971191,-11.979999542236328,523.7999877929688,18.700000762939453,6.300000190734863,554.0,-1.0
2015-03-17 06:54:00,-12.880000114440918,-14.210000038146973,514.5999755859375,14.720000267028809,6.630000114440918,536.0,-2.0
2015-03-17 06:55:00,-1.5099999904632568,-13.760000228881836,514.5999755859375,14.720000267028809,0.7799999713897705,501.0,-2.0
2015-03-17 06:56:00,11.670000076293945,-4.570000171661377,524.9000244140625,17.15999984741211,-6.130000114440918,478.0,-1.0
2015-03-17 06:57:00,19.139999389648438,-5.090000152587891,524.9000244140625,17.139999389648438,-10.050000190734863,451.0,-2.0
2015-03-17 06:58:00,14.020000457763672,-11.819999694824219,525.0999755859375,17.049999237060547,-7.360000133514404,422.0,-5.0
2015-03-17 06:59:00,13.420000076293945,-8.75,527.7000122070312,14.800000190734863,-7.079999923706055,398.0,-6.0
2015-03-17 07:00:00,12.75,-8.84000015258789,526.0,15.960000038146973,-6.710000038146973,379.0,-8.0
2015-03-17 07:01:00,14.670000076293945,-4.309999942779541,,99.98999786376953,,360.0,-13.0
2015-03-17 07:02:00,13.739999771118164,-5.599999904632568,,99.98999786376953,,364.0,-11.0
2015-03-17 07:03:00,13.119999885559082,-5.730000019073486,521.9000244140625,15.0,-6.849999904632568,347.0,-8.0
2015-03-17 07:04:00,4.920000076293945,-11.260000228881836,521.9000244140625,15.0,-2.569999933242798,339.0,-8.0
2015-03-17 07:05:00,-5.940000057220459,-13.300000190734863,521.7999877929688,16.600000381469727,3.0999999046325684,325.0,-9.0
2015-03-17 07:06:00,-6.429999828338623,-13.119999885559082,522.4000244140625,16.299999237060547,3.359999895095825,299.0,-11.0
2015-03-17 07:07:00,-7.179999828338623,-13.199999809265137,524.0999755859375,15.529999732971191,3.759999990463257,280.0,-11.0
2015-03-17 07:08:00,-7.619999885559082,-14.5,524.0999755859375,15.529999732971191,3.990000009536743,262.0,-11.0
2015-03-17 07:09:00,-4.590000152587891,-10.84000015258789,517.5999755859375,16.280000686645508,2.380000114440918,256.0,-12.0
2015-03-17 07:10:00,-4.159999847412109,-10.619999885559082,517.5999755859375,16.280000686645508,2.1500000953674316,260.0,-12.0
2015-03-17 07:11:00,-7.300000190734863,-10.40999984741211,511.1000061035156,15.029999732971191,3.7300000190734863,255.0,-11.0
2015-03-17 07:12:00,-4.53000020980835,-12.949999809265137,513.0999755859375,15.220000267028809,2.319999933242798,248.0,-12.0
2015-03-17 07:13:00,-12.489999771118164,-6.730000019073486,511.1000061035156,14.649999618530273,6.380000114440918,258.0,-13.0
2015-03-17 07:14:00,-12.84000015258789,-4.619999885559082,502.1000061035156,14.149999618530273,6.449999809265137,277.0,-13.0
2015-03-17 07:15:00,0.05999999865889549,-12.270000457763672,502.1000061035156,14.399999618530273,-0.029999999329447746,305.0,-13.0
2015-03-17 07:16:00,-8.279999732971191,-11.279999732971191,504.5,14.279999732971191,4.179999828338623,325.0,-14.0
2015-03-17 07:17:00,-2.4000000953674316,-12.529999732971191,507.6000061035156,13.800000190734863,1.2200000286102295,380.0,-14.0
2015-03-17 07:18:00,2.2300000190734863,-12.170000076293945,501.20001220703125,14.930000305175781,-1.1200000047683716,455.0,-14.0
2015-03-17 07:19:00,2.809999942779541,-10.59000015258789,501.79998779296875,13.779999732971191,-1.409999966621399,511.0,-13.0
2015-03-17 07:20:00,4.880000114440918,-10.5600004196167,501.8999938964844,13.630000114440918,-2.450000047683716,543.0,-14.0
2015-03-17 07:21:00,6.210000038146973,-10.8100004196167,,99.98999786376953,,580.0,-15.0
2015-03-17 07:22:00,5.429999828338623,-10.630000114440918,,99.98999786376953,,605.0,-16.0
2015-03-17 07:23:00,5.75,-10.539999961853027,495.1000061035156,14.34000015258789,-2.8499999046325684,625.0,-17.0
2015-03-17 07:24:00,8.729999542236328,-8.930000305175781,495.20001220703125,14.279999732971191,-4.320000171661377,647.0,-18.0
2015-03-17 07:25:00,8.699999809265137,-7.239999771118164,496.8999938964844,13.479999542236328,-4.320000171661377,634.0,-19.0
2015-03-17 07:26:00,11.359999656677246,-5.28000020980835,496.8999938964844,13.479999542236328,-5.639999866485596,639.0,-19.0
2015-03-17 07:27:00,10.989999771118164,-5.420000076293945,491.3999938964844,14.649999618530273,-5.400000095367432,643.0,-20.0
2015-03-17 07:28:00,11.600000381469727,-4.809999942779541,491.3999938964844,14.649999618530273,-5.699999809265137,607.0,-20.0
2015-03-17 07:29:00,9.979999542236328,-3.740000009536743,491.3999938964844,14.649999618530273,-4.900000095367432,567.0,-20.0
2015-03-17 07:30:00,-9.84000015258789,-10.0,492.0,13.510000228881836,4.840000152587891,551.0,-21.0
2015-03-17 07:31:00,-16.700000762939453,-11.039999961853027,500.3999938964844,11.729999542236328,8.359999656677246,509.0,-21.0
2015-03-17 07:32:00,-18.110000610351562,-7.269999980926514,508.8999938964844,9.779999732971191,9.220000267028809,516.0,-21.0
2015-03-17 07:33:00,-17.559999465942383,-6.03000020980835,514.0,12.640000343322754,9.029999732971191,516.0,-24.0
2015-03-17 07:34:00,-17.889999389648438,-2.809999942779541,511.20001220703125,11.470000267028809,9.149999618530273,520.0,-27.0
2015-03-17 07:35:00,-16.75,-0.36000001430511475,521.5,11.039999961853027,8.739999771118164,467.0,-28.0
2015-03-17 07:36:00,-17.610000610351562,-0.28999999165534973,522.0999755859375,11.069999694824219,9.1899995803833,474.0,-29.0
2015-03-17 07:37:00,-18.43000030517578,-1.6100000143051147,524.0999755859375,11.619999885559082,9.65999984741211,486.0,-32.0
2015-03-17 07:38:00,,,524.0999755859375,11.619999885559082,,460.0,-32.0
2015-03-17 07:39:00,-18.530000686645508,-0.9900000095367432,,99.98999786376953,,479.0,-31.0
2015-03-17 07:40:00,-18.239999771118164,0.5899999737739563,,99.98999786376953,,517.0,-31.0
2015-03-17 07:41:00,-18.350000381469727,0.38999998569488525,,99.98999786376953,,597.0,-31.0
2015-03-17 07:42:00,,,,99.98999786376953,,634.0,-31.0
2015-03-17 07:43:00,-16.469999313354492,-4.079999923706055,,99.98999786376953,,747.0,-29.0
2015-03-17 07:44:00,-18.040000915527344,-1.409999966621399,524.7999877929688,11.4399995803833,9.470000267028809,679.0,-28.0
2015-03-17 07:45:00,-17.6200008392334,-0.1899999976158142,524.7999877929688,11.4399995803833,9.25,640.0,-27.0
2015-03-17 07:46:00,-18.15999984741211,2.1500000953674316,541.7999877929688,12.25,9.84000015258789,653.0,-27.0
2015-03-17 07:47:00,-17.729999542236328,1.3200000524520874,541.7999877929688,12.25,9.609999656677246,672.0,-27.0
2015-03-17 07:48:00,-17.670000076293945,0.9800000190734863,541.7999877929688,12.25,9.569999694824219,694.0,-28.0
2015-03-17 07:49:00,-18.170000076293945,0.6100000143051147,,99.98999786376953,,710.0,-28.0
2015-03-17 07:50:00,-18.18000030517578,0.23000000417232513,535.5,10.800000190734863,9.739999771118164,742.0,-28.0
2015-03-17 07:51:00,-17.6299991607666,-1.8799999952316284,535.5,10.800000190734863,9.4399995803833,750.0,-29.0
2015-03-17 07:52:00,-12.239999771118164,-4.010000228881836,,99.98999786376953,,780.0,-30.0
2015-03-17 07:53:00,-14.539999961853027,-2.259999990463257,540.2999877929688,10.670000076293945,7.860000133514404,798.0,-30.0
2015-03-17 07:54:00,-16.760000228881836,-3.259999990463257,539.9000244140625,10.670000076293945,9.050000190734863,824.0,-32.0
2015-03-17 07:55:00,-14.470000267028809,-5.829999923706055,515.9000244140625,10.979999542236328,7.46999979019165,850.0,-33.0
2015-03-17 07:56:00,-9.09000015258789,-6.289999961853027,515.9000244140625,10.979999542236328,4.690000057220459,826.0,-33.0
2015-03-17 07:57:00,-12.819999694824219,-2.9200000762939453,,99.98999786376953,,816.0,-35.0
2015-03-17 07:58:00,-12.5600004196167,-8.520000457763672,543.7999877929688,12.75,6.829999923706055,815.0,-37.0
2015-03-17 07:59:00,-10.199999809265137,-8.09000015258789,550.7000122070312,13.220000267028809,5.619999885559082,801.0,-38.0
2015-03-17 08:00:00,-6.960000038146973,-8.800000190734863,517.5999755859375,11.119999885559082,3.5999999046325684,774.0,-38.0
2015-03-17 08:01:00,-13.609999656677246,-8.930000305175781,535.0,11.350000381469727,7.28000020980835,750.0,-39.0
2015-03-17 08:02:00,-16.100000381469727,-8.119999885559082,548.0999755859375,13.170000076293945,8.819999694824219,691.0,-40.0
2015-03-17 08:03:00,,,,99.98999786376953,,647.0,-39.0
2015-03-17 08:04:00,,,,99.98999786376953,,621.0,-40.0
2015-03-17 08:05:00,-14.140000343322754,-5.78000020980835,516.9000244140625,10.029999732971191,7.309999942779541,634.0,-42.0
2015-03-17 08:06:00,,,516.9000244140625,10.029999732971191,,665.0,-44.0
2015-03-17 08:07:00,,,516.9000244140625,10.029999732971191,,727.0,-44.0
2015-03-17 08:08:00,-9.029999732971191,-5.179999828338623,,99.98999786376953,,784.0,-42.0
2015-03-17 08:09:00,-9.029999732971191,-5.190000057220459,,99.98999786376953,,775.0,-41.0
2015-03-17 08:10:00,,,,99.98999786376953,,717.0,-41.0
2015-03-17 08:11:00,,,,99.98999786376953,,729.0,-43.0
2015-03-17 08:12:00,-9.760000228881836,-4.519999980926514,,99.98999786376953,,722.0,-44.0
2015-03-17 08:13:00,,,,99.98999786376953,,695.0,-45.0
2015-03-17 08:14:00,,,,99.98999786376953,,674.0,-42.0
2015-03-17 08:15:00,,,,99.98999786376953,,699.0,-42.0
2015-03-17 08:16:00,-10.220000267028809,-3.619999885559082,,99.98999786376953,,790.0,-41.0
2015-03-17 08:17:00,,,,99.98999786376953,,847.0,-39.0
2015-03-17 08:18:00,,,,99.98999786376953,,859.0,-39.0
2015-03-17 08:19:00,,,,99.98999786376953,,844.0,-39.0
2015-03-17 08:20:00,-11.739999771118164,-3.4700000286102295,,99.98999786376953,,836.0,-40.0
2015-03-17 08:21:00,-14.779999732971191,-7.329999923706055,,99.98999786376953,,804.0,-40.0
2015-03-17 08:22:00,-18.43000030517578,-1.2000000476837158,,99.98999786376953,,731.0,-42.0
2015-03-17 08:23:00,-18.25,-1.3899999856948853,,99.98999786376953,,741.0,-44.0
2015-03-17 08:24:00,-15.100000381469727,-1.940000057220459,,99.98999786376953,,753.0,-45.0
2015-03-17 08:25:00,-17.100000381469727,-4.590000152587891,590.5999755859375,13.300000190734863,10.100000381469727,723.0,-47.0
2015-03-17 08:26:00,-12.920000076293945,-9.079999923706055,556.0999755859375,11.649999618530273,7.179999828338623,725.0,-48.0
2015-03-17 08:27:00,-13.4399995803833,-9.100000381469727,518.0,9.979999542236328,6.960000038146973,752.0,-50.0
2015-03-17 08:28:00,-14.210000038146973,-7.010000228881836,540.5999755859375,10.149999618530273,7.679999828338623,716.0,-52.0
2015-03-17 08:29:00,-14.5,-10.050000190734863,569.0,11.869999885559082,8.25,706.0,-53.0
2015-03-17 08:30:00,-15.520000457763672,-7.46999979019165,566.2999877929688,12.319999694824219,8.789999961853027,670.0,-54.0
2015-03-17 08:31:00,-17.739999771118164,-5.820000171661377,515.0,10.640000343322754,9.140000343322754,731.0,-53.0
2015-03-17 08:32:00,-18.31999969482422,-2.190000057220459,565.0999755859375,12.369999885559082,10.350000381469727,732.0,-54.0
2015-03-17 08:33:00,-18.6299991607666,-1.8799999952316284,567.2999877929688,11.8100004196167,10.569999694824219,600.0,-54.0
2015-03-17 08:34:00,-19.31999969482422,-3.2200000286102295,584.5,12.520000457763672,11.289999961853027,548.0,-56.0
2015-03-17 08:35:00,-20.31999969482422,-1.7599999904632568,565.9000244140625,12.119999885559082,11.5,563.0,-58.0
2015-03-17 08:36:00,-20.950000762939453,-1.9700000286102295,575.5999755859375,12.800000190734863,12.0600004196167,607.0,-59.0
2015-03-17 08:37:00,-21.459999084472656,-2.4700000286102295,569.5,11.9399995803833,12.220000267028809,675.0,-60.0
2015-03-17 08:38:00,-20.389999389648438,-3.0799999237060547,572.7999877929688,12.420000076293945,11.680000305175781,735.0,-61.0
2015-03-17 08:39:00,-19.959999084472656,-4.389999866485596,575.4000244140625,12.800000190734863,11.479999542236328,797.0,-63.0
2015-03-17 08:40:00,-18.809999465942383,-8.520000457763672,567.5999755859375,13.020000457763672,10.680000305175781,825.0,-64.0
2015-03-17 08:41:00,-17.899999618530273,-9.859999656677246,564.2999877929688,12.989999771118164,10.100000381469727,824.0,-67.0
2015-03-17 08:42:00,-17.979999542236328,-9.0,559.2999877929688,12.949999809265137,10.0600004196167,799.0,-69.0
2015-03-17 08:43:00,-17.25,-11.0,554.7999877929688,12.210000038146973,9.569999694824219,792.0,-71.0
2015-03-17 08:44:00,-12.399999618530273,-13.520000457763672,554.7999877929688,12.210000038146973,6.880000114440918,839.0,-71.0
2015-03-17 08:45:00,-13.640000343322754,-12.720000267028809,554.7999877929688,12.210000038146973,7.570000171661377,875.0,-72.0
2015-03-17 08:46:00,-16.450000762939453,-12.760000228881836,547.2999877929688,13.65999984741211,9.0,899.0,-73.0
2015-03-17 08:47:00,-16.43000030517578,-12.8100004196167,547.2999877929688,13.65999984741211,8.989999771118164,979.0,-73.0
2015-03-17 08:48:00,-17.540000915527344,-11.9399995803833,,99.98999786376953,,992.0,-73.0
2015-03-17 08:49:00,-18.719999313354492,-9.420000076293945,560.0999755859375,13.149999618530273,10.489999771118164,968.0,-72.0
2015-03-17 08:50:00,-19.649999618530273,-7.510000228881836,560.0999755859375,13.149999618530273,11.010000228881836,979.0,-70.0
2015-03-17 08:51:00,-19.219999313354492,-6.96999979019165,584.7000122070312,13.130000114440918,11.239999771118164,979.0,-69.0
2015-03-17 08:52:00,-19.6200008392334,-4.349999904632568,582.2000122070312,13.079999923706055,11.420000076293945,1016.0,-70.0
2015-03-17 08:53:00,-18.989999771118164,-7.28000020980835,576.5999755859375,13.5600004196167,10.949999809265137,978.0,-69.0
2015-03-17 08:54:00,-18.989999771118164,-7.059999942779541,590.0,14.59000015258789,11.199999809265137,952.0,-69.0
2015-03-17 08:55:00,-20.15999984741211,-5.050000190734863,,99.98999786376953,,899.0,-69.0
2015-03-17 08:56:00,-19.68000030517578,-3.7899999618530273,,99.98999786376953,,874.0,-70.0
2015-03-17 08:57:00,-20.1200008392334,-2.859999895095825,593.9000244140625,14.920000076293945,11.949999809265137,852.0,-72.0
2015-03-17 08:58:00,-17.920000076293945,-8.569999694824219,593.9000244140625,14.920000076293945,10.640000343322754,808.0,-76.0
2015-03-17 08:59:00,-17.850000381469727,-9.539999961853027,609.2000122070312,16.8700008392334,10.869999885559082,779.0,-78.0
2015-03-17 09:00:00,-16.229999542236328,-13.449999809265137,609.2000122070312,16.8700008392334,9.890000343322754,793.0,-78.0
2015-03-17 09:01:00,-15.779999732971191,-14.1899995803833,,99.98999786376953,,835.0,-78.0
2015-03-17 09:02:00,-15.149999618530273,-14.5,,99.98999786376953,,847.0,-80.0
2015-03-17 09:03:00,-10.630000114440918,-17.18000030517578,563.7000122070312,15.09000015258789,5.989999771118164,874.0,-80.0
2015-03-17 09:04:00,-14.569999694824219,-11.640000343322754,563.7000122070312,15.09000015258789,8.210000038146973,940.0,-80.0
2015-03-17 09:05:00,-13.449999809265137,-13.140000343322754,565.0,15.119999885559082,7.599999904632568,880.0,-80.0
2015-03-17 09:06:00,-13.479999542236328,-11.920000076293945,565.0,15.119999885559082,7.619999885559082,727.0,-82.0
2015-03-17 09:07:00,-17.670000076293945,-5.900000095367432,575.9000244140625,13.6899995803833,10.180000305175781,696.0,-84.0
2015-03-17 09:08:00,-15.720000267028809,-14.050000190734863,572.4000244140625,13.850000381469727,9.0,628.0,-85.0
2015-03-17 09:09:00,-12.15999984741211,-16.790000915527344,561.2999877929688,14.850000381469727,6.829999923706055,639.0,-87.0
2015-03-17 09:10:00,-9.859999656677246,-17.770000457763672,553.2000122070312,15.9399995803833,5.449999809265137,747.0,-90.0
2015-03-17 09:11:00,-8.359999656677246,-17.770000457763672,556.0999755859375,14.90999984741211,4.650000095367432,759.0,-92.0
2015-03-17 09:12:00,-7.400000095367432,-18.030000686645508,552.4000244140625,13.930000305175781,4.090000152587891,729.0,-91.0
2015-03-17 09:13:00,-14.489999771118164,-14.489999771118164,,99.98999786376953,,678.0,-90.0
2015-03-17 09:14:00,-13.8100004196167,-13.199999809265137,,99.98999786376953,,594.0,-92.0
2015-03-17 09:15:00,-12.8100004196167,-9.4399995803833,564.4000244140625,16.040000915527344,7.230000019073486,665.0,-93.0
2015-03-17 09:16:00,-9.989999771118164,-11.15999984741211,564.4000244140625,16.040000915527344,5.639999866485596,632.0,-94.0
2015-03-17 09:17:00,-8.550000190734863,-11.0,554.4000244140625,16.43000030517578,4.739999771118164,629.0,-95.0
2015-03-17 09:18:00,-10.640000343322754,-11.279999732971191,554.7999877929688,16.299999237060547,5.900000095367432,683.0,-95.0
2015-03-17 09:19:00,-5.679999828338623,-13.859999656677246,553.2000122070312,15.930000305175781,3.140000104904175,665.0,-97.0
2015-03-17 09:20:00,-2.890000104904175,-14.520000457763672,541.5,16.43000030517578,1.559999942779541,682.0,-96.0
2015-03-17 09:21:00,0.5799999833106995,-14.970000267028809,546.7000122070312,16.0,-0.3199999928474426,743.0,-94.0
2015-03-17 09:22:00,-3.2899999618530273,-15.640000343322754,550.2000122070312,15.6899995803833,1.809999942779541,770.0,-93.0
2015-03-17 09:23:00,-3.940000057220459,-15.550000190734863,547.2000122070312,14.420000076293945,2.1600000858306885,661.0,-92.0
2015-03-17 09:24:00,-4.360000133514404,-17.510000228881836,537.0,13.619999885559082,2.3399999141693115,613.0,-93.0
2015-03-17 09:25:00,-1.2200000286102295,-16.59000015258789,535.7999877929688,14.270000457763672,0.6499999761581421,616.0,-95.0
2015-03-17 09:26:00,-4.389999866485596,-17.5,545.4000244140625,14.170000076293945,2.390000104904175,603.0,-96.0
2015-03-17 09:27:00,-3.9600000381469727,-17.329999923706055,543.2999877929688,14.170000076293945,2.1500000953674316,613.0,-96.0
2015-03-17 09:28:00,-4.510000228881836,-17.68000030517578,539.4000244140625,13.920000076293945,2.430000066757202,632.0,-97.0
2015-03-17 09:29:00,0.10000000149011612,-15.350000381469727,561.0,16.700000762939453,-0.05999999865889549,665.0,-98.0
2015-03-17 09:30:00,-0.15000000596046448,-15.529999732971191,561.2000122070312,16.729999542236328,0.07999999821186066,645.0,-97.0
2015-03-17 09:31:00,,,,99.98999786376953,,605.0,-97.0
2015-03-17 09:32:00,-0.36000001430511475,-15.029999732971191,,99.98999786376953,,607.0,-97.0
2015-03-17 09:33:00,-0.07999999821186066,-16.209999084472656,,99.98999786376953,,628.0,-98.0
2015-03-17 09:34:00,-0.07999999821186066,-16.209999084472656,,99.98999786376953,,666.0,-98.0
2015-03-17 09:35:00,-0.07999999821186066,-15.300000190734863,,99.98999786376953,,611.0,-97.0
2015-03-17 09:36:00,-0.029999999329447746,-12.529999732971191,,99.98999786376953,,530.0,-100.0
2015-03-17 09:37:00,-0.029999999329447746,-12.529999732971191,,99.98999786376953,,485.0,-101.0
2015-03-17 09:38:00,0.09000000357627869,-11.859999656677246,,99.98999786376953,,492.0,-100.0
2015-03-17 09:39:00,-0.2800000011920929,-12.319999694824219,,99.98999786376953,,557.0,-99.0
2015-03-17 09:40:00,0.05000000074505806,-11.979999542236328,,99.98999786376953,,627.0,-98.0
2015-03-17 09:41:00,-0.4300000071525574,-12.470000267028809,,99.98999786376953,,571.0,-98.0
2015-03-17 09:42:00,-0.6299999952316284,-12.619999885559082,,99.98999786376953,,418.0,-96.0
2015-03-17 09:43:00,-0.8700000047683716,-12.670000076293945,,99.98999786376953,,399.0,-93.0
2015-03-17 09:44:00,-1.2300000190734863,-12.4399995803833,,99.98999786376953,,506.0,-92.0
2015-03-17 09:45:00,-1.2899999618530273,-12.390000343322754,,99.98999786376953,,555.0,-94.0
2015-03-17 09:46:00,-1.2400000095367432,-12.069999694824219,533.9000244140625,17.139999389648438,0.6600000262260437,569.0,-94.0
2015-03-17 09:47:00,,,533.9000244140625,17.139999389648438,,572.0,-93.0
2015-03-17 09:48:00,-1.2699999809265137,-13.069999694824219,,99.98999786376953,,586.0,-93.0
2015-03-17 09:49:00,-1.2699999809265137,-13.069999694824219,,99.98999786376953,,558.0,-93.0
2015-03-17 09:50:00,,,,99.98999786376953,,549.0,-93.0
2015-03-17 09:51:00,-1.2100000381469727,-13.010000228881836,,99.98999786376953,,571.0,-92.0
2015-03-17 09:52:00,,,,99.98999786376953,,539.0,-91.0
2015-03-17 09:53:00,,,,99.98999786376953,,481.0,-89.0
2015-03-17 09:54:00,-1.6799999475479126,-13.550000190734863,,99.98999786376953,,500.0,-87.0
2015-03-17 09:55:00,-1.6699999570846558,-13.550000190734863,,99.98999786376953,,523.0,-86.0
2015-03-17 09:56:00,,,,99.98999786376953,,570.0,-85.0
2015-03-17 09:57:00,,,,99.98999786376953,,567.0,-85.0
2015-03-17 09:58:00,-1.2999999523162842,-13.5600004196167,,99.98999786376953,,538.0,-84.0
2015-03-17 09:59:00,,,,99.98999786376953,,548.0,-84.0
2015-03-17 10:00:00,,,,99.98999786376953,,534.0,-84.0
2015-03-17 10:01:00,,,,99.98999786376953,,472.0,-83.0
2015-03-17 10:02:00,-1.2799999713897705,-13.470000267028809,,99.98999786376953,,455.0,-83.0
2015-03-17 10:03:00,,,,99.98999786376953,,434.0,-82.0
2015-03-17 10:04:00,,,,99.98999786376953,,480.0,-81.0
2015-03-17 10:05:00,,,,99.98999786376953,,504.0,-80.0
2015-03-17 10:06:00,,,,99.98999786376953,,434.0,-78.0
2015-03-17 10:07:00,-0.7300000190734863,-14.050000190734863,,99.98999786376953,,408.0,-78.0
2015-03-17 10:08:00,,,549.0999755859375,17.020000457763672,,440.0,-77.0
2015-03-17 10:09:00,0.05000000074505806,-13.970000267028809,549.0999755859375,17.020000457763672,-0.029999999329447746,418.0,-76.0
2015-03-17 10:10:00,0.0,-14.420000076293945,549.0999755859375,17.020000457763672,-0.0,338.0,-75.0
2015-03-17 10:11:00,-2.5399999618530273,-12.729999542236328,,99.98999786376953,,388.0,-74.0
2015-03-17 10:12:00,-0.7699999809265137,-12.920000076293945,532.9000244140625,14.449999809265137,0.4099999964237213,397.0,-73.0
2015-03-17 10:13:00,-0.3700000047683716,-13.949999809265137,533.4000244140625,14.5600004196167,0.20000000298023224,339.0,-72.0
2015-03-17 10:14:00,0.25,-13.399999618530273,535.7000122070312,15.039999961853027,-0.12999999523162842,288.0,-71.0
2015-03-17 10:15:00,0.5600000023841858,-13.800000190734863,535.7000122070312,15.039999961853027,-0.30000001192092896,269.0,-71.0
2015-03-17 10:16:00,-0.6800000071525574,-13.710000038146973,538.0,15.329999923706055,0.3700000047683716,266.0,-72.0
2015-03-17 10:17:00,-1.850000023841858,-12.199999809265137,545.2000122070312,14.770000457763672,1.0099999904632568,272.0,-71.0
2015-03-17 10:18:00,-8.180000305175781,-4.0,528.7999877929688,17.229999542236328,4.329999923706055,286.0,-70.0
2015-03-17 10:19:00,-2.2100000381469727,-12.140000343322754,525.5999755859375,16.459999084472656,1.159999966621399,328.0,-69.0
2015-03-17 10:20:00,-2.3399999141693115,-10.170000076293945,526.2000122070312,15.40999984741211,1.2300000190734863,349.0,-70.0
2015-03-17 10:21:00,1.3600000143051147,-14.40999984741211,,99.98999786376953,,340.0,-70.0
2015-03-17 10:22:00,3.309999942779541,-15.199999809265137,,99.98999786376953,,363.0,-69.0
2015-03-17 10:23:00,0.3100000023841858,-13.0600004196167,541.2999877929688,15.520000457763672,-0.17000000178813934,416.0,-69.0
2015-03-17 10:24:00,4.019999980926514,-14.8100004196167,541.2999877929688,15.520000457763672,-2.180000066757202,419.0,-70.0
2015-03-17 10:25:00,5.599999904632568,-15.119999885559082,559.7999877929688,14.529999732971191,-3.130000114440918,383.0,-71.0
2015-03-17 10:26:00,5.460000038146973,-15.119999885559082,560.4000244140625,14.300000190734863,-3.059999942779541,323.0,-72.0
2015-03-17 10:27:00,2.75,-13.510000228881836,544.2000122070312,13.649999618530273,-1.5,270.0,-72.0
2015-03-17 10:28:00,5.840000152587891,-14.180000305175781,536.7000122070312,14.020000457763672,-3.130000114440918,267.0,-71.0
2015-03-17 10:29:00,3.4800000190734863,-15.899999618530273,548.5,14.59000015258789,-1.909999966621399,277.0,-71.0
2015-03-17 10:30:00,8.65999984741211,-12.84000015258789,556.5999755859375,13.6899995803833,-4.820000171661377,269.0,-71.0
2015-03-17 10:31:00,10.100000381469727,-11.710000038146973,566.4000244140625,13.289999961853027,-5.71999979019165,256.0,-71.0
2015-03-17 10:32:00,11.489999771118164,-8.369999885559082,582.0999755859375,14.699999809265137,-6.690000057220459,254.0,-71.0
2015-03-17 10:33:00,11.430000305175781,-8.739999771118164,583.2999877929688,14.75,-6.670000076293945,231.0,-70.0
2015-03-17 10:34:00,12.079999923706055,-10.130000114440918,586.5999755859375,14.579999923706055,-7.090000152587891,203.0,-69.0
2015-03-17 10:35:00,12.239999771118164,-12.989999771118164,584.5,13.149999618530273,-7.150000095367432,173.0,-70.0
2015-03-17 10:36:00,9.899999618530273,-12.140000343322754,571.5999755859375,12.319999694824219,-5.659999847412109,169.0,-70.0
2015-03-17 10:37:00,12.430000305175781,-11.550000190734863,560.9000244140625,12.15999984741211,-6.96999979019165,197.0,-70.0
2015-03-17 10:38:00,13.359999656677246,-10.079999923706055,580.9000244140625,14.720000267028809,-7.760000228881836,210.0,-70.0
2015-03-17 10:39:00,13.930000305175781,-10.489999771118164,574.5999755859375,15.270000457763672,-8.0,194.0,-70.0
2015-03-17 10:40:00,14.84000015258789,-10.670000076293945,581.2999877929688,13.789999961853027,-8.630000114440918,185.0,-68.0
2015-03-17 10:41:00,14.270000457763672,-9.9399995803833,587.9000244140625,13.0,-8.390000343322754,210.0,-67.0
2015-03-17 10:42:00,13.460000038146973,-10.670000076293945,587.9000244140625,14.829999923706055,-7.909999847412109,232.0,-67.0
2015-03-17 10:43:00,11.4399995803833,-12.050000190734863,594.5999755859375,16.65999984741211,-6.800000190734863,262.0,-67.0
2015-03-17 10:44:00,12.039999961853027,-12.25,598.5999755859375,17.280000686645508,-7.210000038146973,285.0,-67.0
2015-03-17 10:45:00,13.010000228881836,-12.170000076293945,595.2999877929688,16.1200008392334,-7.739999771118164,264.0,-67.0
2015-03-17 10:46:00,13.020000457763672,-12.140000343322754,586.0,14.260000228881836,-7.630000114440918,231.0,-66.0
2015-03-17 10:47:00,12.920000076293945,-12.859999656677246,574.0999755859375,13.329999923706055,-7.420000076293945,231.0,-66.0
2015-03-17 10:48:00,12.949999809265137,-12.670000076293945,570.7000122070312,13.329999923706055,-7.389999866485596,225.0,-65.0
2015-03-17 10:49:00,12.180000305175781,-12.930000305175781,578.0,13.260000228881836,-7.039999961853027,197.0,-65.0
2015-03-17 10:50:00,10.75,-14.34000015258789,581.9000244140625,13.079999923706055,-6.260000228881836,208.0,-63.0
2015-03-17 10:51:00,9.1899995803833,-13.760000228881836,571.2000122070312,12.15999984741211,-5.25,204.0,-62.0
2015-03-17 10:52:00,12.350000381469727,-12.510000228881836,570.7999877929688,12.130000114440918,-7.050000190734863,205.0,-61.0
2015-03-17 10:53:00,14.109999656677246,-14.140000343322754,,99.98999786376953,,217.0,-61.0
2015-03-17 10:54:00,14.170000076293945,-13.319999694824219,,99.98999786376953,,197.0,-61.0
2015-03-17 10:55:00,12.890000343322754,-14.109999656677246,579.4000244140625,13.050000190734863,-7.46999979019165,188.0,-62.0
2015-03-17 10:56:00,15.300000190734863,-12.989999771118164,588.7999877929688,13.430000305175781,-9.010000228881836,201.0,-63.0
2015-03-17 10:57:00,16.489999771118164,-13.680000305175781,599.2999877929688,14.989999771118164,-9.880000114440918,205.0,-64.0
2015-03-17 10:58:00,14.609999656677246,-10.9399995803833,,99.98999786376953,,193.0,-64.0
2015-03-17 10:59:00,,,,99.98999786376953,,190.0,-63.0
2015-03-17 11:00:00,2.7799999713897705,-18.510000228881836,,99.98999786376953,,188.0,-62.0
2015-03-17 11:01:00,,,,99.98999786376953,,200.0,-60.0
2015-03-17 11:02:00,10.09000015258789,-15.859999656677246,,99.98999786376953,,220.0,-59.0
2015-03-17 11:03:00,11.619999885559082,-13.899999618530273,583.4000244140625,13.130000114440918,-6.78000020980835,230.0,-58.0
2015-03-17 11:04:00,12.390000343322754,-14.479999542236328,583.4000244140625,13.130000114440918,-7.230000019073486,232.0,-57.0
2015-03-17 11:05:00,14.119999885559082,-7.71999979019165,586.7000122070312,13.770000457763672,-8.279999732971191,229.0,-57.0
2015-03-17 11:06:00,13.579999923706055,-7.769999980926514,585.9000244140625,13.850000381469727,-7.960000038146973,220.0,-58.0
2015-03-17 11:07:00,12.09000015258789,-8.140000343322754,582.7000122070312,14.140000343322754,-7.039999961853027,214.0,-60.0
2015-03-17 11:08:00,13.449999809265137,-9.579999923706055,578.5,13.789999961853027,-7.78000020980835,200.0,-61.0
2015-03-17 11:09:00,14.0,2.9100000858306885,578.4000244140625,13.789999961853027,-8.100000381469727,214.0,-59.0
2015-03-17 11:10:00,18.31999969482422,5.130000114440918,,99.98999786376953,,220.0,-60.0
2015-03-17 11:11:00,15.90999984741211,6.670000076293945,608.2999877929688,20.75,-9.680000305175781,208.0,-60.0
2015-03-17 11:12:00,15.550000190734863,1.6799999475479126,597.2999877929688,19.700000762939453,-9.289999961853027,215.0,-60.0
2015-03-17 11:13:00,10.819999694824219,15.470000267028809,566.9000244140625,16.969999313354492,-6.130000114440918,259.0,-59.0
2015-03-17 11:14:00,2.7100000381469727,20.989999771118164,,99.98999786376953,,260.0,-58.0
2015-03-17 11:15:00,3.5399999618530273,21.3700008392334,634.2999877929688,22.40999984741211,-2.25,283.0,-55.0
2015-03-17 11:16:00,3.2699999809265137,21.079999923706055,634.2999877929688,22.40999984741211,-2.069999933242798,279.0,-52.0
2015-03-17 11:17:00,3.819999933242798,21.09000015258789,628.0,23.65999984741211,-2.4000000953674316,263.0,-52.0
2015-03-17 11:18:00,2.2100000381469727,21.489999771118164,628.0,23.65999984741211,-1.3899999856948853,245.0,-54.0
2015-03-17 11:19:00,2.180000066757202,16.68000030517578,,99.98999786376953,,244.0,-54.0
2015-03-17 11:20:00,-2.6700000762939453,23.309999465942383,613.9000244140625,20.959999084472656,1.6399999856948853,226.0,-52.0
2015-03-17 11:21:00,-2.9000000953674316,24.110000610351562,613.9000244140625,20.959999084472656,1.7799999713897705,195.0,-51.0
2015-03-17 11:22:00,-2.0999999046325684,23.770000457763672,608.2999877929688,20.799999237060547,1.2799999713897705,179.0,-50.0
2015-03-17 11:23:00,2.75,18.950000762939453,608.2999877929688,20.799999237060547,-1.6699999570846558,166.0,-49.0
2015-03-17 11:24:00,0.550000011920929,19.239999771118164,608.2999877929688,20.799999237060547,-0.33000001311302185,162.0,-50.0
2015-03-17 11:25:00,-1.0199999809265137,23.200000762939453,,99.98999786376953,,155.0,-50.0
2015-03-17 11:26:00,11.34000015258789,7.329999923706055,614.2000122070312,21.059999465942383,-6.96999979019165,164.0,-50.0
2015-03-17 11:27:00,0.8600000143051147,20.670000076293945,614.2000122070312,21.059999465942383,-0.5299999713897705,178.0,-50.0
2015-03-17 11:28:00,-0.25,20.56999969482422,,99.98999786376953,,177.0,-49.0
2015-03-17 11:29:00,1.2899999618530273,21.43000030517578,,99.98999786376953,,178.0,-49.0
2015-03-17 11:30:00,1.809999942779541,21.149999618530273,618.0999755859375,22.59000015258789,-1.1200000047683716,174.0,-49.0
2015-03-17 11:31:00,1.840000033378601,20.559999465942383,618.0999755859375,22.59000015258789,-1.1399999856948853,178.0,-48.0
2015-03-17 11:32:00,0.2199999988079071,22.15999984741211,619.2000122070312,22.270000457763672,-0.14000000059604645,170.0,-47.0
2015-03-17 11:33:00,7.019999980926514,14.0,624.5999755859375,22.989999771118164,-4.380000114440918,156.0,-47.0
2015-03-17 11:34:00,11.890000343322754,14.430000305175781,643.0,25.510000228881836,-7.650000095367432,159.0,-45.0
2015-03-17 11:35:00,14.140000343322754,8.789999961853027,622.4000244140625,22.469999313354492,-8.800000190734863,175.0,-44.0
2015-03-17 11:36:00,18.06999969482422,1.0399999618530273,622.2999877929688,22.450000762939453,-11.239999771118164,162.0,-43.0
2015-03-17 11:37:00,17.610000610351562,-10.390000343322754,,99.98999786376953,,196.0,-41.0
2015-03-17 11:38:00,14.020000457763672,-15.1899995803833,624.2000122070312,18.899999618530273,-8.75,227.0,-42.0
2015-03-17 11:39:00,16.420000076293945,-11.729999542236328,616.7000122070312,18.959999084472656,-10.130000114440918,260.0,-43.0
2015-03-17 11:40:00,17.0,4.070000171661377,617.7999877929688,18.309999465942383,-10.5,244.0,-43.0
2015-03-17 11:41:00,19.15999984741211,2.930000066757202,621.5,23.3799991607666,-11.90999984741211,241.0,-41.0
2015-03-17 11:42:00,17.559999465942383,-11.119999885559082,621.5,23.479999542236328,-10.90999984741211,227.0,-42.0
2015-03-17 11:43:00,15.949999809265137,-13.970000267028809,613.7999877929688,19.270000457763672,-9.789999961853027,190.0,-42.0
2015-03-17 11:44:00,13.850000381469727,-15.539999961853027,613.7999877929688,19.270000457763672,-8.5,175.0,-43.0
2015-03-17 11:45:00,15.489999771118164,-11.260000228881836,610.2000122070312,16.90999984741211,-9.449999809265137,152.0,-44.0
2015-03-17 11:46:00,9.390000343322754,7.239999771118164,603.0,12.359999656677246,-5.659999847412109,161.0,-44.0
2015-03-17 11:47:00,-0.41999998688697815,19.90999984741211,622.7999877929688,17.8799991607666,0.25999999046325684,151.0,-42.0
2015-03-17 11:48:00,5.400000095367432,21.450000762939453,625.2999877929688,18.639999389648438,-3.380000114440918,117.0,-44.0
2015-03-17 11:49:00,2.240000009536743,20.989999771118164,,99.98999786376953,,118.0,-45.0
2015-03-17 11:50:00,-3.640000104904175,22.030000686645508,617.2999877929688,19.270000457763672,2.25,135.0,-45.0
2015-03-17 11:51:00,-2.490000009536743,21.940000534057617,617.2999877929688,19.270000457763672,1.5399999618530273,121.0,-45.0
2015-03-17 11:52:00,-1.9700000286102295,20.700000762939453,617.2999877929688,19.270000457763672,1.2200000286102295,114.0,-44.0
2015-03-17 11:53:00,1.399999976158142,20.979999542236328,,99.98999786376953,,123.0,-45.0
2015-03-17 11:54:00,0.9200000166893005,18.170000076293945,634.5,21.93000030517578,-0.5799999833106995,116.0,-45.0
2015-03-17 11:55:00,-0.47999998927116394,20.06999969482422,634.5,21.93000030517578,0.30000001192092896,134.0,-45.0
2015-03-17 11:56:00,-1.0800000429153442,20.940000534057617,623.7999877929688,19.190000534057617,0.6700000166893005,142.0,-44.0
2015-03-17 11:57:00,0.2199999988079071,20.850000381469727,623.2999877929688,19.15999984741211,-0.14000000059604645,116.0,-44.0
2015-03-17 11:58:00,1.340000033378601,20.700000762939453,615.5,18.700000762939453,-0.8199999928474426,80.0,-45.0
2015-03-17 11:59:00,-0.9200000166893005,20.639999389648438,615.5,18.700000762939453,0.5699999928474426,66.0,-47.0
2015-03-17 12:00:00,0.6299999952316284,20.100000381469727,,99.98999786376953,,83.0,-47.0
2015-03-17 12:01:00,-0.5400000214576721,22.829999923706055,605.7999877929688,12.930000305175781,0.33000001311302185,84.0,-46.0
2015-03-17 12:02:00,-1.3799999952316284,24.850000381469727,605.7999877929688,12.930000305175781,0.8399999737739563,69.0,-43.0
2015-03-17 12:03:00,-0.20999999344348907,24.81999969482422,605.7999877929688,12.930000305175781,0.12999999523162842,65.0,-41.0
2015-03-17 12:04:00,0.23000000417232513,24.809999465942383,,99.98999786376953,,72.0,-40.0
2015-03-17 12:05:00,-0.6600000262260437,24.530000686645508,,99.98999786376953,,88.0,-39.0
2015-03-17 12:06:00,-2.940000057220459,24.56999969482422,608.2000122070312,12.8100004196167,1.7899999618530273,137.0,-38.0
2015-03-17 12:07:00,-4.269999980926514,24.3700008392334,608.2000122070312,12.8100004196167,2.5999999046325684,115.0,-39.0
2015-03-17 12:08:00,-5.300000190734863,24.780000686645508,,99.98999786376953,,179.0,-45.0
2015-03-17 12:09:00,-4.900000095367432,24.940000534057617,,99.98999786376953,,244.0,-52.0
2015-03-17 12:10:00,-4.650000095367432,24.899999618530273,594.5,12.579999923706055,2.759999990463257,255.0,-55.0
2015-03-17 12:11:00,-4.829999923706055,25.149999618530273,594.5,12.579999923706055,2.869999885559082,265.0,-51.0
2015-03-17 12:12:00,-4.940000057220459,25.25,594.5,12.579999923706055,2.940000057220459,286.0,-43.0
2015-03-17 12:13:00,-4.940000057220459,25.020000457763672,,99.98999786376953,,191.0,-46.0
2015-03-17 12:14:00,-5.170000076293945,25.25,,99.98999786376953,,202.0,-47.0
2015-03-17 12:15:00,-4.800000190734863,24.770000457763672,,99.98999786376953,,237.0,-44.0
2015-03-17 12:16:00,-4.889999866485596,24.3799991607666,,99.98999786376953,,252.0,-41.0
2015-03-17 12:17:00,-4.829999923706055,24.790000915527344,587.0,12.949999809265137,2.8399999141693115,276.0,-43.0
2015-03-17 12:18:00,-4.820000171661377,24.790000915527344,587.0,12.949999809265137,2.8299999237060547,274.0,-45.0
2015-03-17 12:19:00,-4.809999942779541,25.100000381469727,587.0,12.949999809265137,2.819999933242798,292.0,-47.0
2015-03-17 12:20:00,-4.829999923706055,24.899999618530273,,99.98999786376953,,314.0,-47.0
2015-03-17 12:21:00,-4.489999771118164,24.06999969482422,,99.98999786376953,,347.0,-48.0
2015-03-17 12:22:00,,,,99.98999786376953,,357.0,-48.0
2015-03-17 12:23:00,-3.109999895095825,22.530000686645508,593.7999877929688,15.850000381469727,1.850000023841858,397.0,-47.0
2015-03-17 12:24:00,-3.0899999141693115,22.600000381469727,591.9000244140625,15.460000038146973,1.8300000429153442,401.0,-46.0
2015-03-17 12:25:00,-2.119999885559082,22.989999771118164,600.5999755859375,15.119999885559082,1.2699999809265137,376.0,-44.0
2015-03-17 12:26:00,-1.9500000476837158,23.049999237060547,596.5999755859375,14.9399995803833,1.159999966621399,333.0,-44.0
2015-03-17 12:27:00,-1.0800000429153442,23.450000762939453,603.2000122070312,14.970000267028809,0.6499999761581421,327.0,-45.0
2015-03-17 12:28:00,-1.840000033378601,22.520000457763672,592.7999877929688,13.630000114440918,1.090000033378601,322.0,-43.0
2015-03-17 12:29:00,-4.989999771118164,23.350000381469727,598.2000122070312,14.630000114440918,2.990000009536743,350.0,-44.0
2015-03-17 12:30:00,-4.5,23.43000030517578,586.7999877929688,14.609999656677246,2.640000104904175,363.0,-44.0
2015-03-17 12:31:00,-11.289999961853027,23.510000228881836,595.5999755859375,12.960000038146973,6.71999979019165,332.0,-45.0
2015-03-17 12:32:00,-12.539999961853027,23.5,603.9000244140625,10.789999961853027,7.570000171661377,299.0,-50.0
2015-03-17 12:33:00,-13.569999694824219,23.18000030517578,595.2999877929688,11.329999923706055,8.079999923706055,243.0,-55.0
2015-03-17 12:34:00,-14.850000381469727,22.84000015258789,587.0,8.899999618530273,8.720000267028809,234.0,-54.0
2015-03-17 12:35:00,-14.420000076293945,24.3799991607666,586.4000244140625,8.970000267028809,8.460000038146973,241.0,-52.0
2015-03-17 12:36:00,-14.529999732971191,20.600000381469727,587.5,10.970000267028809,8.539999961853027,233.0,-51.0
2015-03-17 12:37:00,-15.029999732971191,20.520000457763672,592.5999755859375,13.140000343322754,8.90999984741211,181.0,-53.0
2015-03-17 12:38:00,-15.140000343322754,20.459999084472656,,99.98999786376953,,191.0,-55.0
2015-03-17 12:39:00,-15.079999923706055,19.90999984741211,,99.98999786376953,,235.0,-55.0
2015-03-17 12:40:00,-14.829999923706055,20.010000228881836,595.2999877929688,12.890000343322754,8.829999923706055,297.0,-56.0
2015-03-17 12:41:00,-15.09000015258789,19.899999618530273,607.0999755859375,13.279999732971191,9.15999984741211,321.0,-58.0
2015-03-17 12:42:00,-13.720000267028809,20.790000915527344,611.5999755859375,13.430000305175781,8.390000343322754,351.0,-61.0
2015-03-17 12:43:00,-20.209999084472656,16.239999771118164,616.2999877929688,12.75,12.460000038146973,384.0,-63.0
2015-03-17 12:44:00,-20.15999984741211,16.700000762939453,604.2000122070312,11.779999732971191,12.180000305175781,413.0,-63.0
2015-03-17 12:45:00,-22.530000686645508,16.579999923706055,596.0,11.149999618530273,13.430000305175781,440.0,-63.0
2015-03-17 12:46:00,-21.440000534057617,18.559999465942383,594.7999877929688,10.279999732971191,12.75,507.0,-63.0
2015-03-17 12:47:00,-22.559999465942383,16.899999618530273,594.7999877929688,10.279999732971191,13.420000076293945,516.0,-64.0
2015-03-17 12:48:00,-24.959999084472656,12.3100004196167,606.0999755859375,10.239999771118164,15.130000114440918,490.0,-67.0
2015-03-17 12:49:00,-23.8799991607666,15.15999984741211,608.7999877929688,10.229999542236328,14.539999961853027,517.0,-67.0
2015-03-17 12:50:00,-24.25,16.34000015258789,589.4000244140625,8.8100004196167,14.289999961853027,508.0,-66.0
2015-03-17 12:51:00,-23.469999313354492,16.5,589.4000244140625,8.8100004196167,13.829999923706055,492.0,-65.0
2015-03-17 12:52:00,-22.940000534057617,17.0,589.7999877929688,9.109999656677246,13.529999732971191,525.0,-67.0
2015-03-17 12:53:00,-19.959999084472656,18.649999618530273,590.9000244140625,9.829999923706055,11.789999961853027,519.0,-69.0
2015-03-17 12:54:00,-19.690000534057617,17.229999542236328,596.4000244140625,10.289999961853027,11.739999771118164,483.0,-72.0
2015-03-17 12:55:00,-22.139999389648438,13.420000076293945,598.2999877929688,10.15999984741211,13.25,445.0,-74.0
2015-03-17 12:56:00,-22.350000381469727,11.960000038146973,598.2000122070312,9.75,13.369999885559082,448.0,-75.0
2015-03-17 12:57:00,-22.670000076293945,10.789999961853027,596.0,10.100000381469727,13.510000228881836,516.0,-74.0
2015-03-17 12:58:00,-22.190000534057617,12.3100004196167,596.0,10.100000381469727,13.229999542236328,596.0,-77.0
2015-03-17 12:59:00,-21.860000610351562,13.479999542236328,,99.98999786376953,,638.0,-79.0
2015-03-17 13:00:00,-22.670000076293945,14.59000015258789,,99.98999786376953,,675.0,-80.0
2015-03-17 13:01:00,-21.3799991607666,16.020000457763672,586.0999755859375,9.119999885559082,12.529999732971191,731.0,-81.0
2015-03-17 13:02:00,-21.25,16.40999984741211,586.0999755859375,9.119999885559082,12.449999809265137,773.0,-83.0
2015-03-17 13:03:00,-22.790000915527344,12.529999732971191,586.0999755859375,9.119999885559082,13.359999656677246,816.0,-84.0
2015-03-17 13:04:00,-24.350000381469727,12.15999984741211,590.7000122070312,8.869999885559082,14.380000114440918,841.0,-82.0
2015-03-17 13:05:00,-23.299999237060547,13.8100004196167,589.4000244140625,9.029999732971191,13.729999542236328,851.0,-83.0
2015-03-17 13:06:00,-25.829999923706055,9.600000381469727,587.9000244140625,9.1899995803833,15.1899995803833,864.0,-84.0
2015-03-17 13:07:00,-25.979999542236328,9.789999961853027,582.0999755859375,8.739999771118164,15.119999885559082,890.0,-86.0
2015-03-17 13:08:00,-25.59000015258789,11.850000381469727,582.0999755859375,8.739999771118164,14.899999618530273,930.0,-85.0
2015-03-17 13:09:00,-23.020000457763672,16.75,585.7999877929688,8.9399995803833,13.489999771118164,987.0,-87.0
2015-03-17 13:10:00,-9.430000305175781,26.579999923706055,589.2999877929688,9.229999542236328,5.559999942779541,1118.0,-87.0
2015-03-17 13:11:00,-1.6100000143051147,29.020000457763672,582.2000122070312,12.8100004196167,0.9399999976158142,1141.0,-86.0
2015-03-17 13:12:00,-4.639999866485596,28.920000076293945,580.4000244140625,13.550000190734863,2.690000057220459,1106.0,-87.0
2015-03-17 13:13:00,-12.109999656677246,26.959999084472656,,99.98999786376953,,1084.0,-89.0
2015-03-17 13:14:00,-11.020000457763672,27.0,,99.98999786376953,,1120.0,-90.0
2015-03-17 13:15:00,-14.869999885559082,25.549999237060547,,99.98999786376953,,1097.0,-89.0
2015-03-17 13:16:00,-12.220000267028809,26.75,,99.98999786376953,,1019.0,-91.0
2015-03-17 13:17:00,-13.300000190734863,25.790000915527344,588.7000122070312,13.579999923706055,7.829999923706055,1142.0,-92.0
2015-03-17 13:18:00,-4.190000057220459,29.5,585.5999755859375,12.619999885559082,2.450000047683716,1153.0,-92.0
2015-03-17 13:19:00,-4.050000190734863,31.329999923706055,583.0999755859375,11.789999961853027,2.359999895095825,1170.0,-92.0
2015-03-17 13:20:00,-5.28000020980835,29.989999771118164,586.9000244140625,12.220000267028809,3.0999999046325684,1355.0,-93.0
2015-03-17 13:21:00,-11.109999656677246,25.829999923706055,588.2999877929688,12.520000457763672,6.539999961853027,1391.0,-94.0
2015-03-17 13:22:00,-11.869999885559082,25.43000030517578,596.9000244140625,13.960000038146973,7.090000152587891,1153.0,-93.0
2015-03-17 13:23:00,-15.800000190734863,25.6200008392334,596.9000244140625,13.960000038146973,9.430000305175781,986.0,-93.0
2015-03-17 13:24:00,-19.309999465942383,19.6299991607666,589.5999755859375,17.520000457763672,11.390000343322754,996.0,-93.0
2015-03-17 13:25:00,-16.3799991607666,21.139999389648438,584.0,18.799999237060547,9.569999694824219,995.0,-93.0
2015-03-17 13:26:00,-16.030000686645508,21.200000762939453,585.0999755859375,18.209999084472656,9.380000114440918,1139.0,-94.0
2015-03-17 13:27:00,-15.09000015258789,22.229999542236328,568.4000244140625,23.600000381469727,8.579999923706055,1285.0,-94.0
2015-03-17 13:28:00,-12.550000190734863,27.1299991607666,572.7999877929688,21.549999237060547,7.190000057220459,1265.0,-82.0
2015-03-17 13:29:00,-14.789999961853027,26.600000381469727,577.4000244140625,14.520000457763672,8.539999961853027,1343.0,-76.0
2015-03-17 13:30:00,-19.639999389648438,21.389999389648438,576.7000122070312,15.489999771118164,11.329999923706055,1505.0,-73.0
2015-03-17 13:31:00,-18.170000076293945,22.100000381469727,582.2000122070312,16.899999618530273,10.579999923706055,1731.0,-76.0
2015-03-17 13:32:00,-20.309999465942383,17.299999237060547,577.0999755859375,22.690000534057617,11.720000267028809,1757.0,-74.0
2015-03-17 13:33:00,-16.139999389648438,20.690000534057617,563.5,30.709999084472656,9.09000015258789,2169.0,-73.0
2015-03-17 13:34:00,-11.819999694824219,23.520000457763672,563.2999877929688,31.520000457763672,6.659999847412109,2240.0,-75.0
2015-03-17 13:35:00,-13.479999542236328,23.719999313354492,563.2000122070312,32.06999969482422,7.590000152587891,2035.0,-78.0
2015-03-17 13:36:00,-9.899999618530273,26.06999969482422,,99.98999786376953,,1672.0,-75.0
2015-03-17 13:37:00,9.149999618530273,26.799999237060547,580.9000244140625,32.869998931884766,-5.320000171661377,1694.0,-80.0
2015-03-17 13:38:00,13.789999961853027,27.239999771118164,602.4000244140625,27.110000610351562,-8.3100004196167,1665.0,-70.0
2015-03-17 13:39:00,12.470000267028809,27.68000030517578,619.7999877929688,21.0,-7.730000019073486,1825.0,-73.0
2015-03-17 13:40:00,6.460000038146973,30.709999084472656,609.7999877929688,21.270000457763672,-3.940000057220459,2021.0,-78.0
2015-03-17 13:41:00,6.210000038146973,30.799999237060547,603.9000244140625,21.40999984741211,-3.75,2198.0,-77.0
2015-03-17 13:42:00,5.559999942779541,30.90999984741211,602.5,21.280000686645508,-3.3499999046325684,2024.0,-77.0
2015-03-17 13:43:00,0.9399999976158142,28.75,589.4000244140625,21.229999542236328,-0.550000011920929,1807.0,-76.0
2015-03-17 13:44:00,3.869999885559082,29.709999084472656,579.2999877929688,21.1200008392334,-2.240000009536743,1731.0,-77.0
2015-03-17 13:45:00,-5.769999980926514,26.850000381469727,599.5,20.639999389648438,3.4600000381469727,1710.0,-75.0
2015-03-17 13:46:00,11.890000343322754,29.270000457763672,599.5,20.639999389648438,-7.130000114440918,1552.0,-77.0
2015-03-17 13:47:00,7.170000076293945,30.540000915527344,596.7999877929688,19.489999771118164,-4.28000020980835,1715.0,-79.0
2015-03-17 13:48:00,-3.180000066757202,29.940000534057617,593.0999755859375,24.93000030517578,1.8899999856948853,1837.0,-77.0
2015-03-17 13:49:00,-12.510000228881836,23.979999542236328,584.5,34.33000183105469,7.309999942779541,1921.0,-76.0
2015-03-17 13:50:00,-18.969999313354492,18.389999389648438,569.2000122070312,39.22999954223633,10.800000190734863,2059.0,-70.0
2015-03-17 13:51:00,-18.6200008392334,21.709999084472656,583.0,28.3700008392334,10.859999656677246,2149.0,-68.0
2015-03-17 13:52:00,-18.389999389648438,22.059999465942383,581.5,28.59000015258789,10.6899995803833,1952.0,-64.0
2015-03-17 13:53:00,-18.200000762939453,22.43000030517578,580.7999877929688,28.860000610351562,10.569999694824219,1793.0,-53.0
2015-03-17 13:54:00,-16.8700008392334,25.65999984741211,573.7999877929688,20.200000762939453,9.680000305175781,1997.0,-58.0
2015-03-17 13:55:00,-16.1299991607666,27.1200008392334,574.0,19.790000915527344,9.260000228881836,1744.0,-69.0
2015-03-17 13:56:00,-16.09000015258789,27.700000762939453,573.7999877929688,16.450000762939453,9.229999542236328,1856.0,-73.0
2015-03-17 13:57:00,-15.90999984741211,27.93000030517578,573.5999755859375,16.219999313354492,9.130000114440918,2061.0,-75.0
2015-03-17 13:58:00,-15.699999809265137,28.290000915527344,572.5999755859375,14.890000343322754,8.989999771118164,2298.0,-77.0
2015-03-17 13:59:00,-16.770000457763672,27.15999984741211,571.0,12.869999885559082,9.579999923706055,2269.0,-76.0
2015-03-17 14:00:00,-22.020000457763672,20.540000915527344,573.9000244140625,14.350000381469727,12.640000343322754,1883.0,-78.0
2015-03-17 14:01:00,-21.350000381469727,17.84000015258789,575.0,16.059999465942383,12.279999732971191,1580.0,-82.0
2015-03-17 14:02:00,-22.8799991607666,12.819999694824219,577.2999877929688,17.889999389648438,13.210000038146973,1615.0,-80.0
2015-03-17 14:03:00,-17.760000228881836,26.709999084472656,578.0,16.959999084472656,10.270000457763672,1644.0,-80.0
2015-03-17 14:04:00,-19.729999542236328,22.110000610351562,,99.98999786376953,,1640.0,-82.0
2015-03-17 14:05:00,-22.239999771118164,15.020000457763672,610.9000244140625,12.9399995803833,13.59000015258789,1631.0,-88.0
2015-03-17 14:06:00,-23.200000762939453,14.859999656677246,608.2000122070312,13.270000457763672,14.109999656677246,1601.0,-88.0
2015-03-17 14:07:00,-20.34000015258789,19.81999969482422,594.5,14.170000076293945,12.09000015258789,1615.0,-79.0
2015-03-17 14:08:00,-18.90999984741211,23.84000015258789,588.9000244140625,13.899999618530273,11.140000343322754,1725.0,-83.0
2015-03-17 14:09:00,-20.459999084472656,20.670000076293945,572.5,13.199999809265137,11.710000038146973,1512.0,-82.0
2015-03-17 14:10:00,-21.059999465942383,18.600000381469727,573.7000122070312,13.289999961853027,12.079999923706055,1466.0,-79.0
2015-03-17 14:11:00,-15.470000267028809,28.399999618530273,572.4000244140625,11.369999885559082,8.859999656677246,1519.0,-83.0
2015-03-17 14:12:00,-15.510000228881836,28.239999771118164,569.5999755859375,9.899999618530273,8.829999923706055,1476.0,-83.0
2015-03-17 14:13:00,-15.729999542236328,28.209999084472656,572.5999755859375,10.010000228881836,9.010000228881836,1365.0,-84.0
2015-03-17 14:14:00,-16.459999084472656,27.760000228881836,572.7000122070312,10.0,9.430000305175781,1277.0,-89.0
2015-03-17 14:15:00,-16.040000915527344,28.040000915527344,571.7999877929688,9.25,9.170000076293945,1302.0,-88.0
2015-03-17 14:16:00,-15.449999809265137,28.360000610351562,571.7999877929688,9.25,8.829999923706055,1352.0,-88.0
2015-03-17 14:17:00,-14.40999984741211,28.81999969482422,572.4000244140625,9.350000381469727,8.25,1355.0,-90.0
2015-03-17 14:18:00,-13.859999656677246,28.90999984741211,578.2999877929688,10.210000038146973,8.020000457763672,1302.0,-95.0
2015-03-17 14:19:00,-12.529999732971191,29.469999313354492,578.2999877929688,10.210000038146973,7.25,1224.0,-98.0
2015-03-17 14:20:00,-12.899999618530273,29.15999984741211,583.0999755859375,10.649999618530273,7.519999980926514,1262.0,-95.0
2015-03-17 14:21:00,-13.600000381469727,28.31999969482422,583.0999755859375,10.649999618530273,7.929999828338623,1387.0,-92.0
2015-03-17 14:22:00,-18.280000686645508,23.690000534057617,596.0999755859375,15.59000015258789,10.899999618530273,1421.0,-90.0
2015-03-17 14:23:00,-19.110000610351562,22.559999465942383,596.0999755859375,15.59000015258789,11.390000343322754,1346.0,-90.0
2015-03-17 14:24:00,-18.639999389648438,23.309999465942383,596.0999755859375,15.59000015258789,11.109999656677246,1302.0,-89.0
2015-03-17 14:25:00,-17.90999984741211,24.40999984741211,,99.98999786376953,,1412.0,-86.0
2015-03-17 14:26:00,-19.31999969482422,22.299999237060547,606.5,13.880000114440918,11.720000267028809,1723.0,-86.0
2015-03-17 14:27:00,-18.90999984741211,23.139999389648438,606.5,13.880000114440918,11.470000267028809,2155.0,-87.0
2015-03-17 14:28:00,-18.979999542236328,23.329999923706055,,99.98999786376953,,2049.0,-83.0
2015-03-17 14:29:00,-19.520000457763672,22.15999984741211,594.5,14.649999618530273,11.600000381469727,1883.0,-81.0
2015-03-17 14:30:00,-19.040000915527344,22.889999389648438,594.0999755859375,14.479999542236328,11.3100004196167,1793.0,-82.0
2015-03-17 14:31:00,-18.329999923706055,23.440000534057617,586.2999877929688,11.109999656677246,10.75,1682.0,-83.0
2015-03-17 14:32:00,-19.100000381469727,21.139999389648438,589.9000244140625,13.0,11.270000457763672,1514.0,-83.0
2015-03-17 14:33:00,-19.649999618530273,19.6299991607666,590.5,13.329999923706055,11.600000381469727,1432.0,-84.0
2015-03-17 14:34:00,-19.90999984741211,19.420000076293945,600.2000122070312,17.969999313354492,11.949999809265137,1511.0,-86.0
2015-03-17 14:35:00,-19.420000076293945,19.450000762939453,600.2000122070312,17.969999313354492,11.65999984741211,1368.0,-87.0
2015-03-17 14:36:00,-17.950000762939453,20.65999984741211,598.4000244140625,20.979999542236328,10.739999771118164,1314.0,-89.0
2015-03-17 14:37:00,-18.010000228881836,20.530000686645508,600.0999755859375,21.190000534057617,10.8100004196167,1463.0,-90.0
2015-03-17 14:38:00,-18.389999389648438,20.6200008392334,602.7000122070312,21.18000030517578,11.079999923706055,1428.0,-88.0
2015-03-17 14:39:00,-18.799999237060547,20.270000457763672,598.4000244140625,20.780000686645508,11.25,1237.0,-86.0
2015-03-17 14:40:00,-18.959999084472656,20.09000015258789,597.5,20.459999084472656,11.329999923706055,1154.0,-77.0
2015-03-17 14:41:00,-18.84000015258789,19.530000686645508,595.2000122070312,23.6200008392334,11.210000038146973,1356.0,-77.0
2015-03-17 14:42:00,-19.049999237060547,19.170000076293945,595.0999755859375,24.229999542236328,11.34000015258789,1328.0,-79.0
2015-03-17 14:43:00,-18.75,19.700000762939453,594.7000122070312,24.309999465942383,11.149999618530273,1492.0,-79.0
2015-03-17 14:44:00,-18.600000381469727,20.75,592.2000122070312,23.149999618530273,11.010000228881836,1558.0,-83.0
2015-03-17 14:45:00,-18.899999618530273,20.450000762939453,588.4000244140625,20.06999969482422,11.119999885559082,1855.0,-85.0
2015-03-17 14:46:00,-18.829999923706055,19.149999618530273,590.2000122070312,18.360000610351562,11.109999656677246,1767.0,-86.0
2015-03-17 14:47:00,-19.010000228881836,18.860000610351562,589.5999755859375,19.110000610351562,11.210000038146973,1666.0,-89.0
2015-03-17 14:48:00,-19.350000381469727,19.389999389648438,589.5999755859375,19.1200008392334,11.40999984741211,1853.0,-89.0
2015-03-17 14:49:00,-19.489999771118164,19.030000686645508,,99.98999786376953,,1799.0,-89.0
2015-03-17 14:50:00,-18.81999969482422,19.440000534057617,,99.98999786376953,,1923.0,-91.0
2015-03-17 14:51:00,,,,99.98999786376953,,1939.0,-91.0
2015-03-17 14:52:00,,,,99.98999786376953,,1985.0,-92.0
2015-03-17 14:53:00,-18.950000762939453,20.770000457763672,,99.98999786376953,,2025.0,-94.0
2015-03-17 14:54:00,-19.260000228881836,19.93000030517578,,99.98999786376953,,1695.0,-95.0
2015-03-17 14:55:00,-19.610000610351562,19.18000030517578,586.0999755859375,18.520000457763672,11.489999771118164,1673.0,-97.0
2015-03-17 14:56:00,-19.8700008392334,18.1299991607666,586.0999755859375,18.520000457763672,11.649999618530273,1610.0,-99.0
2015-03-17 14:57:00,-20.040000915527344,17.020000457763672,584.0999755859375,17.510000228881836,11.710000038146973,1632.0,-100.0
2015-03-17 14:58:00,-20.229999542236328,16.020000457763672,583.5,17.520000457763672,11.800000190734863,1577.0,-98.0
2015-03-17 14:59:00,-18.40999984741211,18.40999984741211,581.4000244140625,17.59000015258789,10.699999809265137,1574.0,-100.0
2015-03-17 15:00:00,-17.959999084472656,19.510000228881836,573.7999877929688,17.049999237060547,10.3100004196167,1521.0,-99.0
2015-03-17 15:01:00,-18.940000534057617,17.469999313354492,575.7999877929688,16.030000686645508,10.90999984741211,1466.0,-100.0
2015-03-17 15:02:00,-20.950000762939453,7.309999942779541,580.9000244140625,14.960000038146973,12.170000076293945,1509.0,-99.0
2015-03-17 15:03:00,-19.31999969482422,0.12999999523162842,608.0,15.899999618530273,11.75,1376.0,-99.0
2015-03-17 15:04:00,-16.3700008392334,-5.449999809265137,602.5,19.459999084472656,9.859999656677246,1359.0,-105.0
2015-03-17 15:05:00,-15.09000015258789,-7.590000152587891,593.0,23.200000762939453,8.949999809265137,1253.0,-106.0
2015-03-17 15:06:00,-16.149999618530273,-5.519999980926514,593.0999755859375,21.18000030517578,9.579999923706055,1091.0,-103.0
2015-03-17 15:07:00,-16.40999984741211,-4.389999866485596,597.2999877929688,20.280000686645508,9.800000190734863,919.0,-100.0
2015-03-17 15:08:00,-16.809999465942383,-3.200000047683716,597.5,20.059999465942383,10.039999961853027,875.0,-102.0
2015-03-17 15:09:00,-17.5,-2.359999895095825,598.2999877929688,19.059999465942383,10.470000267028809,818.0,-103.0
2015-03-17 15:10:00,-17.959999084472656,-1.75,598.2999877929688,19.059999465942383,10.75,769.0,-101.0
2015-03-17 15:11:00,-17.479999542236328,-0.3799999952316284,598.0999755859375,21.170000076293945,10.449999809265137,742.0,-104.0
2015-03-17 15:12:00,-16.68000030517578,-0.2199999988079071,598.0999755859375,21.170000076293945,9.979999542236328,665.0,-104.0
2015-03-17 15:13:00,-16.1200008392334,-1.2699999809265137,598.0999755859375,21.170000076293945,9.640000343322754,620.0,-105.0
2015-03-17 15:14:00,-15.149999618530273,-1.6399999856948853,601.0,23.020000457763672,9.109999656677246,615.0,-108.0
2015-03-17 15:15:00,-12.859999656677246,-4.019999980926514,601.0,23.020000457763672,7.730000019073486,695.0,-109.0
2015-03-17 15:16:00,-13.619999885559082,-1.309999942779541,,99.98999786376953,,684.0,-113.0
2015-03-17 15:17:00,,,,99.98999786376953,,680.0,-115.0
2015-03-17 15:18:00,,,,99.98999786376953,,654.0,-116.0
2015-03-17 15:19:00,,,,99.98999786376953,,637.0,-119.0
2015-03-17 15:20:00,,,,99.98999786376953,,667.0,-118.0
2015-03-17 15:21:00,,,,99.98999786376953,,687.0,-119.0
2015-03-17 15:22:00,-17.31999969482422,8.460000038146973,,99.98999786376953,,687.0,-121.0
2015-03-17 15:23:00,-17.510000228881836,7.570000171661377,,99.98999786376953,,701.0,-125.0
2015-03-17 15:24:00,-16.290000915527344,-2.869999885559082,,99.98999786376953,,622.0,-129.0
2015-03-17 15:25:00,-17.239999771118164,-8.140000343322754,611.0,11.779999732971191,10.529999732971191,642.0,-134.0
2015-03-17 15:26:00,-17.440000534057617,-3.7200000286102295,611.0,11.779999732971191,10.65999984741211,635.0,-132.0
2015-03-17 15:27:00,-17.520000457763672,-5.460000038146973,611.0,11.779999732971191,10.699999809265137,615.0,-123.0
2015-03-17 15:28:00,-17.639999389648438,-4.929999828338623,,99.98999786376953,,571.0,-124.0
2015-03-17 15:29:00,-14.899999618530273,-7.159999847412109,,99.98999786376953,,552.0,-123.0
2015-03-17 15:30:00,-15.260000228881836,-8.260000228881836,626.5,12.829999923706055,9.5600004196167,606.0,-124.0
2015-03-17 15:31:00,-14.949999809265137,-9.199999809265137,626.5,12.829999923706055,9.369999885559082,732.0,-122.0
2015-03-17 15:32:00,-15.489999771118164,-8.170000076293945,,99.98999786376953,,719.0,-122.0
2015-03-17 15:33:00,-15.760000228881836,-7.949999809265137,,99.98999786376953,,660.0,-125.0
2015-03-17 15:34:00,,,,99.98999786376953,,633.0,-126.0
2015-03-17 15:35:00,-16.350000381469727,-4.78000020980835,,99.98999786376953,,627.0,-130.0
2015-03-17 15:36:00,-15.970000267028809,-4.610000133514404,619.2000122070312,18.399999618530273,9.890000343322754,634.0,-133.0
2015-03-17 15:37:00,-16.280000686645508,-5.199999809265137,619.2000122070312,18.399999618530273,10.079999923706055,654.0,-134.0
2015-03-17 15:38:00,-17.770000457763672,-8.569999694824219,619.2000122070312,18.399999618530273,11.0,655.0,-133.0
2015-03-17 15:39:00,-18.110000610351562,-10.289999961853027,,99.98999786376953,,641.0,-134.0
2015-03-17 15:40:00,-17.920000076293945,-11.800000190734863,,99.98999786376953,,579.0,-137.0
2015-03-17 15:41:00,-17.950000762939453,-5.820000171661377,,99.98999786376953,,588.0,-138.0
2015-03-17 15:42:00,-18.59000015258789,-6.889999866485596,,99.98999786376953,,619.0,-138.0
2015-03-17 15:43:00,-20.09000015258789,-4.900000095367432,,99.98999786376953,,611.0,-140.0
2015-03-17 15:44:00,-20.219999313354492,-4.5,,99.98999786376953,,673.0,-140.0
2015-03-17 15:45:00,-19.729999542236328,-7.46999979019165,,99.98999786376953,,663.0,-140.0
2015-03-17 15:46:00,-18.440000534057617,-6.340000152587891,,99.98999786376953,,587.0,-140.0
2015-03-17 15:47:00,-16.459999084472656,-5.739999771118164,,99.98999786376953,,590.0,-137.0
2015-03-17 15:48:00,-15.880000114440918,-6.289999961853027,613.5999755859375,19.06999969482422,9.739999771118164,509.0,-136.0
2015-03-17 15:49:00,-15.920000076293945,-4.670000076293945,613.5999755859375,19.06999969482422,9.770000457763672,499.0,-137.0
2015-03-17 15:50:00,-18.09000015258789,-7.659999847412109,,99.98999786376953,,491.0,-137.0
2015-03-17 15:51:00,-16.989999771118164,-5.760000228881836,,99.98999786376953,,464.0,-137.0
2015-03-17 15:52:00,-17.329999923706055,-4.460000038146973,610.2999877929688,15.970000267028809,10.579999923706055,496.0,-136.0
2015-03-17 15:53:00,-17.670000076293945,-2.6600000858306885,610.0999755859375,16.440000534057617,10.779999732971191,540.0,-138.0
2015-03-17 15:54:00,-17.6200008392334,-0.5199999809265137,608.7000122070312,19.489999771118164,10.729999542236328,621.0,-139.0
2015-03-17 15:55:00,-17.809999465942383,-2.319999933242798,608.9000244140625,22.329999923706055,10.84000015258789,659.0,-142.0
2015-03-17 15:56:00,-17.639999389648438,-5.320000171661377,608.9000244140625,22.969999313354492,10.739999771118164,736.0,-141.0
2015-03-17 15:57:00,-18.440000534057617,-6.710000038146973,,99.98999786376953,,705.0,-142.0
2015-03-17 15:58:00,-17.510000228881836,-2.559999942779541,620.0999755859375,11.149999618530273,10.859999656677246,659.0,-144.0
2015-03-17 15:59:00,-15.869999885559082,1.9500000476837158,620.0999755859375,11.149999618530273,9.84000015258789,678.0,-144.0
2015-03-17 16:00:00,-16.850000381469727,-0.7900000214576721,620.0999755859375,11.149999618530273,10.449999809265137,636.0,-143.0
2015-03-17 16:01:00,-16.06999969482422,2.5899999141693115,,99.98999786376953,,534.0,-142.0
2015-03-17 16:02:00,-16.18000030517578,2.2699999809265137,625.7000122070312,11.710000038146973,10.119999885559082,426.0,-144.0
2015-03-17 16:03:00,-14.859999656677246,3.990000009536743,624.7000122070312,11.600000381469727,9.279999732971191,421.0,-146.0
2015-03-17 16:04:00,-15.800000190734863,3.2799999713897705,623.4000244140625,11.489999771118164,9.850000381469727,403.0,-147.0
2015-03-17 16:05:00,-15.40999984741211,3.490000009536743,624.4000244140625,11.850000381469727,9.619999885559082,405.0,-146.0
2015-03-17 16:06:00,-15.850000381469727,3.049999952316284,624.4000244140625,11.850000381469727,9.899999618530273,425.0,-145.0
2015-03-17 16:07:00,-15.359999656677246,3.2699999809265137,,99.98999786376953,,421.0,-146.0
2015-03-17 16:08:00,-14.789999961853027,2.9000000953674316,623.0999755859375,14.149999618530273,9.220000267028809,438.0,-149.0
2015-03-17 16:09:00,-15.100000381469727,1.559999942779541,623.0999755859375,14.149999618530273,9.40999984741211,418.0,-151.0
2015-03-17 16:10:00,-14.789999961853027,-1.4600000381469727,623.0999755859375,14.149999618530273,9.220000267028809,415.0,-152.0
2015-03-17 16:11:00,-15.920000076293945,0.5199999809265137,,99.98999786376953,,427.0,-152.0
2015-03-17 16:12:00,-15.539999961853027,2.069999933242798,605.0,21.15999984741211,9.399999618530273,401.0,-153.0
2015-03-17 16:13:00,-16.0,4.150000095367432,603.2999877929688,20.489999771118164,9.649999618530273,339.0,-155.0
2015-03-17 16:14:00,-17.270000457763672,4.230000019073486,598.9000244140625,21.600000381469727,10.34000015258789,315.0,-156.0
2015-03-17 16:15:00,,,593.4000244140625,21.559999465942383,,324.0,-156.0
2015-03-17 16:16:00,-16.969999313354492,0.5099999904632568,592.9000244140625,21.270000457763672,10.0600004196167,333.0,-157.0
2015-03-17 16:17:00,-10.9399995803833,11.65999984741211,592.9000244140625,21.270000457763672,6.489999771118164,345.0,-157.0
2015-03-17 16:18:00,-11.020000457763672,9.369999885559082,627.4000244140625,13.579999923706055,6.909999847412109,379.0,-157.0
2015-03-17 16:19:00,-13.270000457763672,7.869999885559082,627.4000244140625,13.579999923706055,8.329999923706055,381.0,-156.0
2015-03-17 16:20:00,-13.930000305175781,8.069999694824219,627.4000244140625,13.579999923706055,8.739999771118164,391.0,-155.0
2015-03-17 16:21:00,-15.529999732971191,9.84000015258789,618.5,12.069999694824219,9.609999656677246,456.0,-155.0
2015-03-17 16:22:00,-15.739999771118164,10.140000343322754,618.5,12.069999694824219,9.739999771118164,445.0,-154.0
2015-03-17 16:23:00,-16.540000915527344,10.470000267028809,,99.98999786376953,,422.0,-154.0
2015-03-17 16:24:00,-13.90999984741211,8.329999923706055,,99.98999786376953,,442.0,-154.0
2015-03-17 16:25:00,-13.180000305175781,8.15999984741211,631.7999877929688,11.829999923706055,8.329999923706055,450.0,-155.0
2015-03-17 16:26:00,-15.630000114440918,9.130000114440918,626.4000244140625,12.079999923706055,9.789999961853027,476.0,-156.0
2015-03-17 16:27:00,-12.550000190734863,8.020000457763672,618.0,12.420000076293945,7.760000228881836,528.0,-156.0
2015-03-17 16:28:00,-14.050000190734863,8.319999694824219,,99.98999786376953,,622.0,-154.0
2015-03-17 16:29:00,-14.75,10.130000114440918,,99.98999786376953,,785.0,-152.0
2015-03-17 16:30:00,-14.739999771118164,10.140000343322754,,99.98999786376953,,999.0,-149.0
2015-03-17 16:31:00,-15.09000015258789,9.680000305175781,617.7999877929688,11.630000114440918,9.319999694824219,1086.0,-146.0
2015-03-17 16:32:00,-16.520000457763672,8.75,617.7999877929688,11.630000114440918,10.210000038146973,1076.0,-144.0
2015-03-17 16:33:00,-14.520000457763672,10.479999542236328,617.7999877929688,11.630000114440918,8.970000267028809,1119.0,-143.0
2015-03-17 16:34:00,-14.229999542236328,11.270000457763672,614.0,12.210000038146973,8.739999771118164,1193.0,-144.0
2015-03-17 16:35:00,-14.0,12.1899995803833,614.0,12.210000038146973,8.600000381469727,1277.0,-145.0
2015-03-17 16:36:00,-14.649999618530273,11.640000343322754,,99.98999786376953,,1432.0,-145.0
2015-03-17 16:37:00,-14.550000190734863,11.5600004196167,,99.98999786376953,,1632.0,-146.0
2015-03-17 16:38:00,-15.130000114440918,11.550000190734863,608.7000122070312,12.630000114440918,9.210000038146973,1461.0,-146.0
2015-03-17 16:39:00,-15.1899995803833,11.5,608.7000122070312,12.630000114440918,9.25,1411.0,-146.0
2015-03-17 16:40:00,-16.049999237060547,12.239999771118164,608.7000122070312,12.630000114440918,9.770000457763672,1383.0,-146.0
2015-03-17 16:41:00,-19.56999969482422,8.989999771118164,,99.98999786376953,,1464.0,-145.0
2015-03-17 16:42:00,-20.139999389648438,8.630000114440918,,99.98999786376953,,1472.0,-145.0
2015-03-17 16:43:00,-20.1299991607666,7.960000038146973,,99.98999786376953,,1355.0,-145.0
2015-03-17 16:44:00,-15.640000343322754,11.460000038146973,,99.98999786376953,,1465.0,-146.0
2015-03-17 16:45:00,,,,99.98999786376953,,1642.0,-147.0
2015-03-17 16:46:00,-14.960000038146973,12.619999885559082,610.0999755859375,11.029999732971191,9.130000114440918,1692.0,-148.0
2015-03-17 16:47:00,-11.199999809265137,14.079999923706055,615.0999755859375,10.609999656677246,6.889999866485596,1640.0,-152.0
2015-03-17 16:48:00,-12.510000228881836,14.420000076293945,618.0999755859375,9.90999984741211,7.730000019073486,1594.0,-152.0
2015-03-17 16:49:00,-13.34000015258789,14.710000038146973,618.0999755859375,9.819999694824219,8.25,1529.0,-152.0
2015-03-17 16:50:00,-9.4399995803833,15.529999732971191,,99.98999786376953,,1423.0,-153.0
2015-03-17 16:51:00,-11.529999732971191,13.069999694824219,,99.98999786376953,,1339.0,-153.0
2015-03-17 16:52:00,-12.079999923706055,15.25,,99.98999786376953,,1412.0,-152.0
2015-03-17 16:53:00,-9.899999618530273,13.109999656677246,605.9000244140625,13.220000267028809,6.0,1315.0,-152.0
2015-03-17 16:54:00,-14.399999618530273,9.210000038146973,601.0,19.030000686645508,8.649999618530273,1312.0,-151.0
2015-03-17 16:55:00,-15.449999809265137,5.619999885559082,581.4000244140625,35.15999984741211,8.979999542236328,1360.0,-150.0
2015-03-17 16:56:00,-16.799999237060547,6.960000038146973,574.7000122070312,31.520000457763672,9.649999618530273,1284.0,-151.0
2015-03-17 16:57:00,-16.93000030517578,6.880000114440918,611.2000122070312,10.390000343322754,10.350000381469727,1216.0,-151.0
2015-03-17 16:58:00,-21.75,-1.5299999713897705,588.4000244140625,12.079999923706055,12.800000190734863,1061.0,-151.0
2015-03-17 16:59:00,-20.450000762939453,-1.5099999904632568,567.5,14.289999961853027,11.609999656677246,1020.0,-151.0
2015-03-17 17:00:00,-22.850000381469727,-3.2799999713897705,577.9000244140625,14.59000015258789,13.210000038146973,983.0,-150.0
2015-03-17 17:01:00,-21.420000076293945,-1.6200000047683716,562.0999755859375,13.239999771118164,12.039999961853027,970.0,-150.0
2015-03-17 17:02:00,-20.799999237060547,2.2100000381469727,572.4000244140625,12.4399995803833,11.90999984741211,1087.0,-151.0
2015-03-17 17:03:00,-20.489999771118164,5.340000152587891,588.4000244140625,11.850000381469727,12.0600004196167,1003.0,-152.0
2015-03-17 17:04:00,-22.149999618530273,3.880000114440918,595.9000244140625,11.9399995803833,13.199999809265137,819.0,-153.0
2015-03-17 17:05:00,-22.010000228881836,4.269999980926514,582.2000122070312,10.579999923706055,12.8100004196167,750.0,-152.0
2015-03-17 17:06:00,-21.280000686645508,3.75,582.7999877929688,9.729999542236328,12.399999618530273,781.0,-152.0
2015-03-17 17:07:00,-21.3799991607666,4.349999904632568,581.7999877929688,10.649999618530273,12.4399995803833,803.0,-154.0
2015-03-17 17:08:00,-19.540000915527344,5.300000190734863,588.4000244140625,11.800000190734863,11.5,764.0,-155.0
2015-03-17 17:09:00,-20.969999313354492,1.5800000429153442,588.5,11.90999984741211,12.34000015258789,699.0,-154.0
2015-03-17 17:10:00,-19.530000686645508,4.119999885559082,578.7999877929688,15.329999923706055,11.300000190734863,812.0,-155.0
2015-03-17 17:11:00,-19.25,5.019999980926514,576.4000244140625,15.75,11.100000381469727,856.0,-158.0
2015-03-17 17:12:00,-18.350000381469727,3.5899999141693115,554.7999877929688,19.260000228881836,10.180000305175781,842.0,-159.0
2015-03-17 17:13:00,-18.700000762939453,2.569999933242798,566.5999755859375,22.110000610351562,10.600000381469727,719.0,-160.0
2015-03-17 17:14:00,-18.149999618530273,3.130000114440918,572.0,21.25,10.380000114440918,585.0,-161.0
2015-03-17 17:15:00,-17.600000381469727,1.7400000095367432,578.2000122070312,21.540000915527344,10.180000305175781,503.0,-162.0
2015-03-17 17:16:00,-14.760000228881836,10.579999923706055,578.5999755859375,21.6299991607666,8.539999961853027,560.0,-162.0
2015-03-17 17:17:00,-15.609999656677246,6.809999942779541,,99.98999786376953,,613.0,-163.0
2015-03-17 17:18:00,-16.31999969482422,6.21999979019165,,99.98999786376953,,677.0,-163.0
2015-03-17 17:19:00,-15.979999542236328,6.920000076293945,,99.98999786376953,,717.0,-163.0
2015-03-17 17:20:00,-12.979999542236328,14.579999923706055,,99.98999786376953,,655.0,-164.0
2015-03-17 17:21:00,-12.789999961853027,14.920000076293945,572.7999877929688,16.520000457763672,7.329999923706055,553.0,-164.0
2015-03-17 17:22:00,-15.170000076293945,12.0,572.7999877929688,16.520000457763672,8.6899995803833,702.0,-165.0
2015-03-17 17:23:00,-12.59000015258789,14.260000228881836,571.0999755859375,15.40999984741211,7.190000057220459,931.0,-167.0
2015-03-17 17:24:00,-13.899999618530273,12.270000457763672,570.9000244140625,15.3100004196167,7.940000057220459,1257.0,-169.0
2015-03-17 17:25:00,,,,99.98999786376953,,1283.0,-171.0
2015-03-17 17:26:00,,,,99.98999786376953,,1190.0,-171.0
2015-03-17 17:27:00,-16.84000015258789,6.579999923706055,564.5999755859375,22.059999465942383,9.510000228881836,1063.0,-175.0
2015-03-17 17:28:00,-18.25,5.210000038146973,564.5999755859375,22.059999465942383,10.300000190734863,972.0,-177.0
2015-03-17 17:29:00,-16.850000381469727,7.110000133514404,564.5999755859375,22.059999465942383,9.510000228881836,947.0,-176.0
2015-03-17 17:30:00,-17.559999465942383,8.420000076293945,572.0,13.029999732971191,10.039999961853027,907.0,-173.0
2015-03-17 17:31:00,-15.989999771118164,12.949999809265137,569.2000122070312,12.670000076293945,9.100000381469727,842.0,-172.0
2015-03-17 17:32:00,-15.890000343322754,12.619999885559082,566.7000122070312,14.100000381469727,9.0,796.0,-171.0
2015-03-17 17:33:00,-16.049999237060547,13.359999656677246,569.4000244140625,13.489999771118164,9.140000343322754,770.0,-167.0
2015-03-17 17:34:00,-12.210000038146973,19.15999984741211,558.5999755859375,11.40999984741211,6.820000171661377,782.0,-165.0
2015-03-17 17:35:00,-14.369999885559082,17.959999084472656,560.5,12.739999771118164,8.050000190734863,819.0,-164.0
2015-03-17 17:36:00,-13.979999542236328,18.329999923706055,556.0,11.649999618530273,7.769999980926514,861.0,-162.0
2015-03-17 17:37:00,-14.3100004196167,18.290000915527344,544.7000122070312,10.239999771118164,7.789999961853027,795.0,-163.0
2015-03-17 17:38:00,-14.899999618530273,17.899999618530273,,99.98999786376953,,689.0,-164.0
2015-03-17 17:39:00,-14.890000343322754,17.079999923706055,,99.98999786376953,,653.0,-164.0
2015-03-17 17:40:00,-14.380000114440918,17.780000686645508,,99.98999786376953,,657.0,-162.0
2015-03-17 17:41:00,-15.380000114440918,16.469999313354492,,99.98999786376953,,661.0,-159.0
2015-03-17 17:42:00,-14.260000228881836,17.479999542236328,562.5999755859375,11.489999771118164,8.020000457763672,606.0,-157.0
2015-03-17 17:43:00,-14.75,17.15999984741211,560.7000122070312,11.050000190734863,8.270000457763672,525.0,-154.0
2015-03-17 17:44:00,-14.949999809265137,16.860000610351562,554.4000244140625,9.6899995803833,8.289999961853027,541.0,-151.0
2015-03-17 17:45:00,-13.529999732971191,16.889999389648438,554.4000244140625,9.6899995803833,7.5,707.0,-147.0
2015-03-17 17:46:00,-13.930000305175781,15.199999809265137,,99.98999786376953,,1147.0,-144.0
2015-03-17 17:47:00,-11.890000343322754,17.860000610351562,,99.98999786376953,,1545.0,-142.0
2015-03-17 17:48:00,-13.15999984741211,15.760000228881836,584.4000244140625,11.649999618530273,7.690000057220459,1189.0,-139.0
2015-03-17 17:49:00,-12.380000114440918,16.329999923706055,590.9000244140625,10.930000305175781,7.320000171661377,1029.0,-136.0
2015-03-17 17:50:00,-7.570000171661377,20.209999084472656,590.0,11.9399995803833,4.46999979019165,1163.0,-135.0
2015-03-17 17:51:00,-12.720000267028809,15.970000267028809,585.5999755859375,13.260000228881836,7.449999809265137,1181.0,-136.0
2015-03-17 17:52:00,-14.0600004196167,15.270000457763672,,99.98999786376953,,1074.0,-136.0
2015-03-17 17:53:00,-16.0,12.300000190734863,,99.98999786376953,,974.0,-136.0
2015-03-17 17:54:00,-18.8700008392334,6.289999961853027,,99.98999786376953,,892.0,-135.0
2015-03-17 17:55:00,-18.719999313354492,8.149999618530273,,99.98999786376953,,816.0,-136.0
2015-03-17 17:56:00,-13.649999618530273,17.0,592.7999877929688,10.989999771118164,8.09000015258789,855.0,-136.0
2015-03-17 17:57:00,-12.0600004196167,18.450000762939453,592.7999877929688,10.989999771118164,7.150000095367432,901.0,-136.0
2015-03-17 17:58:00,,,,99.98999786376953,,954.0,-138.0
2015-03-17 17:59:00,,,,99.98999786376953,,896.0,-139.0
2015-03-17 18:00:00,-14.489999771118164,12.510000228881836,575.5,12.329999923706055,8.34000015258789,834.0,-139.0
2015-03-17 18:01:00,-15.09000015258789,12.199999809265137,575.5,12.329999923706055,8.680000305175781,842.0,-139.0
2015-03-17 18:02:00,-14.359999656677246,13.5,575.5,12.329999923706055,8.260000228881836,826.0,-140.0
2015-03-17 18:03:00,-16.450000762939453,12.359999656677246,,99.98999786376953,,825.0,-140.0
2015-03-17 18:04:00,-14.680000305175781,17.489999771118164,549.5999755859375,12.0600004196167,8.069999694824219,856.0,-139.0
2015-03-17 18:05:00,-14.720000267028809,16.940000534057617,550.2999877929688,11.819999694824219,8.100000381469727,889.0,-140.0
2015-03-17 18:06:00,-14.109999656677246,17.09000015258789,558.2000122070312,10.8100004196167,7.880000114440918,900.0,-140.0
2015-03-17 18:07:00,-14.680000305175781,17.110000610351562,564.7999877929688,10.869999885559082,8.289999961853027,1029.0,-140.0
2015-03-17 18:08:00,-14.050000190734863,16.950000762939453,561.2999877929688,11.199999809265137,7.889999866485596,1311.0,-141.0
2015-03-17 18:09:00,-11.779999732971191,14.720000267028809,567.5,10.399999618530273,6.690000057220459,1322.0,-141.0
2015-03-17 18:10:00,-10.520000457763672,14.270000457763672,576.0,9.930000305175781,6.059999942779541,1391.0,-141.0
2015-03-17 18:11:00,-10.239999771118164,12.59000015258789,576.9000244140625,10.220000267028809,5.909999847412109,1513.0,-142.0
2015-03-17 18:12:00,-8.020000457763672,11.180000305175781,581.2999877929688,9.180000305175781,4.659999847412109,1472.0,-144.0
2015-03-17 18:13:00,-6.489999771118164,11.869999885559082,576.9000244140625,9.109999656677246,3.740000009536743,1406.0,-145.0
2015-03-17 18:14:00,-6.059999942779541,10.449999809265137,583.2999877929688,8.84000015258789,3.5299999713897705,1427.0,-144.0
2015-03-17 18:15:00,-9.520000457763672,12.90999984741211,,99.98999786376953,,1477.0,-144.0
2015-03-17 18:16:00,-8.359999656677246,11.75,583.4000244140625,9.739999771118164,4.880000114440918,1533.0,-144.0
2015-03-17 18:17:00,-9.9399995803833,12.869999885559082,583.4000244140625,9.739999771118164,5.800000190734863,1506.0,-145.0
2015-03-17 18:18:00,-8.960000038146973,13.729999542236328,,99.98999786376953,,1409.0,-146.0
2015-03-17 18:19:00,-9.050000190734863,13.9399995803833,570.2000122070312,9.710000038146973,5.159999847412109,1377.0,-147.0
2015-03-17 18:20:00,-11.050000190734863,13.880000114440918,573.7999877929688,9.770000457763672,6.340000152587891,1428.0,-146.0
2015-03-17 18:21:00,-11.239999771118164,13.729999542236328,568.4000244140625,10.069999694824219,6.389999866485596,1420.0,-146.0
2015-03-17 18:22:00,-8.779999732971191,14.289999961853027,573.7000122070312,9.850000381469727,5.039999961853027,1422.0,-145.0
2015-03-17 18:23:00,-4.159999847412109,12.550000190734863,581.0,9.5,2.4200000762939453,1370.0,-146.0
2015-03-17 18:24:00,-5.170000076293945,13.109999656677246,583.0,8.100000381469727,3.009999990463257,1275.0,-146.0
2015-03-17 18:25:00,-6.389999866485596,13.180000305175781,580.7999877929688,7.989999771118164,3.7100000381469727,1297.0,-146.0
2015-03-17 18:26:00,-7.159999847412109,14.260000228881836,,99.98999786376953,,1329.0,-145.0
2015-03-17 18:27:00,-7.869999885559082,14.979999542236328,577.5,9.239999771118164,4.539999961853027,1308.0,-144.0
2015-03-17 18:28:00,-7.960000038146973,15.109999656677246,577.5,9.239999771118164,4.599999904632568,1246.0,-144.0
2015-03-17 18:29:00,-6.980000019073486,14.760000228881836,,99.98999786376953,,1178.0,-143.0
2015-03-17 18:30:00,-11.40999984741211,17.6299991607666,560.2999877929688,10.229999542236328,6.389999866485596,1253.0,-141.0
2015-03-17 18:31:00,-12.3100004196167,16.40999984741211,560.2999877929688,10.229999542236328,6.900000095367432,1256.0,-140.0
2015-03-17 18:32:00,-12.260000228881836,15.460000038146973,567.4000244140625,12.140000343322754,6.960000038146973,1297.0,-140.0
2015-03-17 18:33:00,-12.489999771118164,15.989999771118164,566.5999755859375,13.09000015258789,7.079999923706055,1377.0,-139.0
2015-03-17 18:34:00,-14.149999618530273,15.170000076293945,566.5,13.140000343322754,8.020000457763672,1491.0,-139.0
2015-03-17 18:35:00,-13.119999885559082,16.190000534057617,563.5,13.039999961853027,7.389999866485596,1616.0,-139.0
2015-03-17 18:36:00,-11.569999694824219,16.459999084472656,563.5,12.869999885559082,6.519999980926514,1654.0,-137.0
2015-03-17 18:37:00,-10.699999809265137,18.010000228881836,565.7000122070312,11.1899995803833,6.050000190734863,1596.0,-136.0
2015-03-17 18:38:00,-6.659999847412109,18.270000457763672,566.2999877929688,10.210000038146973,3.7699999809265137,1448.0,-137.0
2015-03-17 18:39:00,-6.21999979019165,18.81999969482422,560.7000122070312,9.0,3.490000009536743,1427.0,-136.0
2015-03-17 18:40:00,-5.670000076293945,18.530000686645508,562.4000244140625,10.40999984741211,3.190000057220459,1412.0,-137.0
2015-03-17 18:41:00,-5.570000171661377,18.420000076293945,563.4000244140625,10.960000038146973,3.140000104904175,1334.0,-138.0
2015-03-17 18:42:00,-9.630000114440918,17.809999465942383,,99.98999786376953,,1286.0,-139.0
2015-03-17 18:43:00,-9.260000228881836,17.65999984741211,555.0,10.229999542236328,5.139999866485596,1251.0,-141.0
2015-03-17 18:44:00,-12.449999809265137,16.260000228881836,547.0,10.300000190734863,6.809999942779541,1215.0,-140.0
2015-03-17 18:45:00,-12.609999656677246,17.329999923706055,547.4000244140625,11.329999923706055,6.900000095367432,1178.0,-139.0
2015-03-17 18:46:00,-15.899999618530273,15.529999732971191,553.2999877929688,13.039999961853027,8.800000190734863,1086.0,-140.0
2015-03-17 18:47:00,-18.170000076293945,12.75,560.2999877929688,12.09000015258789,10.180000305175781,1078.0,-141.0
2015-03-17 18:48:00,-14.649999618530273,15.609999656677246,560.7000122070312,11.960000038146973,8.210000038146973,1077.0,-142.0
2015-03-17 18:49:00,-13.0,16.31999969482422,562.5999755859375,11.100000381469727,7.309999942779541,1100.0,-141.0
2015-03-17 18:50:00,-15.020000457763672,13.880000114440918,556.2000122070312,9.9399995803833,8.350000381469727,1105.0,-142.0
2015-03-17 18:51:00,-19.420000076293945,10.5,545.7000122070312,8.180000305175781,10.600000381469727,1119.0,-141.0
2015-03-17 18:52:00,-19.8700008392334,10.369999885559082,548.2999877929688,5.619999885559082,10.890000343322754,1151.0,-142.0
2015-03-17 18:53:00,-20.100000381469727,10.029999732971191,542.0999755859375,7.190000057220459,10.899999618530273,1156.0,-143.0
2015-03-17 18:54:00,-20.420000076293945,9.5600004196167,538.9000244140625,6.329999923706055,11.0,1136.0,-147.0
2015-03-17 18:55:00,-21.290000915527344,8.600000381469727,538.5999755859375,6.210000038146973,11.470000267028809,1139.0,-149.0
2015-03-17 18:56:00,-21.889999389648438,8.229999542236328,537.2999877929688,5.639999866485596,11.760000228881836,1202.0,-149.0
2015-03-17 18:57:00,-20.709999084472656,8.59000015258789,539.7999877929688,7.539999961853027,11.180000305175781,1208.0,-150.0
2015-03-17 18:58:00,-17.479999542236328,14.300000190734863,548.2000122070312,6.940000057220459,9.579999923706055,1205.0,-149.0
2015-03-17 18:59:00,-13.6899995803833,16.959999084472656,552.2000122070312,6.920000076293945,7.559999942779541,1237.0,-146.0
2015-03-17 19:00:00,-10.220000267028809,21.780000686645508,,99.98999786376953,,1254.0,-143.0
2015-03-17 19:01:00,-6.789999961853027,24.719999313354492,,99.98999786376953,,1338.0,-143.0
2015-03-17 19:02:00,0.5099999904632568,23.440000534057617,532.2000122070312,5.909999847412109,-0.27000001072883606,1387.0,-144.0
2015-03-17 19:03:00,4.070000171661377,21.579999923706055,538.7000122070312,5.260000228881836,-2.190000057220459,1420.0,-144.0
2015-03-17 19:04:00,7.78000020980835,19.780000686645508,,99.98999786376953,,1409.0,-145.0
2015-03-17 19:05:00,11.0600004196167,17.780000686645508,,99.98999786376953,,1357.0,-146.0
2015-03-17 19:06:00,10.380000114440918,16.940000534057617,,99.98999786376953,,1315.0,-147.0
2015-03-17 19:07:00,-10.449999809265137,13.819999694824219,522.9000244140625,10.670000076293945,5.460000038146973,1356.0,-145.0
2015-03-17 19:08:00,-12.430000305175781,12.3100004196167,522.9000244140625,10.670000076293945,6.5,1542.0,-144.0
2015-03-17 19:09:00,-11.699999809265137,12.15999984741211,521.9000244140625,8.930000305175781,6.110000133514404,1515.0,-145.0
2015-03-17 19:10:00,-11.649999618530273,12.5600004196167,528.2000122070312,8.800000190734863,6.150000095367432,1444.0,-146.0
2015-03-17 19:11:00,-9.75,12.270000457763672,535.4000244140625,9.100000381469727,5.21999979019165,1470.0,-147.0
2015-03-17 19:12:00,-12.239999771118164,9.649999618530273,543.5,7.389999866485596,6.650000095367432,1557.0,-150.0
2015-03-17 19:13:00,-11.800000190734863,8.699999809265137,547.4000244140625,7.190000057220459,6.460000038146973,1520.0,-152.0
2015-03-17 19:14:00,-11.869999885559082,9.220000267028809,547.4000244140625,7.190000057220459,6.5,1429.0,-156.0
2015-03-17 19:15:00,-11.609999656677246,7.28000020980835,547.9000244140625,7.139999866485596,6.360000133514404,1295.0,-159.0
2015-03-17 19:16:00,-12.59000015258789,6.610000133514404,548.4000244140625,7.190000057220459,6.900000095367432,1279.0,-160.0
2015-03-17 19:17:00,-12.430000305175781,6.840000152587891,549.2999877929688,7.260000228881836,6.829999923706055,1298.0,-159.0
2015-03-17 19:18:00,-12.630000114440918,6.980000019073486,551.5999755859375,6.079999923706055,6.96999979019165,1182.0,-160.0
2015-03-17 19:19:00,-13.470000267028809,5.690000057220459,552.0999755859375,6.690000057220459,7.440000057220459,1227.0,-161.0
2015-03-17 19:20:00,-13.600000381469727,6.409999847412109,558.0,5.539999961853027,7.590000152587891,1170.0,-162.0
2015-03-17 19:21:00,-13.4399995803833,6.699999809265137,557.4000244140625,5.639999866485596,7.489999771118164,1080.0,-164.0
2015-03-17 19:22:00,-12.880000114440918,7.519999980926514,554.9000244140625,5.889999866485596,7.150000095367432,990.0,-165.0
2015-03-17 19:23:00,-12.6899995803833,7.369999885559082,556.2999877929688,5.480000019073486,7.059999942779541,977.0,-166.0
2015-03-17 19:24:00,-12.949999809265137,5.340000152587891,555.2999877929688,5.75,7.190000057220459,940.0,-166.0
2015-03-17 19:25:00,-13.109999656677246,4.639999866485596,553.7000122070312,6.019999980926514,7.260000228881836,937.0,-166.0
2015-03-17 19:26:00,-12.760000228881836,2.390000104904175,554.2999877929688,6.050000190734863,7.070000171661377,940.0,-164.0
2015-03-17 19:27:00,-12.670000076293945,3.259999990463257,554.7999877929688,5.869999885559082,7.03000020980835,975.0,-163.0
2015-03-17 19:28:00,-13.789999961853027,6.960000038146973,554.7999877929688,5.610000133514404,7.650000095367432,1118.0,-165.0
2015-03-17 19:29:00,-14.65999984741211,7.78000020980835,556.4000244140625,4.619999885559082,8.15999984741211,1203.0,-170.0
2015-03-17 19:30:00,-14.3100004196167,7.489999771118164,555.5,4.300000190734863,7.949999809265137,1144.0,-171.0
2015-03-17 19:31:00,-14.100000381469727,6.860000133514404,553.9000244140625,4.710000038146973,7.809999942779541,1111.0,-171.0
2015-03-17 19:32:00,-14.079999923706055,6.809999942779541,553.4000244140625,4.840000152587891,7.789999961853027,1093.0,-169.0
2015-03-17 19:33:00,-13.880000114440918,6.360000133514404,553.7000122070312,5.639999866485596,7.690000057220459,1035.0,-167.0
2015-03-17 19:34:00,-13.260000228881836,7.809999942779541,557.2000122070312,4.71999979019165,7.389999866485596,970.0,-167.0
2015-03-17 19:35:00,-13.390000343322754,7.730000019073486,564.0999755859375,3.9700000286102295,7.550000190734863,979.0,-166.0
2015-03-17 19:36:00,-14.279999732971191,6.460000038146973,562.5999755859375,4.03000020980835,8.029999732971191,954.0,-167.0
2015-03-17 19:37:00,-14.449999809265137,5.889999866485596,559.4000244140625,3.7799999713897705,8.079999923706055,904.0,-172.0
2015-03-17 19:38:00,-14.420000076293945,6.420000076293945,558.5,3.3399999141693115,8.050000190734863,880.0,-173.0
2015-03-17 19:39:00,-14.649999618530273,5.21999979019165,557.4000244140625,3.940000057220459,8.170000076293945,854.0,-172.0
2015-03-17 19:40:00,-15.039999961853027,3.700000047683716,552.5999755859375,3.6600000858306885,8.3100004196167,750.0,-172.0
2015-03-17 19:41:00,-15.069999694824219,4.349999904632568,554.0,3.7699999809265137,8.350000381469727,636.0,-171.0
2015-03-17 19:42:00,-15.420000076293945,3.0299999713897705,553.5999755859375,3.5399999618530273,8.539999961853027,612.0,-169.0
2015-03-17 19:43:00,-15.720000267028809,3.430000066757202,555.2999877929688,3.3499999046325684,8.729999542236328,613.0,-168.0
2015-03-17 19:44:00,-15.819999694824219,3.490000009536743,554.9000244140625,3.3399999141693115,8.779999732971191,614.0,-167.0
2015-03-17 19:45:00,-14.869999885559082,5.590000152587891,552.7000122070312,3.430000066757202,8.220000267028809,635.0,-167.0
2015-03-17 19:46:00,-14.739999771118164,6.170000076293945,555.5,3.569999933242798,8.1899995803833,679.0,-169.0
2015-03-17 19:47:00,-13.789999961853027,1.7200000286102295,565.7000122070312,4.880000114440918,7.800000190734863,606.0,-173.0
2015-03-17 19:48:00,-14.170000076293945,6.690000057220459,567.9000244140625,4.28000020980835,8.050000190734863,531.0,-173.0
2015-03-17 19:49:00,-14.789999961853027,5.21999979019165,571.4000244140625,4.119999885559082,8.449999809265137,511.0,-169.0
2015-03-17 19:50:00,-15.229999542236328,4.380000114440918,571.7999877929688,3.9800000190734863,8.710000038146973,423.0,-163.0
2015-03-17 19:51:00,-14.84000015258789,6.039999961853027,571.7999877929688,3.9700000286102295,8.489999771118164,403.0,-165.0
2015-03-17 19:52:00,-14.220000267028809,7.170000076293945,571.2999877929688,4.869999885559082,8.119999885559082,420.0,-167.0
2015-03-17 19:53:00,-14.5,6.349999904632568,571.2000122070312,4.739999771118164,8.279999732971191,430.0,-167.0
2015-03-17 19:54:00,-15.399999618530273,4.670000076293945,570.7000122070312,3.8399999141693115,8.789999961853027,479.0,-165.0
2015-03-17 19:55:00,-15.449999809265137,3.869999885559082,567.5,4.659999847412109,8.770000457763672,494.0,-165.0
2015-03-17 19:56:00,-15.529999732971191,3.6700000762939453,567.9000244140625,4.130000114440918,8.819999694824219,477.0,-165.0
2015-03-17 19:57:00,-15.40999984741211,3.4000000953674316,568.7000122070312,3.9100000858306885,8.760000228881836,488.0,-164.0
2015-03-17 19:58:00,-14.989999771118164,3.0199999809265137,573.2000122070312,4.510000228881836,8.59000015258789,513.0,-161.0
2015-03-17 19:59:00,-15.149999618530273,1.340000033378601,577.7999877929688,4.510000228881836,8.75,545.0,-161.0
2015-03-17 20:00:00,-15.25,1.5099999904632568,563.5,4.929999828338623,8.59000015258789,805.0,-161.0
2015-03-17 20:01:00,-15.109999656677246,1.590000033378601,562.4000244140625,4.889999866485596,8.5,1056.0,-160.0
2015-03-17 20:02:00,-15.109999656677246,2.930000066757202,558.4000244140625,4.75,8.4399995803833,1180.0,-160.0
2015-03-17 20:03:00,-15.510000228881836,1.5,559.2999877929688,4.409999847412109,8.670000076293945,1082.0,-160.0
2015-03-17 20:04:00,-15.430000305175781,1.0499999523162842,559.0999755859375,3.8299999237060547,8.630000114440918,1041.0,-158.0
2015-03-17 20:05:00,-15.4399995803833,1.0399999618530273,559.0999755859375,4.059999942779541,8.630000114440918,1032.0,-158.0
2015-03-17 20:06:00,-15.229999542236328,0.7400000095367432,565.0999755859375,4.440000057220459,8.609999656677246,1008.0,-157.0
2015-03-17 20:07:00,-14.8100004196167,1.7599999904632568,569.4000244140625,5.159999847412109,8.430000305175781,944.0,-157.0
2015-03-17 20:08:00,-14.470000267028809,3.5899999141693115,569.2999877929688,4.929999828338623,8.239999771118164,1302.0,-156.0
2015-03-17 20:09:00,-14.079999923706055,3.9800000190734863,570.2000122070312,5.21999979019165,8.029999732971191,1171.0,-154.0
2015-03-17 20:10:00,-14.210000038146973,4.610000133514404,562.7000122070312,4.78000020980835,8.0,1007.0,-153.0
2015-03-17 20:11:00,-14.1899995803833,5.179999828338623,561.7999877929688,4.760000228881836,7.96999979019165,823.0,-154.0
2015-03-17 20:12:00,-14.710000038146973,4.960000038146973,565.0,4.510000228881836,8.3100004196167,834.0,-155.0
2015-03-17 20:13:00,-14.859999656677246,5.099999904632568,567.5999755859375,4.210000038146973,8.430000305175781,1355.0,-158.0
2015-03-17 20:14:00,-14.729999542236328,5.409999847412109,567.0999755859375,4.210000038146973,8.350000381469727,1344.0,-160.0
2015-03-17 20:15:00,-14.760000228881836,5.690000057220459,564.2999877929688,4.539999961853027,8.329999923706055,1148.0,-162.0
2015-03-17 20:16:00,-14.149999618530273,6.809999942779541,563.2000122070312,4.489999771118164,7.96999979019165,943.0,-162.0
2015-03-17 20:17:00,-13.729999542236328,7.190000057220459,561.0,4.489999771118164,7.699999809265137,766.0,-164.0
2015-03-17 20:18:00,-13.899999618530273,7.510000228881836,561.2000122070312,4.489999771118164,7.800000190734863,676.0,-164.0
2015-03-17 20:19:00,-13.649999618530273,7.199999809265137,560.7000122070312,4.019999980926514,7.650000095367432,792.0,-163.0
2015-03-17 20:20:00,-14.739999771118164,3.5,561.2000122070312,4.320000171661377,8.270000457763672,1026.0,-163.0
2015-03-17 20:21:00,-15.279999732971191,2.359999895095825,557.9000244140625,4.789999961853027,8.520000457763672,1171.0,-164.0
2015-03-17 20:22:00,-15.199999809265137,2.430000066757202,556.2999877929688,4.730000019073486,8.460000038146973,1231.0,-165.0
2015-03-17 20:23:00,-15.09000015258789,-0.5,558.9000244140625,4.369999885559082,8.430000305175781,1214.0,-165.0
2015-03-17 20:24:00,-14.329999923706055,4.980000019073486,554.5999755859375,4.820000171661377,7.949999809265137,1215.0,-164.0
2015-03-17 20:25:00,-14.729999542236328,4.550000190734863,554.5999755859375,4.820000171661377,8.170000076293945,1234.0,-164.0
2015-03-17 20:26:00,-15.140000343322754,2.4600000381469727,554.5,4.96999979019165,8.399999618530273,1196.0,-165.0
2015-03-17 20:27:00,-15.210000038146973,3.2699999809265137,554.4000244140625,4.5,8.430000305175781,1142.0,-167.0
2015-03-17 20:28:00,-15.680000305175781,2.4100000858306885,556.2000122070312,4.03000020980835,8.720000267028809,1114.0,-168.0
2015-03-17 20:29:00,-15.550000190734863,2.950000047683716,559.7999877929688,3.950000047683716,8.699999809265137,1123.0,-169.0
2015-03-17 20:30:00,-15.850000381469727,3.0799999237060547,559.7000122070312,4.349999904632568,8.869999885559082,1126.0,-170.0
2015-03-17 20:31:00,-15.670000076293945,4.130000114440918,556.2000122070312,4.079999923706055,8.720000267028809,1115.0,-170.0
2015-03-17 20:32:00,-16.06999969482422,3.3299999237060547,554.2999877929688,4.090000152587891,8.90999984741211,1047.0,-169.0
2015-03-17 20:33:00,-16.290000915527344,3.0299999713897705,552.7000122070312,3.619999885559082,9.0,1033.0,-170.0
2015-03-17 20:34:00,-16.25,2.8499999046325684,550.7000122070312,3.880000114440918,8.949999809265137,1079.0,-168.0
2015-03-17 20:35:00,-16.270000457763672,1.9800000190734863,549.2000122070312,3.819999933242798,8.9399995803833,1246.0,-168.0
2015-03-17 20:36:00,-16.15999984741211,0.9100000262260437,546.2999877929688,4.199999809265137,8.829999923706055,1237.0,-167.0
2015-03-17 20:37:00,-16.600000381469727,0.009999999776482582,548.5999755859375,4.079999923706055,9.109999656677246,1164.0,-167.0
2015-03-17 20:38:00,-16.399999618530273,0.03999999910593033,550.5,3.640000104904175,9.029999732971191,923.0,-167.0
2015-03-17 20:39:00,-16.469999313354492,0.41999998688697815,554.7999877929688,3.869999885559082,9.140000343322754,867.0,-168.0
2015-03-17 20:40:00,-16.360000610351562,-0.27000001072883606,552.2999877929688,3.799999952316284,9.039999961853027,867.0,-170.0
2015-03-17 20:41:00,-16.09000015258789,-1.3300000429153442,553.5999755859375,3.809999942779541,8.90999984741211,829.0,-172.0
2015-03-17 20:42:00,-15.270000457763672,-2.740000009536743,559.7000122070312,4.360000133514404,8.550000190734863,755.0,-173.0
2015-03-17 20:43:00,-14.890000343322754,-2.940000057220459,566.5999755859375,4.429999828338623,8.4399995803833,722.0,-173.0
2015-03-17 20:44:00,-15.880000114440918,-1.25,561.7999877929688,4.420000076293945,8.920000076293945,777.0,-172.0
2015-03-17 20:45:00,-16.469999313354492,1.7699999809265137,551.9000244140625,4.840000152587891,9.09000015258789,1046.0,-171.0
2015-03-17 20:46:00,-16.40999984741211,2.009999990463257,551.4000244140625,4.260000228881836,9.050000190734863,1204.0,-169.0
2015-03-17 20:47:00,-16.5,3.3399999141693115,546.9000244140625,4.210000038146973,9.020000457763672,1286.0,-166.0
2015-03-17 20:48:00,-17.010000228881836,2.5399999618530273,547.7000122070312,4.179999828338623,9.319999694824219,1213.0,-163.0
2015-03-17 20:49:00,-17.190000534057617,2.609999895095825,550.2000122070312,4.039999961853027,9.460000038146973,1161.0,-162.0
2015-03-17 20:50:00,-16.969999313354492,0.25,547.4000244140625,3.8399999141693115,9.289999961853027,1267.0,-162.0
2015-03-17 20:51:00,-16.299999237060547,-0.5799999833106995,562.0,5.260000228881836,9.15999984741211,1322.0,-162.0
2015-03-17 20:52:00,-16.639999389648438,0.10000000149011612,566.5999755859375,5.349999904632568,9.430000305175781,1364.0,-164.0
2015-03-17 20:53:00,-17.31999969482422,0.7799999713897705,545.7999877929688,4.050000190734863,9.449999809265137,1363.0,-165.0
2015-03-17 20:54:00,-17.100000381469727,2.190000057220459,546.7000122070312,4.059999942779541,9.350000381469727,1444.0,-164.0
2015-03-17 20:55:00,-17.56999969482422,1.9500000476837158,549.4000244140625,4.110000133514404,9.649999618530273,1435.0,-165.0
2015-03-17 20:56:00,-17.3799991607666,1.7799999713897705,,99.98999786376953,,1272.0,-166.0
2015-03-17 20:57:00,-17.68000030517578,0.9800000190734863,540.5,4.070000171661377,9.5600004196167,1083.0,-165.0
2015-03-17 20:58:00,-17.56999969482422,0.3199999928474426,540.5,4.070000171661377,9.5,882.0,-167.0
2015-03-17 20:59:00,-16.520000457763672,5.460000038146973,542.9000244140625,4.03000020980835,8.970000267028809,775.0,-169.0
2015-03-17 21:00:00,-16.809999465942383,5.360000133514404,544.7999877929688,4.369999885559082,9.15999984741211,956.0,-171.0
2015-03-17 21:01:00,-16.93000030517578,4.460000038146973,543.5,3.9000000953674316,9.199999809265137,1196.0,-171.0
2015-03-17 21:02:00,-16.700000762939453,5.010000228881836,547.5,4.269999980926514,9.140000343322754,1397.0,-172.0
2015-03-17 21:03:00,-16.649999618530273,5.789999961853027,541.5,4.010000228881836,9.020000457763672,1521.0,-171.0
2015-03-17 21:04:00,-16.979999542236328,3.25,544.2999877929688,3.690000057220459,9.239999771118164,1488.0,-169.0
2015-03-17 21:05:00,-16.850000381469727,2.4000000953674316,554.2000122070312,3.7699999809265137,9.34000015258789,1307.0,-166.0
2015-03-17 21:06:00,-16.8799991607666,2.809999942779541,558.0999755859375,3.819999933242798,9.420000076293945,1234.0,-164.0
2015-03-17 21:07:00,-16.860000610351562,1.3600000143051147,561.7999877929688,4.460000038146973,9.470000267028809,1108.0,-164.0
2015-03-17 21:08:00,-16.790000915527344,1.4199999570846558,561.9000244140625,4.5,9.430000305175781,1180.0,-165.0
2015-03-17 21:09:00,-16.90999984741211,1.5299999713897705,553.7999877929688,4.119999885559082,9.359999656677246,1383.0,-165.0
2015-03-17 21:10:00,-17.260000228881836,2.3299999237060547,546.4000244140625,3.630000114440918,9.430000305175781,1432.0,-166.0
2015-03-17 21:11:00,-17.350000381469727,2.7300000190734863,546.4000244140625,3.6700000762939453,9.479999542236328,1514.0,-166.0
2015-03-17 21:12:00,-17.440000534057617,0.38999998569488525,548.0999755859375,4.010000228881836,9.5600004196167,1476.0,-167.0
2015-03-17 21:13:00,-17.34000015258789,0.4000000059604645,549.7000122070312,4.28000020980835,9.529999732971191,1375.0,-167.0
2015-03-17 21:14:00,-17.31999969482422,2.180000066757202,558.5,3.869999885559082,9.670000076293945,1329.0,-171.0
2015-03-17 21:15:00,-17.709999084472656,0.9200000166893005,556.9000244140625,3.869999885559082,9.859999656677246,1246.0,-172.0
2015-03-17 21:16:00,-17.75,-2.930000066757202,552.5999755859375,3.869999885559082,9.8100004196167,1382.0,-173.0
2015-03-17 21:17:00,-17.899999618530273,-3.1700000762939453,552.7999877929688,5.75,9.899999618530273,1595.0,-175.0
2015-03-17 21:18:00,-17.700000762939453,-3.630000114440918,550.7999877929688,5.849999904632568,9.75,1814.0,-176.0
2015-03-17 21:19:00,-17.8700008392334,-3.319999933242798,550.7999877929688,4.539999961853027,9.84000015258789,1900.0,-176.0
2015-03-17 21:20:00,-18.239999771118164,0.07999999821186066,553.5999755859375,4.849999904632568,10.100000381469727,1828.0,-174.0
2015-03-17 21:21:00,-18.209999084472656,1.6799999475479126,552.2999877929688,3.8399999141693115,10.0600004196167,1685.0,-174.0
2015-03-17 21:22:00,-18.020000457763672,3.8299999237060547,553.5999755859375,3.799999952316284,9.979999542236328,1602.0,-175.0
2015-03-17 21:23:00,-17.719999313354492,4.789999961853027,555.2000122070312,3.7200000286102295,9.84000015258789,1612.0,-177.0
2015-03-17 21:24:00,-17.360000610351562,5.28000020980835,554.5999755859375,3.680000066757202,9.630000114440918,1551.0,-180.0
2015-03-17 21:25:00,-17.219999313354492,5.78000020980835,556.7999877929688,3.5999999046325684,9.59000015258789,1400.0,-180.0
2015-03-17 21:26:00,-16.760000228881836,6.619999885559082,558.9000244140625,3.630000114440918,9.369999885559082,1293.0,-180.0
2015-03-17 21:27:00,-16.290000915527344,7.619999885559082,562.0,3.7799999713897705,9.149999618530273,1256.0,-179.0
2015-03-17 21:28:00,-16.59000015258789,5.650000095367432,563.0999755859375,3.8299999237060547,9.34000015258789,1091.0,-178.0
2015-03-17 21:29:00,-16.719999313354492,5.420000076293945,564.2000122070312,3.9000000953674316,9.430000305175781,924.0,-178.0
2015-03-17 21:30:00,-15.40999984741211,9.510000228881836,,99.98999786376953,,793.0,-177.0
2015-03-17 21:31:00,-14.8100004196167,11.210000038146973,,99.98999786376953,,759.0,-177.0
2015-03-17 21:32:00,-15.170000076293945,10.34000015258789,,99.98999786376953,,790.0,-177.0
2015-03-17 21:33:00,-15.539999961853027,10.0,,99.98999786376953,,906.0,-177.0
2015-03-17 21:34:00,-15.960000038146973,9.380000114440918,,99.98999786376953,,1111.0,-179.0
2015-03-17 21:35:00,-15.510000228881836,9.65999984741211,554.0,3.940000057220459,8.59000015258789,1179.0,-180.0
2015-03-17 21:36:00,-16.350000381469727,8.039999961853027,558.9000244140625,3.9000000953674316,9.140000343322754,1274.0,-182.0
2015-03-17 21:37:00,-15.3100004196167,9.430000305175781,564.2999877929688,4.039999961853027,8.640000343322754,1366.0,-183.0
2015-03-17 21:38:00,-17.760000228881836,5.760000228881836,564.5999755859375,4.070000171661377,10.029999732971191,1316.0,-183.0
2015-03-17 21:39:00,-19.760000228881836,-0.1599999964237213,538.7999877929688,3.240000009536743,10.649999618530273,1224.0,-184.0
2015-03-17 21:40:00,-19.260000228881836,1.7699999809265137,548.7999877929688,3.990000009536743,10.569999694824219,998.0,-183.0
2015-03-17 21:41:00,-19.020000457763672,0.49000000953674316,547.5,3.619999885559082,10.40999984741211,805.0,-183.0
2015-03-17 21:42:00,-19.420000076293945,-3.440000057220459,545.7000122070312,4.340000152587891,10.600000381469727,813.0,-184.0
2015-03-17 21:43:00,-19.329999923706055,-3.2699999809265137,541.2000122070312,4.630000114440918,10.460000038146973,836.0,-186.0
2015-03-17 21:44:00,-19.479999542236328,-2.2699999809265137,545.0,3.5799999237060547,10.619999885559082,947.0,-187.0
2015-03-17 21:45:00,-19.90999984741211,0.18000000715255737,539.0,2.869999885559082,10.729999542236328,1166.0,-189.0
2015-03-17 21:46:00,-19.5,-1.2000000476837158,546.5999755859375,3.2699999809265137,10.65999984741211,1335.0,-190.0
2015-03-17 21:47:00,-19.139999389648438,1.9600000381469727,548.9000244140625,3.2799999713897705,10.510000228881836,1303.0,-191.0
2015-03-17 21:48:00,-19.459999084472656,-0.20000000298023224,541.4000244140625,3.2300000190734863,10.539999961853027,1283.0,-193.0
2015-03-17 21:49:00,-19.530000686645508,0.4099999964237213,541.4000244140625,3.2300000190734863,10.569999694824219,1227.0,-194.0
2015-03-17 21:50:00,-19.670000076293945,0.8500000238418579,541.7000122070312,2.9000000953674316,10.65999984741211,1130.0,-194.0
2015-03-17 21:51:00,-19.850000381469727,1.909999966621399,541.7000122070312,2.9000000953674316,10.75,994.0,-194.0
2015-03-17 21:52:00,-19.5,5.230000019073486,545.2000122070312,3.4800000190734863,10.630000114440918,749.0,-193.0
2015-03-17 21:53:00,-19.739999771118164,2.0199999809265137,545.2000122070312,3.4800000190734863,10.760000228881836,606.0,-194.0
2015-03-17 21:54:00,-19.610000610351562,2.7899999618530273,545.0,3.259999990463257,10.6899995803833,649.0,-194.0
2015-03-17 21:55:00,-19.639999389648438,3.9100000858306885,540.9000244140625,3.2200000286102295,10.619999885559082,676.0,-192.0
2015-03-17 21:56:00,-19.559999465942383,2.809999942779541,542.2000122070312,3.4700000286102295,10.609999656677246,723.0,-192.0
2015-03-17 21:57:00,-18.43000030517578,7.070000171661377,542.5,3.4100000858306885,10.0,701.0,-192.0
2015-03-17 21:58:00,-18.3700008392334,6.570000171661377,543.2999877929688,3.130000114440918,9.979999542236328,696.0,-193.0
2015-03-17 21:59:00,-18.149999618530273,7.46999979019165,538.5,3.2100000381469727,9.770000457763672,723.0,-195.0
2015-03-17 22:00:00,-18.200000762939453,7.039999961853027,540.7999877929688,3.180000066757202,9.84000015258789,746.0,-196.0
2015-03-17 22:01:00,-18.530000686645508,6.070000171661377,544.2000122070312,3.259999990463257,10.079999923706055,769.0,-197.0
2015-03-17 22:02:00,-18.229999542236328,6.630000114440918,544.4000244140625,3.259999990463257,9.920000076293945,746.0,-199.0
2015-03-17 22:03:00,-18.540000915527344,5.679999828338623,544.2000122070312,3.9200000762939453,10.09000015258789,715.0,-199.0
2015-03-17 22:04:00,-18.06999969482422,7.239999771118164,542.7999877929688,4.150000095367432,9.8100004196167,653.0,-199.0
2015-03-17 22:05:00,-17.09000015258789,9.210000038146973,540.9000244140625,4.599999904632568,9.239999771118164,579.0,-200.0
2015-03-17 22:06:00,-16.399999618530273,10.550000190734863,540.7999877929688,4.510000228881836,8.869999885559082,582.0,-200.0
2015-03-17 22:07:00,-16.690000534057617,9.630000114440918,538.7999877929688,4.460000038146973,8.989999771118164,627.0,-201.0
2015-03-17 22:08:00,-18.049999237060547,5.239999771118164,,99.98999786376953,,630.0,-201.0
2015-03-17 22:09:00,-18.09000015258789,-0.15000000596046448,,99.98999786376953,,625.0,-201.0
2015-03-17 22:10:00,-17.950000762939453,0.75,549.9000244140625,3.869999885559082,9.869999885559082,581.0,-201.0
2015-03-17 22:11:00,-17.5,1.8799999952316284,560.5999755859375,4.579999923706055,9.8100004196167,515.0,-202.0
2015-03-17 22:12:00,-17.239999771118164,1.8200000524520874,565.2999877929688,4.789999961853027,9.75,419.0,-202.0
2015-03-17 22:13:00,-17.8700008392334,1.4600000381469727,,99.98999786376953,,357.0,-202.0
2015-03-17 22:14:00,-18.450000762939453,-0.6700000166893005,555.2000122070312,4.389999866485596,10.239999771118164,314.0,-203.0
2015-03-17 22:15:00,-18.270000457763672,1.7000000476837158,555.2000122070312,4.389999866485596,10.140000343322754,364.0,-204.0
2015-03-17 22:16:00,-17.90999984741211,2.5399999618530273,,99.98999786376953,,409.0,-206.0
2015-03-17 22:17:00,-17.889999389648438,3.5299999713897705,556.2000122070312,4.309999942779541,9.949999809265137,428.0,-207.0
2015-03-17 22:18:00,-18.1200008392334,3.059999942779541,556.2000122070312,4.309999942779541,10.079999923706055,451.0,-209.0
2015-03-17 22:19:00,-18.0,3.069999933242798,550.2999877929688,4.349999904632568,9.90999984741211,480.0,-211.0
2015-03-17 22:20:00,-17.809999465942383,-2.4100000858306885,554.0,4.829999923706055,9.869999885559082,516.0,-212.0
2015-03-17 22:21:00,-16.760000228881836,-10.34000015258789,550.9000244140625,5.360000133514404,9.229999542236328,503.0,-213.0
2015-03-17 22:22:00,-18.549999237060547,-5.909999847412109,549.2000122070312,5.550000190734863,10.1899995803833,502.0,-213.0
2015-03-17 22:23:00,-16.450000762939453,-9.649999618530273,551.2999877929688,5.929999828338623,9.069999694824219,475.0,-212.0
2015-03-17 22:24:00,-19.139999389648438,-5.139999866485596,551.5999755859375,5.880000114440918,10.5600004196167,448.0,-213.0
2015-03-17 22:25:00,-17.0,-9.779999732971191,552.0999755859375,6.28000020980835,9.390000343322754,427.0,-212.0
2015-03-17 22:26:00,-16.65999984741211,-10.180000305175781,557.4000244140625,6.699999809265137,9.289999961853027,429.0,-212.0
2015-03-17 22:27:00,-17.1299991607666,-9.220000267028809,556.2999877929688,6.940000057220459,9.529999732971191,453.0,-212.0
2015-03-17 22:28:00,-17.389999389648438,-8.170000076293945,560.2000122070312,6.78000020980835,9.739999771118164,417.0,-212.0
2015-03-17 22:29:00,-18.170000076293945,-5.650000095367432,565.5,6.429999828338623,10.279999732971191,425.0,-213.0
2015-03-17 22:30:00,-18.079999923706055,-5.599999904632568,566.2000122070312,5.920000076293945,10.239999771118164,438.0,-215.0
2015-03-17 22:31:00,-18.1299991607666,-5.460000038146973,568.2999877929688,5.949999809265137,10.300000190734863,427.0,-214.0
2015-03-17 22:32:00,-18.09000015258789,-5.690000057220459,,99.98999786376953,,457.0,-215.0
2015-03-17 22:33:00,-17.540000915527344,-6.170000076293945,567.0,7.190000057220459,9.949999809265137,425.0,-215.0
2015-03-17 22:34:00,-17.649999618530273,-5.769999980926514,567.0,7.190000057220459,10.010000228881836,406.0,-216.0
2015-03-17 22:35:00,-17.84000015258789,-6.429999828338623,563.5,7.480000019073486,10.050000190734863,399.0,-217.0
2015-03-17 22:36:00,-17.899999618530273,-6.789999961853027,563.5,7.480000019073486,10.09000015258789,406.0,-218.0
2015-03-17 22:37:00,-17.809999465942383,-7.519999980926514,,99.98999786376953,,450.0,-219.0
2015-03-17 22:38:00,-18.219999313354492,-7.010000228881836,558.9000244140625,7.070000171661377,10.180000305175781,468.0,-221.0
2015-03-17 22:39:00,-17.899999618530273,-6.429999828338623,558.9000244140625,7.070000171661377,10.0,458.0,-222.0
2015-03-17 22:40:00,-18.34000015258789,-7.119999885559082,551.0999755859375,6.409999847412109,10.109999656677246,430.0,-224.0
2015-03-17 22:41:00,-18.690000534057617,-6.519999980926514,551.7000122070312,6.409999847412109,10.3100004196167,458.0,-225.0
2015-03-17 22:42:00,-18.850000381469727,-4.909999847412109,556.0,6.019999980926514,10.479999542236328,499.0,-224.0
2015-03-17 22:43:00,-18.469999313354492,-5.019999980926514,559.0999755859375,5.449999809265137,10.329999923706055,496.0,-227.0
2015-03-17 22:44:00,-18.420000076293945,-5.579999923706055,560.0,5.789999961853027,10.319999694824219,466.0,-231.0
2015-03-17 22:45:00,-18.479999542236328,-6.590000152587891,557.9000244140625,6.139999866485596,10.3100004196167,395.0,-233.0
2015-03-17 22:46:00,-18.969999313354492,-4.5,557.5,6.190000057220459,10.579999923706055,352.0,-233.0
2015-03-17 22:47:00,-18.43000030517578,-7.880000114440918,551.5999755859375,6.460000038146973,10.170000076293945,331.0,-234.0
2015-03-17 22:48:00,-17.84000015258789,-9.979999542236328,551.5999755859375,6.460000038146973,9.84000015258789,319.0,-233.0
2015-03-17 22:49:00,-18.40999984741211,-8.800000190734863,547.0,5.739999771118164,10.069999694824219,318.0,-231.0
2015-03-17 22:50:00,-17.739999771118164,-10.229999542236328,549.7000122070312,5.110000133514404,9.75,329.0,-231.0
2015-03-17 22:51:00,-18.040000915527344,-9.029999732971191,550.2000122070312,5.170000076293945,9.930000305175781,308.0,-231.0
2015-03-17 22:52:00,-17.979999542236328,-8.680000305175781,554.9000244140625,6.429999828338623,9.979999542236328,297.0,-230.0
2015-03-17 22:53:00,-17.920000076293945,-8.130000114440918,550.0,5.920000076293945,9.859999656677246,307.0,-230.0
2015-03-17 22:54:00,-17.81999969482422,-8.510000228881836,552.7999877929688,6.039999961853027,9.850000381469727,325.0,-229.0
2015-03-17 22:55:00,-17.940000534057617,-8.739999771118164,553.0,6.059999942779541,9.920000076293945,339.0,-229.0
2015-03-17 22:56:00,-17.799999237060547,-8.130000114440918,545.9000244140625,5.340000152587891,9.720000267028809,353.0,-228.0
2015-03-17 22:57:00,-17.639999389648438,-9.569999694824219,550.0999755859375,5.460000038146973,9.699999809265137,383.0,-229.0
2015-03-17 22:58:00,-17.190000534057617,-9.579999923706055,549.2000122070312,4.579999923706055,9.4399995803833,385.0,-229.0
2015-03-17 22:59:00,-17.31999969482422,-9.5600004196167,544.4000244140625,5.059999942779541,9.430000305175781,383.0,-230.0
2015-03-17 23:00:00,-17.229999542236328,-8.720000267028809,550.4000244140625,4.590000152587891,9.479999542236328,409.0,-231.0
2015-03-17 23:01:00,-17.270000457763672,-8.520000457763672,555.4000244140625,4.599999904632568,9.59000015258789,418.0,-230.0
2015-03-17 23:02:00,-17.6200008392334,-8.699999809265137,556.4000244140625,4.179999828338623,9.800000190734863,463.0,-230.0
2015-03-17 23:03:00,-17.420000076293945,-9.260000228881836,555.7999877929688,4.119999885559082,9.680000305175781,460.0,-230.0
2015-03-17 23:04:00,-18.969999313354492,-7.760000228881836,548.7000122070312,4.28000020980835,10.40999984741211,464.0,-231.0
2015-03-17 23:05:00,-18.920000076293945,-7.480000019073486,548.5999755859375,4.239999771118164,10.380000114440918,490.0,-232.0
2015-03-17 23:06:00,-18.809999465942383,-6.900000095367432,544.9000244140625,3.450000047683716,10.25,483.0,-231.0
2015-03-17 23:07:00,-18.25,-8.119999885559082,549.9000244140625,3.940000057220459,10.039999961853027,488.0,-228.0
2015-03-17 23:08:00,-18.030000686645508,-7.849999904632568,547.5,3.619999885559082,9.869999885559082,513.0,-219.0
2015-03-17 23:09:00,-18.030000686645508,-8.069999694824219,546.5999755859375,3.9000000953674316,9.859999656677246,551.0,-219.0
2015-03-17 23:10:00,-18.540000915527344,-8.010000228881836,546.2000122070312,4.159999847412109,10.130000114440918,571.0,-215.0
2015-03-17 23:11:00,-18.979999542236328,-7.650000095367432,536.5999755859375,3.6500000953674316,10.180000305175781,558.0,-214.0
2015-03-17 23:12:00,-19.40999984741211,-6.869999885559082,536.5999755859375,3.6500000953674316,10.420000076293945,486.0,-211.0
2015-03-17 23:13:00,-19.389999389648438,-6.159999847412109,,99.98999786376953,,474.0,-211.0
2015-03-17 23:14:00,-18.719999313354492,-2.8399999141693115,539.9000244140625,2.640000104904175,10.109999656677246,1004.0,-213.0
2015-03-17 23:15:00,-17.709999084472656,-4.21999979019165,549.5999755859375,2.619999885559082,9.729999542236328,1575.0,-215.0
2015-03-17 23:16:00,-18.75,-4.369999885559082,541.0999755859375,2.380000114440918,10.149999618530273,1712.0,-219.0
2015-03-17 23:17:00,-19.899999618530273,-3.6700000762939453,542.2000122070312,2.7699999809265137,10.789999961853027,1731.0,-223.0
2015-03-17 23:18:00,-18.8700008392334,-6.269999980926514,544.2999877929688,2.6500000953674316,10.270000457763672,1509.0,-224.0
2015-03-17 23:19:00,-19.170000076293945,-5.210000038146973,545.0,2.759999990463257,10.449999809265137,1386.0,-222.0
2015-03-17 23:20:00,-19.770000457763672,-4.269999980926514,545.7000122070312,2.130000114440918,10.789999961853027,1302.0,-219.0
2015-03-17 23:21:00,-19.6200008392334,-4.889999866485596,537.5999755859375,2.0999999046325684,10.550000190734863,1316.0,-218.0
2015-03-17 23:22:00,-20.079999923706055,-5.619999885559082,537.2999877929688,2.130000114440918,10.789999961853027,1236.0,-215.0
2015-03-17 23:23:00,-19.610000610351562,-3.7699999809265137,537.5,2.2899999618530273,10.539999961853027,1074.0,-212.0
2015-03-17 23:24:00,-19.0,-6.150000095367432,540.9000244140625,2.1500000953674316,10.279999732971191,1055.0,-209.0
2015-03-17 23:25:00,-15.569999694824219,-13.930000305175781,541.2999877929688,2.109999895095825,8.430000305175781,1059.0,-207.0
2015-03-17 23:26:00,-15.970000267028809,-13.210000038146973,,99.98999786376953,,1019.0,-203.0
2015-03-17 23:27:00,-16.43000030517578,-12.489999771118164,515.9000244140625,2.5,8.479999542236328,1171.0,-199.0
2015-03-17 23:28:00,-16.540000915527344,-12.34000015258789,514.7999877929688,2.2699999809265137,8.510000228881836,1216.0,-198.0
2015-03-17 23:29:00,-16.469999313354492,-12.460000038146973,513.5999755859375,2.0299999713897705,8.460000038146973,1194.0,-198.0
2015-03-17 23:30:00,-16.510000228881836,-12.609999656677246,508.20001220703125,2.309999942779541,8.390000343322754,1273.0,-199.0
2015-03-17 23:31:00,-16.34000015258789,-13.079999923706055,512.7999877929688,2.3499999046325684,8.380000114440918,1466.0,-199.0
2015-03-17 23:32:00,-16.709999084472656,-12.350000381469727,516.0999755859375,2.5,8.619999885559082,1536.0,-199.0
2015-03-17 23:33:00,-16.1200008392334,-12.869999885559082,516.0999755859375,2.5,8.319999694824219,1542.0,-198.0
2015-03-17 23:34:00,-15.710000038146973,-13.229999542236328,504.0,2.4700000286102295,7.920000076293945,1587.0,-198.0
2015-03-17 23:35:00,-16.239999771118164,-13.020000457763672,515.5999755859375,3.059999942779541,8.369999885559082,1655.0,-199.0
2015-03-17 23:36:00,-16.479999542236328,-12.6899995803833,524.5999755859375,3.2899999618530273,8.649999618530273,1488.0,-200.0
2015-03-17 23:37:00,-16.010000228881836,-13.390000343322754,524.7000122070312,3.2899999618530273,8.399999618530273,1490.0,-199.0
2015-03-17 23:38:00,-15.75,-13.899999618530273,,99.98999786376953,,1396.0,-199.0
2015-03-17 23:39:00,-15.25,-14.609999656677246,517.4000244140625,3.690000057220459,7.889999866485596,1335.0,-198.0
2015-03-17 23:40:00,-15.34000015258789,-14.25,522.7000122070312,4.170000076293945,8.020000457763672,1616.0,-198.0
2015-03-17 23:41:00,-15.050000190734863,-14.760000228881836,521.5999755859375,4.389999866485596,7.849999904632568,1785.0,-199.0
2015-03-17 23:42:00,-14.239999771118164,-16.030000686645508,527.4000244140625,4.980000019073486,7.510000228881836,2145.0,-198.0
2015-03-17 23:43:00,-14.640000343322754,-15.699999809265137,532.2000122070312,4.96999979019165,7.789999961853027,2129.0,-197.0
2015-03-17 23:44:00,-14.630000114440918,-15.649999618530273,532.0,4.690000057220459,7.78000020980835,1965.0,-197.0
2015-03-17 23:45:00,-14.050000190734863,-16.360000610351562,533.7000122070312,4.079999923706055,7.5,1694.0,-198.0
2015-03-17 23:46:00,-13.449999809265137,-16.889999389648438,523.0,3.9600000381469727,7.03000020980835,1489.0,-198.0
2015-03-17 23:47:00,-13.210000038146973,-17.100000381469727,517.0999755859375,3.890000104904175,6.829999923706055,1381.0,-197.0
2015-03-17 23:48:00,-13.279999732971191,-17.31999969482422,518.7999877929688,3.25,6.889999866485596,1274.0,-197.0
2015-03-17 23:49:00,-12.680000305175781,-17.93000030517578,519.0,3.1700000762939453,6.579999923706055,1140.0,-197.0
2015-03-17 23:50:00,-12.460000038146973,-18.139999389648438,520.7000122070312,2.609999895095825,6.489999771118164,1124.0,-198.0
2015-03-17 23:51:00,-12.609999656677246,-17.899999618530273,518.2999877929688,2.869999885559082,6.539999961853027,1215.0,-197.0
2015-03-17 23:52:00,-10.59000015258789,-18.770000457763672,528.7000122070312,2.9600000381469727,5.599999904632568,1218.0,-198.0
2015-03-17 23:53:00,-9.739999771118164,-18.829999923706055,531.0999755859375,2.859999895095825,5.170000076293945,1161.0,-198.0
2015-03-17 23:54:00,-8.449999809265137,-19.049999237060547,534.5,2.7699999809265137,4.519999980926514,1015.0,-199.0
2015-03-17 23:55:00,-8.75,-18.649999618530273,539.0,2.890000104904175,4.71999979019165,1008.0,-200.0
2015-03-17 23:56:00,-7.53000020980835,-18.950000762939453,540.2000122070312,2.9600000381469727,4.070000171661377,1084.0,-199.0
2015-03-17 23:57:00,-7.260000228881836,-19.030000686645508,543.5,2.6500000953674316,3.950000047683716,1283.0,-200.0
2015-03-17 23:58:00,-7.159999847412109,-18.940000534057617,546.9000244140625,2.809999942779541,3.9200000762939453,1189.0,-200.0
2015-03-17 23:59:00,-7.380000114440918,-17.540000915527344,549.4000244140625,2.990000009536743,4.050000190734863,994.0,-200.0
2015-03-18 00:00:00,-7.159999847412109,-19.1299991607666,550.2000122070312,3.109999895095825,3.940000057220459,766.0,-185.0
2015-03-18 00:01:00,-7.150000095367432,-19.06999969482422,548.0999755859375,3.200000047683716,3.9200000762939453,819.0,-185.0
2015-03-18 00:02:00,-6.800000190734863,-19.030000686645508,543.5999755859375,3.430000066757202,3.700000047683716,860.0,-185.0
2015-03-18 00:03:00,-6.550000190734863,-19.239999771118164,542.7999877929688,3.359999895095825,3.559999942779541,845.0,-184.0
2015-03-18 00:04:00,-6.559999942779541,-19.530000686645508,543.0,3.0399999618530273,3.559999942779541,829.0,-185.0
2015-03-18 00:05:00,-7.099999904632568,-19.479999542236328,540.7000122070312,2.5999999046325684,3.8399999141693115,811.0,-185.0
2015-03-18 00:06:00,-7.449999809265137,-18.940000534057617,547.0,2.9000000953674316,4.079999923706055,790.0,-186.0
2015-03-18 00:07:00,-7.0,-15.420000076293945,553.4000244140625,3.4600000381469727,3.869999885559082,830.0,-186.0
2015-03-18 00:08:00,-8.84000015258789,-9.569999694824219,559.5999755859375,6.46999979019165,4.949999809265137,831.0,-187.0
2015-03-18 00:09:00,-7.929999828338623,-9.890000343322754,575.5,8.489999771118164,4.559999942779541,854.0,-186.0
2015-03-18 00:10:00,-6.980000019073486,-10.819999694824219,575.5,8.489999771118164,4.019999980926514,818.0,-184.0
2015-03-18 00:11:00,-5.630000114440918,-11.34000015258789,,99.98999786376953,,862.0,-183.0
2015-03-18 00:12:00,-5.309999942779541,-11.4399995803833,577.9000244140625,8.479999542236328,3.069999933242798,920.0,-179.0
2015-03-18 00:13:00,-7.760000228881836,-10.520000457763672,577.9000244140625,8.479999542236328,4.480000019073486,872.0,-174.0
2015-03-18 00:14:00,-8.199999809265137,-10.039999961853027,577.9000244140625,8.479999542236328,4.739999771118164,832.0,-172.0
2015-03-18 00:15:00,-8.800000190734863,-9.479999542236328,574.2999877929688,8.109999656677246,5.050000190734863,895.0,-170.0
2015-03-18 00:16:00,-7.829999923706055,-10.279999732971191,574.2999877929688,8.109999656677246,4.5,916.0,-169.0
2015-03-18 00:17:00,-6.96999979019165,-11.680000305175781,593.0,5.480000019073486,4.130000114440918,903.0,-170.0
2015-03-18 00:18:00,-6.659999847412109,-11.949999809265137,586.4000244140625,5.360000133514404,3.9100000858306885,859.0,-170.0
2015-03-18 00:19:00,-6.110000133514404,-12.029999732971191,598.5999755859375,6.590000152587891,3.6600000858306885,765.0,-170.0
2015-03-18 00:20:00,-5.03000020980835,-12.149999618530273,584.7000122070312,6.920000076293945,2.940000057220459,794.0,-171.0
2015-03-18 00:21:00,-6.880000114440918,-11.010000228881836,584.2000122070312,6.829999923706055,4.019999980926514,790.0,-171.0
2015-03-18 00:22:00,-4.849999904632568,-11.600000381469727,600.2000122070312,6.690000057220459,2.9100000858306885,723.0,-170.0
2015-03-18 00:23:00,-5.880000114440918,-11.510000228881836,605.9000244140625,7.309999942779541,3.559999942779541,727.0,-173.0
2015-03-18 00:24:00,-3.4600000381469727,-12.930000305175781,600.4000244140625,6.110000133514404,2.0799999237060547,671.0,-172.0
2015-03-18 00:25:00,-4.670000076293945,-13.0,599.4000244140625,5.78000020980835,2.799999952316284,672.0,-170.0
2015-03-18 00:26:00,-4.769999980926514,-11.869999885559082,608.0999755859375,6.340000152587891,2.9000000953674316,682.0,-169.0
2015-03-18 00:27:00,-3.9100000858306885,-10.880000114440918,616.0,6.460000038146973,2.4100000858306885,620.0,-168.0
2015-03-18 00:28:00,-3.7799999713897705,-9.979999542236328,619.7000122070312,8.079999923706055,2.3399999141693115,583.0,-168.0
2015-03-18 00:29:00,-0.8700000047683716,-11.029999732971191,619.7000122070312,8.079999923706055,0.5400000214576721,553.0,-169.0
2015-03-18 00:30:00,-4.429999828338623,-12.25,612.7000122070312,4.360000133514404,2.7100000381469727,503.0,-169.0
2015-03-18 00:31:00,-3.950000047683716,-12.90999984741211,612.7000122070312,4.360000133514404,2.4200000762939453,495.0,-170.0
2015-03-18 00:32:00,-1.7000000476837158,-12.4399995803833,612.9000244140625,6.570000171661377,1.0399999618530273,503.0,-170.0
2015-03-18 00:33:00,-2.9200000762939453,-13.420000076293945,613.4000244140625,5.449999809265137,1.7899999618530273,522.0,-171.0
2015-03-18 00:34:00,-6.769999980926514,-13.430000305175781,602.7000122070312,3.180000066757202,4.079999923706055,517.0,-171.0
2015-03-18 00:35:00,-6.619999885559082,-13.829999923706055,591.2000122070312,2.549999952316284,3.9100000858306885,529.0,-170.0
2015-03-18 00:36:00,-6.570000171661377,-14.119999885559082,586.5999755859375,2.2200000286102295,3.8499999046325684,476.0,-171.0
2015-03-18 00:37:00,-6.269999980926514,-13.6899995803833,589.4000244140625,2.359999895095825,3.700000047683716,452.0,-172.0
2015-03-18 00:38:00,-6.460000038146973,-13.65999984741211,573.2999877929688,1.7699999809265137,3.700000047683716,433.0,-173.0
2015-03-18 00:39:00,-6.369999885559082,-13.699999809265137,577.9000244140625,2.0999999046325684,3.680000066757202,475.0,-174.0
2015-03-18 00:40:00,-6.920000076293945,-13.529999732971191,585.4000244140625,2.0299999713897705,4.050000190734863,592.0,-175.0
2015-03-18 00:41:00,-6.5,-13.600000381469727,585.2000122070312,1.8700000047683716,3.799999952316284,540.0,-174.0
2015-03-18 00:42:00,-6.150000095367432,-13.850000381469727,579.5999755859375,1.8899999856948853,3.559999942779541,548.0,-174.0
2015-03-18 00:43:00,-6.03000020980835,-13.890000343322754,582.7999877929688,2.130000114440918,3.509999990463257,563.0,-174.0
2015-03-18 00:44:00,-6.389999866485596,-13.890000343322754,582.7999877929688,2.130000114440918,3.7200000286102295,477.0,-175.0
2015-03-18 00:45:00,-6.599999904632568,-13.729999542236328,583.2000122070312,2.180000066757202,3.8499999046325684,373.0,-177.0
2015-03-18 00:46:00,-6.699999809265137,-13.5600004196167,583.2000122070312,2.180000066757202,3.9100000858306885,317.0,-178.0
2015-03-18 00:47:00,-6.579999923706055,-13.609999656677246,573.2999877929688,1.8300000429153442,3.7699999809265137,267.0,-178.0
2015-03-18 00:48:00,-6.239999771118164,-13.550000190734863,573.2999877929688,1.8300000429153442,3.5799999237060547,259.0,-177.0
2015-03-18 00:49:00,-6.309999942779541,-13.470000267028809,566.2000122070312,2.0299999713897705,3.569999933242798,281.0,-176.0
2015-03-18 00:50:00,-7.079999923706055,-12.960000038146973,566.5999755859375,1.9299999475479126,4.010000228881836,281.0,-176.0
2015-03-18 00:51:00,-6.760000228881836,-13.5,567.0999755859375,1.940000057220459,3.8299999237060547,284.0,-175.0
2015-03-18 00:52:00,-6.630000114440918,-13.739999771118164,577.2999877929688,2.3399999141693115,3.8299999237060547,270.0,-174.0
2015-03-18 00:53:00,-6.71999979019165,-13.880000114440918,582.5,2.0899999141693115,3.9100000858306885,260.0,-173.0
2015-03-18 00:54:00,-5.71999979019165,-13.720000267028809,580.5,2.2200000286102295,3.319999933242798,271.0,-173.0
2015-03-18 00:55:00,-7.260000228881836,-13.899999618530273,576.0999755859375,2.4600000381469727,4.179999828338623,282.0,-173.0
2015-03-18 00:56:00,-6.619999885559082,-13.770000457763672,576.0999755859375,2.450000047683716,3.809999942779541,297.0,-173.0
2015-03-18 00:57:00,-5.400000095367432,-13.529999732971191,563.0999755859375,1.690000057220459,3.0399999618530273,315.0,-173.0
2015-03-18 00:58:00,-5.239999771118164,-13.510000228881836,563.0999755859375,1.690000057220459,2.950000047683716,314.0,-173.0
2015-03-18 00:59:00,-5.849999904632568,-13.649999618530273,552.5,1.7699999809265137,3.2300000190734863,307.0,-173.0
2015-03-18 01:00:00,-5.599999904632568,-13.890000343322754,552.5,1.7699999809265137,3.0899999141693115,311.0,-173.0
2015-03-18 01:01:00,-5.639999866485596,-13.40999984741211,,99.98999786376953,,290.0,-172.0
2015-03-18 01:02:00,-5.630000114440918,-13.15999984741211,555.5,2.069999933242798,3.130000114440918,297.0,-171.0
2015-03-18 01:03:00,-5.789999961853027,-13.210000038146973,557.0,2.0999999046325684,3.2300000190734863,304.0,-171.0
2015-03-18 01:04:00,-6.019999980926514,-13.65999984741211,564.7000122070312,2.319999933242798,3.4000000953674316,355.0,-170.0
2015-03-18 01:05:00,-5.960000038146973,-13.15999984741211,557.7000122070312,2.2300000190734863,3.319999933242798,355.0,-169.0
2015-03-18 01:06:00,-3.7300000190734863,-14.100000381469727,554.7999877929688,2.0299999713897705,2.069999933242798,336.0,-169.0
2015-03-18 01:07:00,-2.9700000286102295,-14.199999809265137,561.0999755859375,2.1700000762939453,1.6699999570846558,357.0,-169.0
2015-03-18 01:08:00,-3.369999885559082,-14.25,561.0999755859375,2.1700000762939453,1.8899999856948853,366.0,-169.0
2015-03-18 01:09:00,-3.440000057220459,-13.710000038146973,,99.98999786376953,,360.0,-169.0
2015-03-18 01:10:00,-3.5,-13.430000305175781,551.0999755859375,2.309999942779541,1.9299999475479126,358.0,-169.0
2015-03-18 01:11:00,-3.490000009536743,-13.220000267028809,551.0999755859375,2.309999942779541,1.9199999570846558,350.0,-169.0
2015-03-18 01:12:00,-5.610000133514404,-13.619999885559082,550.7000122070312,1.9800000190734863,3.0899999141693115,320.0,-169.0
2015-03-18 01:13:00,-5.21999979019165,-13.829999923706055,569.5999755859375,2.299999952316284,2.9700000286102295,265.0,-169.0
2015-03-18 01:14:00,-4.800000190734863,-14.270000457763672,566.7999877929688,2.190000057220459,2.7200000286102295,258.0,-170.0
2015-03-18 01:15:00,-6.070000171661377,-14.34000015258789,567.2999877929688,2.240000009536743,3.440000057220459,228.0,-169.0
2015-03-18 01:16:00,-6.099999904632568,-14.210000038146973,585.7000122070312,2.5999999046325684,3.569999933242798,193.0,-169.0
2015-03-18 01:17:00,-6.53000020980835,-14.180000305175781,580.7000122070312,2.640000104904175,3.7899999618530273,173.0,-168.0
2015-03-18 01:18:00,-7.730000019073486,-13.819999694824219,583.4000244140625,2.6500000953674316,4.510000228881836,170.0,-168.0
2015-03-18 01:19:00,-8.329999923706055,-13.569999694824219,600.2000122070312,2.7300000190734863,5.0,189.0,-167.0
2015-03-18 01:20:00,-7.650000095367432,-13.380000114440918,576.4000244140625,3.1700000762939453,4.409999847412109,210.0,-166.0
2015-03-18 01:21:00,-7.889999866485596,-13.539999961853027,579.5999755859375,2.569999933242798,4.570000171661377,226.0,-166.0
2015-03-18 01:22:00,-7.46999979019165,-13.520000457763672,579.2999877929688,2.549999952316284,4.329999923706055,261.0,-166.0
2015-03-18 01:23:00,-7.039999961853027,-14.0600004196167,574.9000244140625,2.390000104904175,4.050000190734863,265.0,-165.0
2015-03-18 01:24:00,-7.409999847412109,-13.970000267028809,582.9000244140625,2.9000000953674316,4.320000171661377,210.0,-165.0
2015-03-18 01:25:00,-6.110000133514404,-14.470000267028809,585.2999877929688,2.450000047683716,3.5799999237060547,200.0,-164.0
2015-03-18 01:26:00,-5.78000020980835,-14.630000114440918,579.5999755859375,2.4200000762939453,3.3499999046325684,173.0,-164.0
2015-03-18 01:27:00,-6.190000057220459,-14.100000381469727,579.5,2.4200000762939453,3.5899999141693115,154.0,-164.0
2015-03-18 01:28:00,-5.880000114440918,-13.819999694824219,572.0999755859375,2.890000104904175,3.359999895095825,138.0,-164.0
2015-03-18 01:29:00,-5.840000152587891,-13.8100004196167,567.7000122070312,2.7300000190734863,3.319999933242798,146.0,-164.0
2015-03-18 01:30:00,-5.949999809265137,-13.670000076293945,565.5999755859375,2.619999885559082,3.369999885559082,146.0,-164.0
2015-03-18 01:31:00,-5.559999942779541,-13.84000015258789,559.5999755859375,2.2899999618530273,3.109999895095825,192.0,-164.0
2015-03-18 01:32:00,-5.789999961853027,-13.420000076293945,565.5,2.009999990463257,3.2699999809265137,241.0,-163.0
2015-03-18 01:33:00,-4.75,-14.010000228881836,563.5,2.200000047683716,2.680000066757202,274.0,-163.0
2015-03-18 01:34:00,-4.949999809265137,-13.319999694824219,566.7999877929688,2.059999942779541,2.809999942779541,274.0,-162.0
2015-03-18 01:35:00,-4.820000171661377,-13.220000267028809,,99.98999786376953,,214.0,-162.0
2015-03-18 01:36:00,-5.510000228881836,-13.380000114440918,566.4000244140625,2.369999885559082,3.119999885559082,166.0,-162.0
2015-03-18 01:37:00,-2.7200000286102295,-12.989999771118164,559.2000122070312,2.430000066757202,1.5199999809265137,172.0,-162.0
2015-03-18 01:38:00,-1.0299999713897705,-13.609999656677246,,99.98999786376953,,162.0,-162.0
2015-03-18 01:39:00,-2.4700000286102295,-14.0,555.2000122070312,2.640000104904175,1.3700000047683716,159.0,-162.0
2015-03-18 01:40:00,-2.549999952316284,-13.680000305175781,555.2000122070312,2.640000104904175,1.4199999570846558,170.0,-162.0
2015-03-18 01:41:00,-3.4100000858306885,-13.199999809265137,548.0999755859375,2.549999952316284,1.8700000047683716,176.0,-161.0
2015-03-18 01:42:00,-3.880000114440918,-12.550000190734863,546.5999755859375,2.5999999046325684,2.119999885559082,156.0,-161.0
2015-03-18 01:43:00,-4.710000038146973,-12.199999809265137,547.2999877929688,2.5799999237060547,2.5799999237060547,171.0,-161.0
2015-03-18 01:44:00,-4.849999904632568,-12.460000038146973,548.0,2.7100000381469727,2.6600000858306885,168.0,-161.0
2015-03-18 01:45:00,-3.7100000381469727,-13.09000015258789,556.2000122070312,2.7799999713897705,2.059999942779541,147.0,-160.0
2015-03-18 01:46:00,-3.109999895095825,-13.210000038146973,560.7999877929688,2.8299999237060547,1.7400000095367432,131.0,-160.0
2015-03-18 01:47:00,-3.1600000858306885,-12.670000076293945,542.0,2.4100000858306885,1.7100000381469727,138.0,-160.0
2015-03-18 01:48:00,-3.569999933242798,-13.069999694824219,544.4000244140625,2.5,1.940000057220459,160.0,-160.0
2015-03-18 01:49:00,-4.199999809265137,-13.319999694824219,552.7999877929688,2.8399999141693115,2.319999933242798,173.0,-160.0
2015-03-18 01:50:00,-4.429999828338623,-13.010000228881836,551.5999755859375,2.75,2.440000057220459,171.0,-160.0
2015-03-18 01:51:00,-4.059999942779541,-13.069999694824219,549.4000244140625,2.6600000858306885,2.2300000190734863,167.0,-160.0
2015-03-18 01:52:00,-4.079999923706055,-12.789999961853027,547.2000122070312,2.809999942779541,2.2300000190734863,175.0,-159.0
2015-03-18 01:53:00,-3.8399999141693115,-12.819999694824219,544.4000244140625,2.630000114440918,2.0899999141693115,148.0,-159.0
2015-03-18 01:54:00,-3.6700000762939453,-12.779999732971191,546.9000244140625,2.9100000858306885,2.009999990463257,138.0,-159.0
2015-03-18 01:55:00,-3.869999885559082,-12.489999771118164,542.0999755859375,2.609999895095825,2.0999999046325684,129.0,-160.0
2015-03-18 01:56:00,-4.590000152587891,-12.59000015258789,542.0999755859375,2.6500000953674316,2.490000009536743,117.0,-159.0
2015-03-18 01:57:00,-4.480000019073486,-13.079999923706055,548.5,2.559999942779541,2.4600000381469727,141.0,-160.0
2015-03-18 01:58:00,-3.799999952316284,-12.770000457763672,539.7000122070312,2.490000009536743,2.049999952316284,142.0,-160.0
2015-03-18 01:59:00,-3.0199999809265137,-13.020000457763672,540.4000244140625,2.5299999713897705,1.6299999952316284,135.0,-159.0
2015-03-18 02:00:00,-3.4800000190734863,-13.130000114440918,543.2000122070312,2.700000047683716,1.8899999856948853,153.0,-159.0
2015-03-18 02:01:00,-1.649999976158142,-13.319999694824219,543.5,2.690000057220459,0.8999999761581421,126.0,-158.0
2015-03-18 02:02:00,-2.299999952316284,-13.289999961853027,546.2000122070312,2.369999885559082,1.2599999904632568,126.0,-157.0
2015-03-18 02:03:00,-1.1799999475479126,-13.550000190734863,546.5,2.319999933242798,0.6399999856948853,115.0,-157.0
2015-03-18 02:04:00,-2.440000057220459,-13.510000228881836,546.9000244140625,2.299999952316284,1.3300000429153442,107.0,-157.0
2015-03-18 02:05:00,-2.940000057220459,-13.380000114440918,546.9000244140625,2.4800000190734863,1.6100000143051147,116.0,-157.0
2015-03-18 02:06:00,-2.5299999713897705,-13.600000381469727,548.2999877929688,2.3299999237060547,1.3899999856948853,121.0,-157.0
2015-03-18 02:07:00,-5.139999866485596,-12.029999732971191,550.2000122070312,2.390000104904175,2.8299999237060547,153.0,-157.0
2015-03-18 02:08:00,-5.099999904632568,-12.670000076293945,,99.98999786376953,,179.0,-157.0
2015-03-18 02:09:00,-6.800000190734863,-12.720000267028809,552.2999877929688,2.950000047683716,3.759999990463257,189.0,-156.0
2015-03-18 02:10:00,-5.619999885559082,-12.729999542236328,549.9000244140625,2.490000009536743,3.0899999141693115,192.0,-155.0
2015-03-18 02:11:00,-5.239999771118164,-12.670000076293945,549.7999877929688,2.4700000286102295,2.880000114440918,207.0,-154.0
2015-03-18 02:12:00,-4.670000076293945,-12.6899995803833,544.4000244140625,2.440000057220459,2.5399999618530273,199.0,-153.0
2015-03-18 02:13:00,-3.309999942779541,-12.5,544.4000244140625,2.440000057220459,1.7999999523162842,174.0,-152.0
2015-03-18 02:14:00,-2.5899999141693115,-12.369999885559082,536.9000244140625,2.1700000762939453,1.3899999856948853,175.0,-151.0
2015-03-18 02:15:00,-2.440000057220459,-12.529999732971191,537.9000244140625,2.299999952316284,1.309999942779541,173.0,-151.0
2015-03-18 02:16:00,-2.559999942779541,-12.59000015258789,537.5999755859375,2.3399999141693115,1.3799999952316284,295.0,-150.0
2015-03-18 02:17:00,-3.0399999618530273,-12.569999694824219,537.0999755859375,2.3299999237060547,1.6299999952316284,351.0,-150.0
2015-03-18 02:18:00,-2.9000000953674316,-12.600000381469727,538.5,2.190000057220459,1.559999942779541,330.0,-150.0
2015-03-18 02:19:00,-3.0299999713897705,-12.489999771118164,535.7999877929688,2.25,1.6200000047683716,313.0,-149.0
2015-03-18 02:20:00,-3.1500000953674316,-12.25,536.7000122070312,2.240000009536743,1.690000057220459,385.0,-148.0
2015-03-18 02:21:00,-2.75,-12.260000228881836,536.9000244140625,2.240000009536743,1.4800000190734863,333.0,-148.0
2015-03-18 02:22:00,-3.680000066757202,-12.09000015258789,536.2000122070312,2.309999942779541,1.9700000286102295,292.0,-148.0
2015-03-18 02:23:00,-3.799999952316284,-12.4399995803833,536.2000122070312,2.309999942779541,2.0399999618530273,311.0,-148.0
2015-03-18 02:24:00,-3.9700000286102295,-12.510000228881836,538.7000122070312,2.180000066757202,2.140000104904175,360.0,-148.0
2015-03-18 02:25:00,-2.930000066757202,-12.640000343322754,540.2999877929688,2.509999990463257,1.5800000429153442,373.0,-147.0
2015-03-18 02:26:00,-2.1500000953674316,-12.859999656677246,540.5,2.5399999618530273,1.159999966621399,403.0,-147.0
2015-03-18 02:27:00,-0.44999998807907104,-13.069999694824219,,99.98999786376953,,342.0,-147.0
2015-03-18 02:28:00,-2.559999942779541,-12.460000038146973,,99.98999786376953,,394.0,-146.0
2015-03-18 02:29:00,-4.320000171661377,-12.319999694824219,538.7000122070312,2.240000009536743,2.3299999237060547,377.0,-145.0
2015-03-18 02:30:00,-3.5399999618530273,-13.130000114440918,544.9000244140625,2.8399999141693115,1.9299999475479126,392.0,-145.0
2015-03-18 02:31:00,-3.440000057220459,-12.859999656677246,545.0,2.869999885559082,1.8700000047683716,372.0,-144.0
2015-03-18 02:32:00,-3.9800000190734863,-12.260000228881836,,99.98999786376953,,381.0,-143.0
2015-03-18 02:33:00,-3.5399999618530273,-12.430000305175781,,99.98999786376953,,400.0,-143.0
2015-03-18 02:34:00,-4.050000190734863,-12.880000114440918,541.7999877929688,2.630000114440918,2.190000057220459,440.0,-143.0
2015-03-18 02:35:00,-2.950000047683716,-12.739999771118164,541.7999877929688,2.630000114440918,1.600000023841858,442.0,-143.0
2015-03-18 02:36:00,-3.059999942779541,-12.65999984741211,538.2000122070312,2.2699999809265137,1.649999976158142,411.0,-143.0
2015-03-18 02:37:00,-2.6500000953674316,-11.960000038146973,538.0999755859375,2.2899999618530273,1.4299999475479126,409.0,-143.0
2015-03-18 02:38:00,-1.5099999904632568,-12.09000015258789,537.5,2.2899999618530273,0.8100000023841858,397.0,-144.0
2015-03-18 02:39:00,-2.5799999237060547,-13.0,536.4000244140625,2.180000066757202,1.3799999952316284,386.0,-144.0
2015-03-18 02:40:00,-2.9200000762939453,-12.960000038146973,541.0999755859375,2.109999895095825,1.5800000429153442,381.0,-144.0
2015-03-18 02:41:00,-1.909999966621399,-12.619999885559082,537.0,2.3499999046325684,1.0299999713897705,384.0,-145.0
2015-03-18 02:42:00,0.2800000011920929,-12.640000343322754,537.0,2.3499999046325684,-0.15000000596046448,390.0,-144.0
2015-03-18 02:43:00,-1.6200000047683716,-12.739999771118164,533.2000122070312,2.6500000953674316,0.8600000143051147,405.0,-144.0
2015-03-18 02:44:00,-4.519999980926514,-12.510000228881836,542.5,2.680000066757202,2.450000047683716,407.0,-144.0
2015-03-18 02:45:00,-1.4199999570846558,-13.489999771118164,540.2000122070312,2.0999999046325684,0.7699999809265137,402.0,-144.0
2015-03-18 02:46:00,-1.6200000047683716,-13.199999809265137,551.7999877929688,2.5899999141693115,0.8899999856948853,407.0,-144.0
2015-03-18 02:47:00,-2.309999942779541,-12.970000267028809,551.7999877929688,2.5899999141693115,1.2699999809265137,388.0,-144.0
2015-03-18 02:48:00,-2.9700000286102295,-12.770000457763672,,99.98999786376953,,379.0,-144.0
2015-03-18 02:49:00,-2.130000114440918,-11.800000190734863,528.7999877929688,2.4700000286102295,1.1299999952316284,378.0,-143.0
2015-03-18 02:50:00,-2.700000047683716,-11.819999694824219,537.0,2.5299999713897705,1.4500000476837158,387.0,-144.0
2015-03-18 02:51:00,-3.0199999809265137,-12.149999618530273,529.7999877929688,2.319999933242798,1.600000023841858,374.0,-144.0
2015-03-18 02:52:00,-1.8899999856948853,-12.350000381469727,539.5,2.4100000858306885,1.0199999809265137,380.0,-144.0
2015-03-18 02:53:00,-1.2000000476837158,-12.140000343322754,526.4000244140625,2.75,0.6299999952316284,337.0,-144.0
2015-03-18 02:54:00,-0.9800000190734863,-12.140000343322754,540.0999755859375,2.6500000953674316,0.5299999713897705,349.0,-144.0
2015-03-18 02:55:00,-1.2899999618530273,-11.9399995803833,542.5,2.569999933242798,0.699999988079071,362.0,-144.0
2015-03-18 02:56:00,-0.7900000214576721,-12.020000457763672,527.2999877929688,1.9700000286102295,0.41999998688697815,358.0,-144.0
2015-03-18 02:57:00,-0.019999999552965164,-12.170000076293945,554.0,2.7699999809265137,0.009999999776482582,369.0,-144.0
2015-03-18 02:58:00,1.1699999570846558,-11.119999885559082,554.0,2.7699999809265137,-0.6499999761581421,385.0,-143.0
2015-03-18 02:59:00,1.0499999523162842,-11.140000343322754,513.0,2.0899999141693115,-0.5400000214576721,402.0,-143.0
2015-03-18 03:00:00,-0.6700000166893005,-11.5,541.2999877929688,2.7200000286102295,0.36000001430511475,382.0,-142.0
2015-03-18 03:01:00,-1.2400000095367432,-11.869999885559082,521.0,2.240000009536743,0.6499999761581421,342.0,-142.0
2015-03-18 03:02:00,-1.25,-11.880000114440918,523.5999755859375,2.180000066757202,0.6499999761581421,332.0,-141.0
2015-03-18 03:03:00,0.5099999904632568,-10.649999618530273,523.7999877929688,2.309999942779541,-0.27000001072883606,335.0,-141.0
2015-03-18 03:04:00,-0.49000000953674316,-13.069999694824219,564.0999755859375,2.1600000858306885,0.2800000011920929,344.0,-141.0
2015-03-18 03:05:00,-1.590000033378601,-13.460000038146973,560.4000244140625,2.5199999809265137,0.8899999856948853,352.0,-140.0
2015-03-18 03:06:00,-1.2899999618530273,-12.979999542236328,555.4000244140625,2.3399999141693115,0.7200000286102295,365.0,-140.0
2015-03-18 03:07:00,-2.1700000762939453,-13.420000076293945,550.5,2.490000009536743,1.190000057220459,388.0,-139.0
2015-03-18 03:08:00,-1.8600000143051147,-13.239999771118164,521.0999755859375,2.0399999618530273,0.9700000286102295,405.0,-137.0
2015-03-18 03:09:00,-2.3299999237060547,-13.600000381469727,553.7999877929688,2.640000104904175,1.2899999618530273,423.0,-136.0
2015-03-18 03:10:00,-5.179999828338623,-12.329999923706055,558.2999877929688,2.380000114440918,2.890000104904175,401.0,-136.0
2015-03-18 03:11:00,-4.050000190734863,-12.800000190734863,551.2999877929688,2.950000047683716,2.2300000190734863,320.0,-135.0
2015-03-18 03:12:00,-4.510000228881836,-12.6899995803833,551.2999877929688,2.950000047683716,2.490000009536743,301.0,-134.0
2015-03-18 03:13:00,-3.4600000381469727,-13.180000305175781,553.0,2.7799999713897705,1.909999966621399,316.0,-134.0
2015-03-18 03:14:00,-3.799999952316284,-12.890000343322754,551.9000244140625,2.7799999713897705,2.0999999046325684,349.0,-134.0
2015-03-18 03:15:00,-3.259999990463257,-12.550000190734863,551.2000122070312,2.7799999713897705,1.7999999523162842,391.0,-135.0
2015-03-18 03:16:00,-3.2899999618530273,-12.609999656677246,538.2000122070312,2.5199999809265137,1.7699999809265137,404.0,-135.0
2015-03-18 03:17:00,-2.9800000190734863,-13.279999732971191,547.0,3.0299999713897705,1.6299999952316284,396.0,-135.0
2015-03-18 03:18:00,-2.619999885559082,-13.640000343322754,553.2000122070312,3.4200000762939453,1.4500000476837158,387.0,-135.0
2015-03-18 03:19:00,-3.240000009536743,-13.59000015258789,558.2999877929688,2.859999895095825,1.809999942779541,367.0,-135.0
2015-03-18 03:20:00,-3.819999933242798,-13.5,557.4000244140625,2.7699999809265137,2.130000114440918,307.0,-136.0
2015-03-18 03:21:00,-3.759999990463257,-13.239999771118164,556.9000244140625,2.7200000286102295,2.0899999141693115,268.0,-135.0
2015-03-18 03:22:00,-4.760000228881836,-13.220000267028809,552.5,3.0199999809265137,2.630000114440918,259.0,-134.0
2015-03-18 03:23:00,-3.3399999141693115,-13.420000076293945,554.4000244140625,2.309999942779541,1.850000023841858,243.0,-133.0
2015-03-18 03:24:00,-3.5299999713897705,-13.260000228881836,554.7000122070312,2.2200000286102295,1.9600000381469727,260.0,-133.0
2015-03-18 03:25:00,-3.059999942779541,-13.359999656677246,552.0999755859375,2.630000114440918,1.690000057220459,302.0,-132.0
2015-03-18 03:26:00,-3.7100000381469727,-13.510000228881836,556.4000244140625,2.7300000190734863,2.059999942779541,322.0,-131.0
2015-03-18 03:27:00,-4.210000038146973,-13.170000076293945,556.2000122070312,3.180000066757202,2.3399999141693115,354.0,-131.0
2015-03-18 03:28:00,-4.139999866485596,-13.270000457763672,555.9000244140625,3.109999895095825,2.299999952316284,372.0,-130.0
2015-03-18 03:29:00,-3.940000057220459,-13.289999961853027,554.2999877929688,2.6700000762939453,2.180000066757202,401.0,-129.0
2015-03-18 03:30:00,-4.039999961853027,-13.510000228881836,,99.98999786376953,,410.0,-130.0
2015-03-18 03:31:00,-4.28000020980835,-12.9399995803833,553.2999877929688,2.490000009536743,2.369999885559082,396.0,-130.0
2015-03-18 03:32:00,-4.110000133514404,-13.09000015258789,553.5999755859375,2.509999990463257,2.2799999713897705,394.0,-130.0
2015-03-18 03:33:00,-4.070000171661377,-13.130000114440918,559.7999877929688,2.9600000381469727,2.2799999713897705,389.0,-130.0
2015-03-18 03:34:00,-4.010000228881836,-13.420000076293945,563.5,3.049999952316284,2.259999990463257,364.0,-130.0
2015-03-18 03:35:00,-3.4600000381469727,-13.989999771118164,562.2000122070312,3.0799999237060547,1.9500000476837158,340.0,-130.0
2015-03-18 03:36:00,-4.909999847412109,-13.770000457763672,577.9000244140625,3.3499999046325684,2.8399999141693115,336.0,-130.0
2015-03-18 03:37:00,-4.699999809265137,-13.630000114440918,,99.98999786376953,,314.0,-130.0
2015-03-18 03:38:00,-4.21999979019165,-13.739999771118164,,99.98999786376953,,292.0,-130.0
2015-03-18 03:39:00,-4.739999771118164,-13.449999809265137,,99.98999786376953,,285.0,-130.0
2015-03-18 03:40:00,-4.630000114440918,-13.510000228881836,555.7999877929688,2.5899999141693115,2.569999933242798,303.0,-130.0
2015-03-18 03:41:00,-4.639999866485596,-13.59000015258789,571.4000244140625,3.0899999141693115,2.6500000953674316,334.0,-130.0
2015-03-18 03:42:00,-2.359999895095825,-13.920000076293945,569.9000244140625,2.559999942779541,1.340000033378601,336.0,-129.0
2015-03-18 03:43:00,-3.490000009536743,-13.920000076293945,572.2000122070312,3.1600000858306885,2.0,316.0,-129.0
2015-03-18 03:44:00,-2.9600000381469727,-14.079999923706055,572.2999877929688,3.180000066757202,1.690000057220459,321.0,-129.0
2015-03-18 03:45:00,-3.200000047683716,-13.9399995803833,570.4000244140625,3.380000114440918,1.8300000429153442,333.0,-129.0
2015-03-18 03:46:00,-3.4600000381469727,-14.010000228881836,573.0999755859375,3.25,1.9800000190734863,321.0,-128.0
2015-03-18 03:47:00,-1.8300000429153442,-14.4399995803833,574.5999755859375,3.1700000762939453,1.0499999523162842,335.0,-128.0
2015-03-18 03:48:00,-1.7699999809265137,-14.369999885559082,,99.98999786376953,,338.0,-128.0
2015-03-18 03:49:00,-2.8399999141693115,-13.760000228881836,,99.98999786376953,,375.0,-128.0
2015-03-18 03:50:00,-4.619999885559082,-12.960000038146973,566.5999755859375,3.5399999618530273,2.619999885559082,386.0,-128.0
2015-03-18 03:51:00,-2.200000047683716,-13.569999694824219,566.5999755859375,3.5399999618530273,1.25,369.0,-128.0
2015-03-18 03:52:00,-1.899999976158142,-14.220000267028809,581.5999755859375,3.5399999618530273,1.1100000143051147,339.0,-128.0
2015-03-18 03:53:00,-1.4199999570846558,-14.680000305175781,581.7000122070312,3.490000009536743,0.8299999833106995,338.0,-128.0
2015-03-18 03:54:00,-2.549999952316284,-14.699999809265137,583.7999877929688,2.7699999809265137,1.4900000095367432,340.0,-128.0
2015-03-18 03:55:00,-3.7100000381469727,-14.6899995803833,,99.98999786376953,,331.0,-129.0
2015-03-18 03:56:00,-3.4100000858306885,-14.609999656677246,,99.98999786376953,,308.0,-129.0
2015-03-18 03:57:00,-2.5299999713897705,-14.210000038146973,,99.98999786376953,,315.0,-129.0
2015-03-18 03:58:00,-2.5199999809265137,-13.770000457763672,,99.98999786376953,,315.0,-129.0
2015-03-18 03:59:00,-1.8300000429153442,-13.329999923706055,556.0999755859375,2.609999895095825,1.0199999809265137,313.0,-128.0
2015-03-18 04:00:00,-2.4800000190734863,-13.59000015258789,556.0999755859375,2.609999895095825,1.3799999952316284,308.0,-128.0
2015-03-18 04:01:00,-2.819999933242798,-13.729999542236328,,99.98999786376953,,309.0,-127.0
2015-03-18 04:02:00,-3.4800000190734863,-13.90999984741211,575.5,3.880000114440918,2.0,309.0,-127.0
2015-03-18 04:03:00,-4.369999885559082,-14.109999656677246,575.5,3.880000114440918,2.509999990463257,313.0,-128.0
2015-03-18 04:04:00,-5.710000038146973,-13.920000076293945,591.2000122070312,3.6600000858306885,3.380000114440918,306.0,-128.0
2015-03-18 04:05:00,-5.150000095367432,-13.960000038146973,591.2000122070312,3.6600000858306885,3.0399999618530273,306.0,-128.0
2015-03-18 04:06:00,-4.400000095367432,-13.989999771118164,568.0,3.2200000286102295,2.5,317.0,-128.0
2015-03-18 04:07:00,-5.019999980926514,-13.920000076293945,579.7999877929688,3.3499999046325684,2.9100000858306885,319.0,-128.0
2015-03-18 04:08:00,-4.340000152587891,-13.949999809265137,597.9000244140625,3.569999933242798,2.5899999141693115,307.0,-127.0
2015-03-18 04:09:00,-4.710000038146973,-13.770000457763672,,99.98999786376953,,288.0,-127.0
2015-03-18 04:10:00,-3.9700000286102295,-14.15999984741211,,99.98999786376953,,284.0,-127.0
2015-03-18 04:11:00,-4.630000114440918,-13.920000076293945,580.5999755859375,3.319999933242798,2.690000057220459,287.0,-126.0
2015-03-18 04:12:00,-4.46999979019165,-13.899999618530273,580.5999755859375,3.319999933242798,2.5999999046325684,303.0,-127.0
2015-03-18 04:13:00,-4.449999809265137,-13.6899995803833,,99.98999786376953,,308.0,-127.0
2015-03-18 04:14:00,-4.059999942779541,-14.0,578.5,3.3499999046325684,2.3499999046325684,331.0,-128.0
2015-03-18 04:15:00,-3.380000114440918,-14.220000267028809,578.5,3.3499999046325684,1.9600000381469727,360.0,-128.0
2015-03-18 04:16:00,-5.079999923706055,-13.619999885559082,574.7999877929688,3.4600000381469727,2.9200000762939453,359.0,-128.0
2015-03-18 04:17:00,-5.940000057220459,-13.229999542236328,574.7999877929688,3.4600000381469727,3.4100000858306885,365.0,-129.0
2015-03-18 04:18:00,-4.860000133514404,-13.199999809265137,555.2999877929688,2.819999933242798,2.700000047683716,382.0,-128.0
2015-03-18 04:19:00,-3.5799999237060547,-12.9399995803833,560.9000244140625,2.940000057220459,2.009999990463257,378.0,-128.0
2015-03-18 04:20:00,-2.630000114440918,-12.3100004196167,552.0,2.5199999809265137,1.4500000476837158,384.0,-128.0
2015-03-18 04:21:00,-4.440000057220459,-13.229999542236328,545.2000122070312,2.509999990463257,2.4200000762939453,413.0,-128.0
2015-03-18 04:22:00,-5.119999885559082,-13.319999694824219,574.7999877929688,3.3399999141693115,2.940000057220459,410.0,-127.0
2015-03-18 04:23:00,-5.099999904632568,-12.970000267028809,574.7999877929688,3.3399999141693115,2.930000066757202,411.0,-126.0
2015-03-18 04:24:00,-1.9700000286102295,-12.180000305175781,534.5,2.309999942779541,1.0499999523162842,406.0,-126.0
2015-03-18 04:25:00,-1.5499999523162842,-11.84000015258789,528.9000244140625,2.25,0.8199999928474426,398.0,-126.0
2015-03-18 04:26:00,-2.2300000190734863,-12.100000381469727,532.9000244140625,2.180000066757202,1.190000057220459,392.0,-126.0
2015-03-18 04:27:00,-1.75,-12.369999885559082,,99.98999786376953,,375.0,-127.0
2015-03-18 04:28:00,-1.850000023841858,-12.369999885559082,535.0999755859375,2.059999942779541,0.9900000095367432,344.0,-127.0
2015-03-18 04:29:00,-2.009999990463257,-12.470000267028809,535.0999755859375,2.059999942779541,1.0800000429153442,330.0,-126.0
2015-03-18 04:30:00,-1.8200000524520874,-12.5600004196167,540.7999877929688,2.049999952316284,0.9800000190734863,320.0,-126.0
2015-03-18 04:31:00,-2.0199999809265137,-12.079999923706055,540.7999877929688,2.049999952316284,1.090000033378601,308.0,-126.0
2015-03-18 04:32:00,-2.25,-11.869999885559082,,99.98999786376953,,292.0,-126.0
2015-03-18 04:33:00,-1.850000023841858,-12.4399995803833,,99.98999786376953,,271.0,-125.0
2015-03-18 04:34:00,-2.109999895095825,-12.5,539.5999755859375,2.0399999618530273,1.1399999856948853,251.0,-125.0
2015-03-18 04:35:00,-1.7300000190734863,-12.470000267028809,537.7000122070312,2.119999885559082,0.9300000071525574,240.0,-125.0
2015-03-18 04:36:00,-1.1100000143051147,-11.960000038146973,537.7999877929688,2.1500000953674316,0.6000000238418579,211.0,-124.0
2015-03-18 04:37:00,-0.6499999761581421,-11.15999984741211,521.4000244140625,2.009999990463257,0.3400000035762787,186.0,-125.0
2015-03-18 04:38:00,0.11999999731779099,-11.539999961853027,525.7000122070312,1.8799999952316284,-0.05999999865889549,176.0,-124.0
2015-03-18 04:39:00,0.800000011920929,-11.0600004196167,524.0,1.8200000524520874,-0.41999998688697815,205.0,-124.0
2015-03-18 04:40:00,-0.30000001192092896,-12.529999732971191,535.4000244140625,1.7699999809265137,0.1599999964237213,185.0,-124.0
2015-03-18 04:41:00,-0.699999988079071,-12.920000076293945,543.7999877929688,1.7999999523162842,0.3799999952316284,156.0,-124.0
2015-03-18 04:42:00,-0.03999999910593033,-13.140000343322754,559.2000122070312,1.909999966621399,0.019999999552965164,131.0,-124.0
2015-03-18 04:43:00,-1.7799999713897705,-13.180000305175781,559.2000122070312,1.909999966621399,1.0,128.0,-123.0
2015-03-18 04:44:00,-0.6700000166893005,-12.319999694824219,,99.98999786376953,,135.0,-122.0
2015-03-18 04:45:00,0.07999999821186066,-12.539999961853027,551.5,2.069999933242798,-0.03999999910593033,149.0,-122.0
2015-03-18 04:46:00,0.3199999928474426,-12.609999656677246,551.0,2.049999952316284,-0.18000000715255737,149.0,-121.0
2015-03-18 04:47:00,-1.5700000524520874,-12.420000076293945,565.4000244140625,2.0299999713897705,0.8899999856948853,138.0,-121.0
2015-03-18 04:48:00,-0.10999999940395355,-12.300000190734863,586.2000122070312,2.25,0.05999999865889549,144.0,-120.0
2015-03-18 04:49:00,-0.8100000023841858,-11.1899995803833,,99.98999786376953,,139.0,-120.0
2015-03-18 04:50:00,-1.3600000143051147,-11.40999984741211,525.2000122070312,2.190000057220459,0.7099999785423279,142.0,-120.0
2015-03-18 04:51:00,-0.25,-11.390000343322754,527.9000244140625,2.1700000762939453,0.12999999523162842,160.0,-120.0
2015-03-18 04:52:00,-2.569999933242798,-11.619999885559082,540.0,2.1600000858306885,1.3899999856948853,181.0,-119.0
2015-03-18 04:53:00,-3.0999999046325684,-9.149999618530273,551.2999877929688,2.359999895095825,1.7100000381469727,221.0,-119.0
2015-03-18 04:54:00,-6.639999866485596,-7.46999979019165,,99.98999786376953,,201.0,-119.0
2015-03-18 04:55:00,-1.7799999713897705,-10.979999542236328,545.4000244140625,1.7300000190734863,0.9700000286102295,213.0,-118.0
2015-03-18 04:56:00,-0.44999998807907104,-10.699999809265137,530.5,1.8600000143051147,0.23999999463558197,214.0,-118.0
2015-03-18 04:57:00,2.5899999141693115,-10.880000114440918,,99.98999786376953,,242.0,-117.0
2015-03-18 04:58:00,6.210000038146973,-7.159999847412109,588.0,2.7200000286102295,-3.6500000953674316,278.0,-117.0
2015-03-18 04:59:00,10.949999809265137,-6.110000133514404,588.0,2.7200000286102295,-6.440000057220459,288.0,-115.0
2015-03-18 05:00:00,5.769999980926514,-10.039999961853027,560.7000122070312,1.8700000047683716,-3.240000009536743,268.0,-114.0
2015-03-18 05:01:00,-1.4199999570846558,-9.34000015258789,524.0,1.8300000429153442,0.7400000095367432,286.0,-113.0
2015-03-18 05:02:00,-4.480000019073486,-6.980000019073486,,99.98999786376953,,305.0,-113.0
2015-03-18 05:03:00,-1.4700000286102295,-8.529999732971191,518.5,2.299999952316284,0.7599999904632568,300.0,-112.0
2015-03-18 05:04:00,-1.0299999713897705,-10.079999923706055,538.0,2.1700000762939453,0.550000011920929,286.0,-111.0
2015-03-18 05:05:00,2.9800000190734863,-11.180000305175781,543.9000244140625,2.2699999809265137,-1.6200000047683716,320.0,-111.0
2015-03-18 05:06:00,-2.6700000762939453,-10.989999771118164,552.0,2.359999895095825,1.4700000286102295,309.0,-112.0
2015-03-18 05:07:00,-2.759999990463257,-11.0600004196167,552.0,2.359999895095825,1.5199999809265137,318.0,-112.0
2015-03-18 05:08:00,-3.3299999237060547,-9.779999732971191,,99.98999786376953,,308.0,-112.0
2015-03-18 05:09:00,-1.0299999713897705,-10.359999656677246,545.5,2.369999885559082,0.5600000023841858,314.0,-112.0
2015-03-18 05:10:00,-2.759999990463257,-10.319999694824219,541.7999877929688,1.7100000381469727,1.5,325.0,-113.0
2015-03-18 05:11:00,-3.5,-10.59000015258789,541.7999877929688,1.7000000476837158,1.899999976158142,326.0,-113.0
2015-03-18 05:12:00,5.78000020980835,-8.390000343322754,,99.98999786376953,,293.0,-113.0
2015-03-18 05:13:00,4.800000190734863,-9.020000457763672,,99.98999786376953,,323.0,-113.0
2015-03-18 05:14:00,2.3499999046325684,-10.65999984741211,549.4000244140625,1.5800000429153442,-1.2899999618530273,347.0,-112.0
2015-03-18 05:15:00,2.2100000381469727,-10.65999984741211,549.4000244140625,1.5800000429153442,-1.2100000381469727,358.0,-112.0
2015-03-18 05:16:00,0.38999998569488525,-11.15999984741211,591.7000122070312,3.0,-0.23000000417232513,372.0,-111.0
2015-03-18 05:17:00,0.8899999856948853,-10.720000267028809,567.9000244140625,2.049999952316284,-0.5099999904632568,383.0,-111.0
2015-03-18 05:18:00,-3.9800000190734863,-10.319999694824219,596.5,2.6500000953674316,2.369999885559082,368.0,-110.0
2015-03-18 05:19:00,-3.380000114440918,-10.880000114440918,596.5,2.6500000953674316,2.0199999809265137,322.0,-111.0
2015-03-18 05:20:00,-1.6799999475479126,-10.84000015258789,588.4000244140625,3.990000009536743,0.9900000095367432,254.0,-111.0
2015-03-18 05:21:00,-3.3399999141693115,-10.399999618530273,588.4000244140625,3.990000009536743,1.9700000286102295,251.0,-111.0
2015-03-18 05:22:00,-3.9200000762939453,-10.380000114440918,576.0,3.1700000762939453,2.259999990463257,229.0,-110.0
2015-03-18 05:23:00,-4.289999961853027,-10.699999809265137,576.5999755859375,3.190000057220459,2.4700000286102295,250.0,-110.0
2015-03-18 05:24:00,-5.539999961853027,-10.579999923706055,588.2999877929688,3.559999942779541,3.259999990463257,254.0,-109.0
2015-03-18 05:25:00,-7.489999771118164,-9.550000190734863,587.0999755859375,3.4700000286102295,4.400000095367432,247.0,-108.0
2015-03-18 05:26:00,-6.409999847412109,-10.09000015258789,590.7999877929688,3.3399999141693115,3.7899999618530273,219.0,-106.0
2015-03-18 05:27:00,-5.46999979019165,-10.539999961853027,,99.98999786376953,,232.0,-103.0
2015-03-18 05:28:00,-4.070000171661377,-10.670000076293945,587.0999755859375,3.619999885559082,2.390000104904175,199.0,-101.0
2015-03-18 05:29:00,-3.4700000286102295,-10.789999961853027,587.0999755859375,3.619999885559082,2.0399999618530273,161.0,-100.0
2015-03-18 05:30:00,-3.549999952316284,-10.779999732971191,,99.98999786376953,,204.0,-100.0
2015-03-18 05:31:00,-2.9600000381469727,-10.930000305175781,574.7000122070312,3.130000114440918,1.7000000476837158,217.0,-100.0
2015-03-18 05:32:00,-3.180000066757202,-10.850000381469727,582.0999755859375,3.240000009536743,1.850000023841858,233.0,-102.0
2015-03-18 05:33:00,-3.680000066757202,-10.649999618530273,,99.98999786376953,,277.0,-102.0
2015-03-18 05:34:00,-1.6699999570846558,-10.869999885559082,567.0,2.0,0.949999988079071,280.0,-102.0
2015-03-18 05:35:00,-3.059999942779541,-10.670000076293945,567.0,2.0,1.7400000095367432,289.0,-102.0
2015-03-18 05:36:00,-3.5,-10.270000457763672,566.0,2.9800000190734863,1.9800000190734863,310.0,-102.0
2015-03-18 05:37:00,-3.759999990463257,-10.149999618530273,563.5,3.119999885559082,2.119999885559082,306.0,-102.0
2015-03-18 05:38:00,-1.4800000190734863,-10.460000038146973,561.7000122070312,2.0,0.8299999833106995,306.0,-103.0
2015-03-18 05:39:00,-1.0399999618530273,-10.130000114440918,569.7000122070312,2.619999885559082,0.5899999737739563,301.0,-103.0
2015-03-18 05:40:00,-2.009999990463257,-10.84000015258789,569.5,2.2100000381469727,1.1399999856948853,332.0,-103.0
2015-03-18 05:41:00,-1.590000033378601,-10.510000228881836,569.0,2.5399999618530273,0.8999999761581421,339.0,-104.0
2015-03-18 05:42:00,-2.3299999237060547,-11.359999656677246,568.7000122070312,2.7100000381469727,1.3300000429153442,353.0,-104.0
2015-03-18 05:43:00,-0.4399999976158142,-11.100000381469727,,99.98999786376953,,342.0,-104.0
2015-03-18 05:44:00,-3.7699999809265137,-10.90999984741211,,99.98999786376953,,341.0,-105.0
2015-03-18 05:45:00,0.12999999523162842,-11.460000038146973,573.0,1.940000057220459,-0.07000000029802322,346.0,-106.0
2015-03-18 05:46:00,0.5099999904632568,-11.350000381469727,573.0,1.940000057220459,-0.28999999165534973,344.0,-106.0
2015-03-18 05:47:00,0.1899999976158142,-11.25,,99.98999786376953,,358.0,-107.0
2015-03-18 05:48:00,-0.3700000047683716,-11.529999732971191,574.5999755859375,1.899999976158142,0.20999999344348907,381.0,-107.0
2015-03-18 05:49:00,0.8500000238418579,-10.789999961853027,574.5999755859375,1.899999976158142,-0.49000000953674316,394.0,-107.0
2015-03-18 05:50:00,1.8700000047683716,-9.739999771118164,,99.98999786376953,,424.0,-108.0
2015-03-18 05:51:00,2.2799999713897705,-10.350000381469727,,99.98999786376953,,454.0,-109.0
2015-03-18 05:52:00,2.130000114440918,-9.239999771118164,546.2999877929688,1.6100000143051147,-1.159999966621399,483.0,-109.0
2015-03-18 05:53:00,2.240000009536743,-9.640000343322754,531.7000122070312,1.7100000381469727,-1.190000057220459,469.0,-110.0
2015-03-18 05:54:00,2.5999999046325684,-8.329999923706055,540.2999877929688,1.7300000190734863,-1.399999976158142,429.0,-111.0
2015-03-18 05:55:00,1.7100000381469727,-8.079999923706055,,99.98999786376953,,404.0,-112.0
2015-03-18 05:56:00,0.8999999761581421,-7.809999942779541,545.5,1.7699999809265137,-0.49000000953674316,411.0,-112.0
2015-03-18 05:57:00,-1.0099999904632568,-8.149999618530273,545.5,1.7699999809265137,0.550000011920929,411.0,-112.0
2015-03-18 05:58:00,-1.6200000047683716,-8.8100004196167,,99.98999786376953,,400.0,-112.0
2015-03-18 05:59:00,-0.9300000071525574,-9.229999542236328,540.7999877929688,1.940000057220459,0.5,386.0,-113.0
2015-03-18 06:00:00,1.659999966621399,-8.399999618530273,535.2999877929688,1.850000023841858,-0.8899999856948853,387.0,-113.0
2015-03-18 06:01:00,4.369999885559082,-8.270000457763672,527.5,1.590000033378601,-2.309999942779541,386.0,-112.0
2015-03-18 06:02:00,4.139999866485596,-7.440000057220459,527.5999755859375,1.690000057220459,-2.180000066757202,372.0,-112.0
2015-03-18 06:03:00,4.78000020980835,-7.28000020980835,527.5999755859375,1.809999942779541,-2.5199999809265137,386.0,-112.0
2015-03-18 06:04:00,6.829999923706055,-9.09000015258789,532.0999755859375,1.9299999475479126,-3.630000114440918,386.0,-111.0
2015-03-18 06:05:00,10.010000228881836,-6.809999942779541,,99.98999786376953,,370.0,-111.0
2015-03-18 06:06:00,6.360000133514404,-9.569999694824219,,99.98999786376953,,408.0,-111.0
2015-03-18 06:07:00,6.889999866485596,-9.399999618530273,,99.98999786376953,,467.0,-111.0
2015-03-18 06:08:00,4.53000020980835,-10.800000190734863,,99.98999786376953,,334.0,-110.0
2015-03-18 06:09:00,5.139999866485596,-10.369999885559082,,99.98999786376953,,292.0,-110.0
2015-03-18 06:10:00,5.260000228881836,-10.399999618530273,,99.98999786376953,,284.0,-109.0
2015-03-18 06:11:00,5.340000152587891,-11.039999961853027,,99.98999786376953,,279.0,-109.0
2015-03-18 06:12:00,6.699999809265137,-10.289999961853027,,99.98999786376953,,246.0,-109.0
2015-03-18 06:13:00,8.729999542236328,-8.15999984741211,,99.98999786376953,,223.0,-109.0
2015-03-18 06:14:00,9.6899995803833,-7.550000190734863,,99.98999786376953,,212.0,-108.0
2015-03-18 06:15:00,9.319999694824219,-7.889999866485596,,99.98999786376953,,210.0,-108.0
2015-03-18 06:16:00,9.380000114440918,-8.350000381469727,,99.98999786376953,,227.0,-108.0
2015-03-18 06:17:00,9.399999618530273,-8.079999923706055,,99.98999786376953,,244.0,-107.0
2015-03-18 06:18:00,9.109999656677246,-8.170000076293945,,99.98999786376953,,225.0,-107.0
2015-03-18 06:19:00,9.520000457763672,-7.659999847412109,,99.98999786376953,,196.0,-106.0
2015-03-18 06:20:00,8.930000305175781,-8.170000076293945,,99.98999786376953,,175.0,-106.0
2015-03-18 06:21:00,8.710000038146973,-8.470000267028809,,99.98999786376953,,185.0,-106.0
2015-03-18 06:22:00,7.28000020980835,-9.569999694824219,,99.98999786376953,,186.0,-105.0
2015-03-18 06:23:00,7.789999961853027,-9.199999809265137,,99.98999786376953,,171.0,-105.0
2015-03-18 06:24:00,6.949999809265137,-8.989999771118164,,99.98999786376953,,157.0,-104.0
2015-03-18 06:25:00,5.5,-9.34000015258789,,99.98999786376953,,145.0,-104.0
2015-03-18 06:26:00,3.700000047683716,-9.34000015258789,,99.98999786376953,,139.0,-104.0
2015-03-18 06:27:00,3.25,-9.520000457763672,,99.98999786376953,,131.0,-104.0
2015-03-18 06:28:00,3.640000104904175,-9.920000076293945,,99.98999786376953,,125.0,-104.0
2015-03-18 06:29:00,3.700000047683716,-9.4399995803833,,99.98999786376953,,129.0,-104.0
2015-03-18 06:30:00,4.190000057220459,-9.890000343322754,,99.98999786376953,,133.0,-105.0
2015-03-18 06:31:00,4.679999828338623,-9.84000015258789,,99.98999786376953,,131.0,-104.0
2015-03-18 06:32:00,3.869999885559082,-9.09000015258789,,99.98999786376953,,119.0,-104.0
2015-03-18 06:33:00,3.5799999237060547,-9.09000015258789,,99.98999786376953,,108.0,-105.0
2015-03-18 06:34:00,3.130000114440918,-9.75,,99.98999786376953,,115.0,-105.0
2015-03-18 06:35:00,1.840000033378601,-9.470000267028809,,99.98999786376953,,118.0,-105.0
2015-03-18 06:36:00,1.2400000095367432,-9.760000228881836,,99.98999786376953,,114.0,-105.0
2015-03-18 06:37:00,1.1799999475479126,-9.739999771118164,,99.98999786376953,,118.0,-104.0
2015-03-18 06:38:00,4.309999942779541,-8.670000076293945,,99.98999786376953,,117.0,-104.0
2015-03-18 06:39:00,3.7799999713897705,-8.960000038146973,,99.98999786376953,,116.0,-104.0
2015-03-18 06:40:00,3.950000047683716,-9.1899995803833,,99.98999786376953,,128.0,-103.0
2015-03-18 06:41:00,5.210000038146973,-7.03000020980835,,99.98999786376953,,132.0,-103.0
2015-03-18 06:42:00,5.039999961853027,-8.529999732971191,,99.98999786376953,,151.0,-102.0
2015-03-18 06:43:00,6.570000171661377,-7.599999904632568,,99.98999786376953,,163.0,-102.0
2015-03-18 06:44:00,6.53000020980835,-7.909999847412109,,99.98999786376953,,165.0,-101.0
2015-03-18 06:45:00,4.849999904632568,-9.15999984741211,,99.98999786376953,,164.0,-101.0
2015-03-18 06:46:00,4.400000095367432,-9.510000228881836,,99.98999786376953,,157.0,-100.0
2015-03-18 06:47:00,3.5899999141693115,-10.319999694824219,,99.98999786376953,,146.0,-100.0
2015-03-18 06:48:00,3.619999885559082,-9.880000114440918,,99.98999786376953,,156.0,-100.0
2015-03-18 06:49:00,1.659999966621399,-10.579999923706055,,99.98999786376953,,160.0,-100.0
2015-03-18 06:50:00,-1.0399999618530273,-9.829999923706055,,99.98999786376953,,168.0,-101.0
2015-03-18 06:51:00,-2.7899999618530273,-9.550000190734863,,99.98999786376953,,159.0,-100.0
2015-03-18 06:52:00,-1.4800000190734863,-10.489999771118164,567.0,2.5299999713897705,0.8399999737739563,151.0,-101.0
2015-03-18 06:53:00,-2.259999990463257,-10.260000228881836,564.7000122070312,2.2100000381469727,1.2799999713897705,154.0,-100.0
2015-03-18 06:54:00,-1.8899999856948853,-10.15999984741211,563.5999755859375,2.059999942779541,1.0700000524520874,154.0,-100.0
2015-03-18 06:55:00,-2.2899999618530273,-9.800000190734863,,99.98999786376953,,166.0,-99.0
2015-03-18 06:56:00,-2.2300000190734863,-8.960000038146973,,99.98999786376953,,178.0,-99.0
2015-03-18 06:57:00,-1.5199999809265137,-7.5,,99.98999786376953,,171.0,-98.0
2015-03-18 06:58:00,-1.600000023841858,-7.590000152587891,,99.98999786376953,,149.0,-99.0
2015-03-18 06:59:00,-1.5700000524520874,-8.4399995803833,533.5,1.909999966621399,0.8399999737739563,136.0,-98.0
2015-03-18 07:00:00,-0.5099999904632568,-9.010000228881836,539.7999877929688,1.9900000095367432,0.2800000011920929,125.0,-99.0
2015-03-18 07:01:00,0.10000000149011612,-8.229999542236328,550.5999755859375,2.119999885559082,-0.05999999865889549,147.0,-98.0
2015-03-18 07:02:00,-1.4500000476837158,-8.0,,99.98999786376953,,173.0,-97.0
2015-03-18 07:03:00,-2.240000009536743,-8.420000076293945,538.4000244140625,2.200000047683716,1.2100000381469727,187.0,-96.0
2015-03-18 07:04:00,-2.009999990463257,-8.8100004196167,551.0,2.0,1.1100000143051147,188.0,-96.0
2015-03-18 07:05:00,-2.0199999809265137,-9.270000457763672,556.0,1.9199999570846558,1.1200000047683716,181.0,-95.0
2015-03-18 07:06:00,-2.509999990463257,-9.720000267028809,549.9000244140625,2.130000114440918,1.3799999952316284,170.0,-95.0
2015-03-18 07:07:00,-0.4399999976158142,-9.34000015258789,549.9000244140625,2.130000114440918,0.23999999463558197,151.0,-94.0
2015-03-18 07:08:00,1.1399999856948853,-10.420000076293945,560.0,2.069999933242798,-0.6399999856948853,137.0,-93.0
2015-03-18 07:09:00,-0.49000000953674316,-9.630000114440918,555.9000244140625,2.0399999618530273,0.27000001072883606,125.0,-93.0
2015-03-18 07:10:00,-0.7599999904632568,-9.199999809265137,527.5999755859375,1.8700000047683716,0.4000000059604645,148.0,-92.0
2015-03-18 07:11:00,,,548.4000244140625,1.7699999809265137,,182.0,-93.0
2015-03-18 07:12:00,1.1699999570846558,-10.539999961853027,548.4000244140625,1.7699999809265137,-0.6399999856948853,194.0,-93.0
2015-03-18 07:13:00,,,548.4000244140625,1.7699999809265137,,193.0,-93.0
2015-03-18 07:14:00,-0.47999998927116394,-9.40999984741211,,99.98999786376953,,171.0,-93.0
2015-03-18 07:15:00,,,,99.98999786376953,,158.0,-94.0
2015-03-18 07:16:00,-1.9199999570846558,-8.279999732971191,,99.98999786376953,,164.0,-94.0
2015-03-18 07:17:00,-1.8300000429153442,-8.729999542236328,539.0,2.2200000286102295,0.9900000095367432,178.0,-95.0
2015-03-18 07:18:00,-0.4699999988079071,-9.880000114440918,550.0999755859375,2.180000066757202,0.25999999046325684,196.0,-95.0
2015-03-18 07:19:00,-1.409999966621399,-9.449999809265137,557.5999755859375,2.049999952316284,0.7900000214576721,204.0,-95.0
2015-03-18 07:20:00,-0.5099999904632568,-10.59000015258789,560.0,2.319999933242798,0.28999999165534973,211.0,-96.0
2015-03-18 07:21:00,1.1200000047683716,-10.020000457763672,,99.98999786376953,,228.0,-95.0
2015-03-18 07:22:00,-1.409999966621399,-10.130000114440918,,99.98999786376953,,225.0,-95.0
2015-03-18 07:23:00,-1.3700000047683716,-9.859999656677246,571.2000122070312,2.640000104904175,0.7799999713897705,211.0,-94.0
2015-03-18 07:24:00,-3.8399999141693115,-9.8100004196167,569.5999755859375,2.5199999809265137,2.190000057220459,218.0,-93.0
2015-03-18 07:25:00,0.8799999952316284,-10.630000114440918,581.4000244140625,2.25,-0.5099999904632568,235.0,-93.0
2015-03-18 07:26:00,0.27000001072883606,-10.079999923706055,614.7000122070312,2.240000009536743,-0.17000000178813934,241.0,-92.0
2015-03-18 07:27:00,-1.2400000095367432,-10.260000228881836,558.7999877929688,2.0999999046325684,0.6899999976158142,226.0,-92.0
2015-03-18 07:28:00,-1.8700000047683716,-10.100000381469727,546.2000122070312,2.200000047683716,1.0199999809265137,222.0,-91.0
2015-03-18 07:29:00,-3.549999952316284,-9.529999732971191,565.4000244140625,2.4600000381469727,2.009999990463257,217.0,-92.0
2015-03-18 07:30:00,-2.819999933242798,-10.3100004196167,576.7999877929688,2.25,1.6299999952316284,199.0,-92.0
2015-03-18 07:31:00,-2.390000104904175,-10.40999984741211,571.0,2.759999990463257,1.3600000143051147,190.0,-92.0
2015-03-18 07:32:00,-1.2799999713897705,-11.050000190734863,,99.98999786376953,,188.0,-92.0
2015-03-18 07:33:00,-4.079999923706055,-9.770000457763672,589.7000122070312,2.069999933242798,2.4100000858306885,181.0,-93.0
2015-03-18 07:34:00,-5.210000038146973,-9.460000038146973,585.9000244140625,2.4000000953674316,3.049999952316284,169.0,-93.0
2015-03-18 07:35:00,-3.7100000381469727,-9.930000305175781,582.5999755859375,3.5399999618530273,2.1600000858306885,160.0,-93.0
2015-03-18 07:36:00,-8.350000381469727,-7.340000152587891,576.5,2.9000000953674316,4.809999942779541,155.0,-92.0
2015-03-18 07:37:00,-5.539999961853027,-8.4399995803833,583.5999755859375,3.690000057220459,3.2300000190734863,154.0,-92.0
2015-03-18 07:38:00,0.14000000059604645,-9.6899995803833,579.7999877929688,3.5,-0.07999999821186066,151.0,-91.0
2015-03-18 07:39:00,-0.8799999952316284,-10.539999961853027,554.7999877929688,2.1600000858306885,0.49000000953674316,143.0,-90.0
2015-03-18 07:40:00,1.1299999952316284,-10.039999961853027,546.4000244140625,2.0399999618530273,-0.6200000047683716,130.0,-90.0
2015-03-18 07:41:00,0.3100000023841858,-11.90999984741211,572.7000122070312,1.9800000190734863,-0.18000000715255737,159.0,-89.0
2015-03-18 07:42:00,-0.7099999785423279,-11.800000190734863,582.7000122070312,2.0,0.4099999964237213,177.0,-90.0
2015-03-18 07:43:00,-0.49000000953674316,-11.8100004196167,,99.98999786376953,,206.0,-89.0
2015-03-18 07:44:00,,,590.2000122070312,2.6600000858306885,,237.0,-88.0
2015-03-18 07:45:00,-0.7099999785423279,-11.069999694824219,590.2000122070312,2.6600000858306885,0.41999998688697815,276.0,-88.0
2015-03-18 07:46:00,,,590.2000122070312,2.6600000858306885,,316.0,-88.0
2015-03-18 07:47:00,3.740000009536743,-5.119999885559082,,99.98999786376953,,341.0,-88.0
2015-03-18 07:48:00,,,,99.98999786376953,,358.0,-88.0
2015-03-18 07:49:00,,,,99.98999786376953,,395.0,-90.0
2015-03-18 07:50:00,2.609999895095825,-6.710000038146973,,99.98999786376953,,442.0,-92.0
2015-03-18 07:51:00,,,,99.98999786376953,,466.0,-94.0
2015-03-18 07:52:00,3.690000057220459,-7.659999847412109,,99.98999786376953,,473.0,-94.0
2015-03-18 07:53:00,2.7100000381469727,-8.800000190734863,523.9000244140625,1.6100000143051147,-1.4199999570846558,472.0,-94.0
2015-03-18 07:54:00,1.7699999809265137,-9.119999885559082,526.2000122070312,1.6399999856948853,-0.9300000071525574,453.0,-95.0
2015-03-18 07:55:00,1.4500000476837158,-9.420000076293945,534.7999877929688,1.7699999809265137,-0.7799999713897705,431.0,-95.0
2015-03-18 07:56:00,0.30000001192092896,-9.5,,99.98999786376953,,411.0,-95.0
2015-03-18 07:57:00,0.1599999964237213,-9.149999618530273,538.9000244140625,1.840000033378601,-0.09000000357627869,385.0,-95.0
2015-03-18 07:58:00,0.6700000166893005,-9.34000015258789,538.9000244140625,1.840000033378601,-0.36000001430511475,390.0,-96.0
2015-03-18 07:59:00,0.9200000166893005,-9.279999732971191,,99.98999786376953,,385.0,-96.0
2015-03-18 08:00:00,1.1299999952316284,-9.170000076293945,,99.98999786376953,,378.0,-97.0
2015-03-18 08:01:00,2.880000114440918,-7.610000133514404,,99.98999786376953,,364.0,-97.0
2015-03-18 08:02:00,1.5700000524520874,-8.25,,99.98999786376953,,357.0,-97.0
2015-03-18 08:03:00,-3.5199999809265137,-10.779999732971191,542.7000122070312,2.4100000858306885,1.909999966621399,345.0,-97.0
2015-03-18 08:04:00,-1.2699999809265137,-10.399999618530273,561.2999877929688,2.490000009536743,0.7099999785423279,346.0,-97.0
2015-03-18 08:05:00,-2.2699999809265137,-10.34000015258789,564.7999877929688,2.4200000762939453,1.2799999713897705,362.0,-97.0
2015-03-18 08:06:00,-3.8299999237060547,-9.399999618530273,576.4000244140625,2.75,2.2100000381469727,394.0,-97.0
2015-03-18 08:07:00,-3.2100000381469727,-9.229999542236328,598.4000244140625,3.5399999618530273,1.9199999570846558,409.0,-98.0
2015-03-18 08:08:00,1.4700000286102295,-8.399999618530273,598.4000244140625,3.5399999618530273,-0.8799999952316284,441.0,-98.0
2015-03-18 08:09:00,4.070000171661377,-8.6899995803833,545.2000122070312,1.8600000143051147,-2.2200000286102295,455.0,-99.0
2015-03-18 08:10:00,4.150000095367432,-8.649999618530273,540.5,1.7599999904632568,-2.240000009536743,447.0,-99.0
2015-03-18 08:11:00,3.009999990463257,-8.1899995803833,539.2999877929688,2.009999990463257,-1.6200000047683716,455.0,-99.0
2015-03-18 08:12:00,1.5199999809265137,-7.960000038146973,530.0999755859375,2.299999952316284,-0.8100000023841858,506.0,-100.0
2015-03-18 08:13:00,4.119999885559082,-8.020000457763672,529.0999755859375,2.0,-2.180000066757202,498.0,-100.0
2015-03-18 08:14:00,2.640000104904175,-7.440000057220459,523.2000122070312,2.3499999046325684,-1.3799999952316284,482.0,-101.0
2015-03-18 08:15:00,5.519999980926514,-6.940000057220459,531.0,2.1700000762939453,-2.930000066757202,445.0,-102.0
2015-03-18 08:16:00,3.3399999141693115,-7.659999847412109,537.2999877929688,2.4700000286102295,-1.7899999618530273,417.0,-103.0
2015-03-18 08:17:00,-1.3300000429153442,-7.610000133514404,538.9000244140625,2.259999990463257,0.7200000286102295,380.0,-103.0
2015-03-18 08:18:00,-3.6600000858306885,-7.510000228881836,536.4000244140625,2.4100000858306885,1.9600000381469727,350.0,-104.0
2015-03-18 08:19:00,-4.130000114440918,-7.539999961853027,538.5999755859375,2.6700000762939453,2.2200000286102295,370.0,-103.0
2015-03-18 08:20:00,-2.5299999713897705,-7.71999979019165,531.4000244140625,2.630000114440918,1.340000033378601,375.0,-103.0
2015-03-18 08:21:00,0.44999998807907104,-8.880000114440918,536.5,2.3499999046325684,-0.23999999463558197,370.0,-102.0
2015-03-18 08:22:00,-2.5,-7.199999809265137,546.2999877929688,2.299999952316284,1.3700000047683716,384.0,-102.0
2015-03-18 08:23:00,-1.4299999475479126,-7.239999771118164,536.7999877929688,2.369999885559082,0.7699999809265137,432.0,-102.0
2015-03-18 08:24:00,0.14000000059604645,-7.260000228881836,522.4000244140625,2.2699999809265137,-0.07000000029802322,456.0,-102.0
2015-03-18 08:25:00,0.27000001072883606,-6.96999979019165,516.7000122070312,2.069999933242798,-0.14000000059604645,432.0,-101.0
2015-03-18 08:26:00,-0.75,-6.989999771118164,511.0,2.1600000858306885,0.3799999952316284,552.0,-101.0
2015-03-18 08:27:00,0.019999999552965164,-7.079999923706055,,99.98999786376953,,696.0,-100.0
2015-03-18 08:28:00,0.5899999737739563,-6.53000020980835,515.0999755859375,2.369999885559082,-0.30000001192092896,839.0,-100.0
2015-03-18 08:29:00,0.20000000298023224,-6.510000228881836,513.7999877929688,2.2200000286102295,-0.10000000149011612,953.0,-100.0
2015-03-18 08:30:00,-1.3200000524520874,-7.590000152587891,527.7999877929688,2.1500000953674316,0.699999988079071,1010.0,-99.0
2015-03-18 08:31:00,-2.7100000381469727,-7.550000190734863,527.0,2.3399999141693115,1.4299999475479126,1038.0,-99.0
2015-03-18 08:32:00,-3.180000066757202,-7.369999885559082,527.0,2.3399999141693115,1.6799999475479126,1286.0,-98.0
2015-03-18 08:33:00,-4.760000228881836,-7.409999847412109,538.7999877929688,2.7100000381469727,2.559999942779541,1174.0,-98.0
2015-03-18 08:34:00,-5.130000114440918,-6.800000190734863,538.7999877929688,2.7100000381469727,2.759999990463257,1065.0,-97.0
2015-03-18 08:35:00,-5.360000133514404,-7.03000020980835,,99.98999786376953,,1142.0,-97.0
2015-03-18 08:36:00,-4.599999904632568,-6.380000114440918,,99.98999786376953,,1274.0,-96.0
2015-03-18 08:37:00,-4.619999885559082,-7.21999979019165,533.5999755859375,2.990000009536743,2.4700000286102295,1228.0,-96.0
2015-03-18 08:38:00,0.7599999904632568,-9.850000381469727,538.9000244140625,2.8399999141693115,-0.4099999964237213,1118.0,-96.0
2015-03-18 08:39:00,-0.46000000834465027,-8.949999809265137,555.7999877929688,2.309999942779541,0.25999999046325684,1029.0,-96.0
2015-03-18 08:40:00,-0.4699999988079071,-8.180000305175781,551.7000122070312,2.559999942779541,0.25999999046325684,906.0,-97.0
2015-03-18 08:41:00,-0.8899999856948853,-7.889999866485596,537.0999755859375,2.559999942779541,0.47999998927116394,843.0,-97.0
2015-03-18 08:42:00,3.359999895095825,-9.449999809265137,519.2000122070312,2.5299999713897705,-1.7400000095367432,839.0,-97.0
2015-03-18 08:43:00,-2.859999895095825,-7.519999980926514,,99.98999786376953,,868.0,-97.0
2015-03-18 08:44:00,-2.8499999046325684,-9.029999732971191,,99.98999786376953,,830.0,-97.0
2015-03-18 08:45:00,-4.619999885559082,-10.100000381469727,,99.98999786376953,,726.0,-96.0
2015-03-18 08:46:00,-7.289999961853027,-7.880000114440918,579.0,3.759999990463257,4.21999979019165,691.0,-96.0
2015-03-18 08:47:00,-4.099999904632568,-8.529999732971191,578.5999755859375,3.7100000381469727,2.369999885559082,670.0,-95.0
2015-03-18 08:48:00,-6.079999923706055,-8.729999542236328,572.5999755859375,3.1700000762939453,3.4800000190734863,663.0,-94.0
2015-03-18 08:49:00,-3.119999885559082,-9.829999923706055,562.0,2.5899999141693115,1.75,622.0,-93.0
2015-03-18 08:50:00,-3.3299999237060547,-9.109999656677246,,99.98999786376953,,595.0,-93.0
2015-03-18 08:51:00,-3.3299999237060547,-9.119999885559082,,99.98999786376953,,569.0,-92.0
2015-03-18 08:52:00,-4.300000190734863,-8.529999732971191,544.2000122070312,2.7699999809265137,2.3399999141693115,629.0,-92.0
2015-03-18 08:53:00,-4.090000152587891,-8.59000015258789,544.2000122070312,2.7699999809265137,2.2300000190734863,737.0,-91.0
2015-03-18 08:54:00,-5.110000133514404,-8.449999809265137,560.5999755859375,3.3299999237060547,2.859999895095825,652.0,-90.0
2015-03-18 08:55:00,-2.390000104904175,-8.600000381469727,535.2000122070312,2.7699999809265137,1.2799999713897705,621.0,-90.0
2015-03-18 08:56:00,-0.3100000023841858,-9.25,554.2000122070312,2.7699999809265137,0.17000000178813934,587.0,-90.0
2015-03-18 08:57:00,-0.9599999785423279,-9.65999984741211,551.7000122070312,2.930000066757202,0.5299999713897705,567.0,-90.0
2015-03-18 08:58:00,-4.050000190734863,-10.399999618530273,561.5,2.569999933242798,2.2699999809265137,529.0,-89.0
2015-03-18 08:59:00,-3.9200000762939453,-10.34000015258789,564.0999755859375,2.619999885559082,2.2100000381469727,559.0,-89.0
2015-03-18 09:00:00,3.890000104904175,-8.119999885559082,,99.98999786376953,,562.0,-89.0
2015-03-18 09:01:00,6.849999904632568,-7.46999979019165,,99.98999786376953,,524.0,-89.0
2015-03-18 09:02:00,5.349999904632568,-7.820000171661377,,99.98999786376953,,516.0,-89.0
2015-03-18 09:03:00,4.300000190734863,-8.539999961853027,537.5999755859375,2.0299999713897705,-2.309999942779541,513.0,-89.0
2015-03-18 09:04:00,0.4699999988079071,-8.800000190734863,537.5,2.0299999713897705,-0.25,521.0,-90.0
2015-03-18 09:05:00,4.579999923706055,-9.760000228881836,532.4000244140625,2.180000066757202,-2.440000057220459,532.0,-90.0
2015-03-18 09:06:00,0.12999999523162842,-10.789999961853027,557.4000244140625,2.630000114440918,-0.07000000029802322,551.0,-91.0
2015-03-18 09:07:00,-0.7200000286102295,-10.550000190734863,553.7000122070312,2.630000114440918,0.4000000059604645,587.0,-91.0
2015-03-18 09:08:00,-1.2100000381469727,-9.920000076293945,553.2999877929688,2.630000114440918,0.6700000166893005,585.0,-91.0
2015-03-18 09:09:00,-2.4200000762939453,-9.369999885559082,535.9000244140625,2.549999952316284,1.2999999523162842,572.0,-91.0
2015-03-18 09:10:00,-0.1899999976158142,-9.520000457763672,539.0,2.559999942779541,0.10000000149011612,558.0,-91.0
2015-03-18 09:11:00,-1.0700000524520874,-10.149999618530273,548.5999755859375,2.4000000953674316,0.5899999737739563,564.0,-91.0
2015-03-18 09:12:00,,,554.5999755859375,2.2799999713897705,,560.0,-90.0
2015-03-18 09:13:00,-4.28000020980835,-7.840000152587891,536.0,2.700000047683716,2.2899999618530273,529.0,-90.0
2015-03-18 09:14:00,-6.119999885559082,-6.699999809265137,533.2000122070312,2.930000066757202,3.259999990463257,518.0,-90.0
2015-03-18 09:15:00,-4.329999923706055,-9.170000076293945,542.2000122070312,3.0199999809265137,2.3499999046325684,556.0,-90.0
2015-03-18 09:16:00,-3.309999942779541,-9.300000190734863,550.7999877929688,3.1500000953674316,1.8200000524520874,590.0,-89.0
2015-03-18 09:17:00,-4.179999828338623,-9.279999732971191,548.0,3.0199999809265137,2.2899999618530273,587.0,-89.0
2015-03-18 09:18:00,-1.7300000190734863,-10.350000381469727,552.7999877929688,2.9000000953674316,0.9599999785423279,579.0,-89.0
2015-03-18 09:19:00,-0.6299999952316284,-10.529999732971191,549.0999755859375,2.390000104904175,0.3499999940395355,580.0,-88.0
2015-03-18 09:20:00,-2.5299999713897705,-9.489999771118164,545.2999877929688,2.6500000953674316,1.3799999952316284,620.0,-88.0
2015-03-18 09:21:00,-0.25,-10.0600004196167,542.9000244140625,2.690000057220459,0.14000000059604645,651.0,-88.0
2015-03-18 09:22:00,-2.2300000190734863,-9.8100004196167,542.2000122070312,2.7200000286102295,1.2100000381469727,640.0,-88.0
2015-03-18 09:23:00,-2.5899999141693115,-9.869999885559082,543.7000122070312,3.259999990463257,1.409999966621399,602.0,-88.0
2015-03-18 09:24:00,-0.36000001430511475,-10.050000190734863,547.5,2.940000057220459,0.20000000298023224,574.0,-89.0
2015-03-18 09:25:00,-0.6600000262260437,-10.210000038146973,546.7999877929688,2.7899999618530273,0.36000001430511475,589.0,-89.0
2015-03-18 09:26:00,0.10999999940395355,-10.420000076293945,545.7999877929688,2.5899999141693115,-0.05999999865889549,616.0,-89.0
2015-03-18 09:27:00,-2.859999895095825,-9.90999984741211,549.5,2.940000057220459,1.5700000524520874,607.0,-89.0
2015-03-18 09:28:00,-2.930000066757202,-9.890000343322754,549.5,2.940000057220459,1.6100000143051147,594.0,-89.0
2015-03-18 09:29:00,0.23999999463558197,-11.300000190734863,562.0999755859375,2.7200000286102295,-0.12999999523162842,635.0,-89.0
2015-03-18 09:30:00,1.7100000381469727,-11.850000381469727,566.7999877929688,2.6500000953674316,-0.9700000286102295,641.0,-89.0
2015-03-18 09:31:00,1.2000000476837158,-11.970000267028809,572.5999755859375,2.559999942779541,-0.6899999976158142,652.0,-88.0
2015-03-18 09:32:00,1.3899999856948853,-12.25,,99.98999786376953,,667.0,-89.0
2015-03-18 09:33:00,2.75,-11.25,,99.98999786376953,,670.0,-89.0
2015-03-18 09:34:00,0.9300000071525574,-11.819999694824219,,99.98999786376953,,658.0,-90.0
2015-03-18 09:35:00,1.909999966621399,-11.850000381469727,569.5999755859375,2.569999933242798,-1.090000033378601,655.0,-90.0
2015-03-18 09:36:00,2.440000057220459,-11.520000457763672,569.5999755859375,2.569999933242798,-1.3899999856948853,640.0,-91.0
2015-03-18 09:37:00,1.5800000429153442,-11.5,,99.98999786376953,,644.0,-91.0
2015-03-18 09:38:00,3.0,-11.069999694824219,,99.98999786376953,,629.0,-91.0
2015-03-18 09:39:00,3.0199999809265137,-10.949999809265137,,99.98999786376953,,634.0,-91.0
2015-03-18 09:40:00,3.6500000953674316,-10.229999542236328,,99.98999786376953,,655.0,-91.0
2015-03-18 09:41:00,3.390000104904175,-10.180000305175781,,99.98999786376953,,640.0,-91.0
2015-03-18 09:42:00,1.4500000476837158,-11.5,,99.98999786376953,,623.0,-91.0
2015-03-18 09:43:00,0.8500000238418579,-11.779999732971191,,99.98999786376953,,617.0,-91.0
2015-03-18 09:44:00,0.3199999928474426,-11.680000305175781,564.2000122070312,2.369999885559082,-0.18000000715255737,627.0,-90.0
2015-03-18 09:45:00,-1.5,-11.59000015258789,564.2000122070312,2.369999885559082,0.8500000238418579,643.0,-90.0
2015-03-18 09:46:00,-1.3799999952316284,-11.600000381469727,572.2000122070312,2.930000066757202,0.7900000214576721,626.0,-91.0
2015-03-18 09:47:00,-2.390000104904175,-11.760000228881836,572.2000122070312,2.930000066757202,1.3700000047683716,581.0,-90.0
2015-03-18 09:48:00,-2.490000009536743,-11.890000343322754,,99.98999786376953,,566.0,-91.0
2015-03-18 09:49:00,-1.4500000476837158,-12.170000076293945,584.5,2.9600000381469727,0.8500000238418579,547.0,-90.0
2015-03-18 09:50:00,-0.7699999809265137,-12.100000381469727,585.0,3.0999999046325684,0.44999998807907104,561.0,-90.0
2015-03-18 09:51:00,1.8300000429153442,-10.4399995803833,591.2999877929688,3.380000114440918,-1.0800000429153442,556.0,-90.0
2015-03-18 09:52:00,2.0899999141693115,-10.920000076293945,577.7000122070312,2.799999952316284,-1.2100000381469727,538.0,-89.0
2015-03-18 09:53:00,1.7400000095367432,-11.109999656677246,577.7000122070312,2.799999952316284,-1.0099999904632568,536.0,-89.0
2015-03-18 09:54:00,0.49000000953674316,-10.449999809265137,,99.98999786376953,,548.0,-88.0
2015-03-18 09:55:00,1.100000023841858,-10.359999656677246,,99.98999786376953,,571.0,-88.0
2015-03-18 09:56:00,1.4900000095367432,-10.270000457763672,,99.98999786376953,,557.0,-89.0
2015-03-18 09:57:00,2.6700000762939453,-10.5600004196167,,99.98999786376953,,534.0,-89.0
2015-03-18 09:58:00,2.180000066757202,-10.670000076293945,,99.98999786376953,,514.0,-90.0
2015-03-18 09:59:00,2.299999952316284,-10.260000228881836,,99.98999786376953,,536.0,-91.0
2015-03-18 10:00:00,2.759999990463257,-10.380000114440918,,99.98999786376953,,563.0,-91.0
2015-03-18 10:01:00,2.130000114440918,-10.390000343322754,,99.98999786376953,,549.0,-92.0
2015-03-18 10:02:00,2.5799999237060547,-10.380000114440918,,99.98999786376953,,518.0,-91.0
2015-03-18 10:03:00,2.0999999046325684,-10.510000228881836,,99.98999786376953,,542.0,-91.0
2015-03-18 10:04:00,2.309999942779541,-10.279999732971191,,99.98999786376953,,566.0,-91.0
2015-03-18 10:05:00,1.7300000190734863,-10.850000381469727,,99.98999786376953,,559.0,-92.0
2015-03-18 10:06:00,2.3499999046325684,-10.40999984741211,,99.98999786376953,,560.0,-91.0
2015-03-18 10:07:00,1.909999966621399,-10.729999542236328,,99.98999786376953,,541.0,-91.0
2015-03-18 10:08:00,2.430000066757202,-10.680000305175781,,99.98999786376953,,500.0,-91.0
2015-03-18 10:09:00,3.4200000762939453,-10.609999656677246,,99.98999786376953,,476.0,-91.0
2015-03-18 10:10:00,2.9200000762939453,-10.670000076293945,,99.98999786376953,,510.0,-92.0
2015-03-18 10:11:00,3.4700000286102295,-10.270000457763672,,99.98999786376953,,523.0,-92.0
2015-03-18 10:12:00,-0.18000000715255737,-11.199999809265137,,99.98999786376953,,490.0,-93.0
2015-03-18 10:13:00,-3.299999952316284,-11.09000015258789,,99.98999786376953,,540.0,-93.0
2015-03-18 10:14:00,-4.949999809265137,-10.40999984741211,,99.98999786376953,,490.0,-93.0
2015-03-18 10:15:00,-1.6100000143051147,-11.239999771118164,,99.98999786376953,,486.0,-93.0
2015-03-18 10:16:00,1.940000057220459,-11.020000457763672,,99.98999786376953,,487.0,-92.0
2015-03-18 10:17:00,4.420000076293945,-9.8100004196167,,99.98999786376953,,470.0,-91.0
2015-03-18 10:18:00,3.0999999046325684,-10.630000114440918,,99.98999786376953,,427.0,-89.0
2015-03-18 10:19:00,0.9100000262260437,-10.880000114440918,,99.98999786376953,,399.0,-89.0
2015-03-18 10:20:00,4.170000076293945,-11.369999885559082,,99.98999786376953,,425.0,-90.0
2015-03-18 10:21:00,2.7300000190734863,-11.449999809265137,,99.98999786376953,,422.0,-90.0
2015-03-18 10:22:00,2.3299999237060547,-11.899999618530273,,99.98999786376953,,351.0,-90.0
2015-03-18 10:23:00,2.440000057220459,-11.430000305175781,,99.98999786376953,,309.0,-90.0
2015-03-18 10:24:00,3.819999933242798,-11.220000267028809,,99.98999786376953,,358.0,-90.0
2015-03-18 10:25:00,-0.4300000071525574,-11.329999923706055,,99.98999786376953,,406.0,-90.0
2015-03-18 10:26:00,-2.369999885559082,-10.859999656677246,,99.98999786376953,,368.0,-90.0
2015-03-18 10:27:00,-1.940000057220459,-10.84000015258789,,99.98999786376953,,300.0,-90.0
2015-03-18 10:28:00,-0.25999999046325684,-10.84000015258789,,99.98999786376953,,297.0,-91.0
2015-03-18 10:29:00,0.6000000238418579,-10.579999923706055,,99.98999786376953,,332.0,-90.0
2015-03-18 10:30:00,1.7599999904632568,-10.460000038146973,,99.98999786376953,,322.0,-90.0
2015-03-18 10:31:00,3.430000066757202,-9.970000267028809,,99.98999786376953,,271.0,-89.0
2015-03-18 10:32:00,2.7899999618530273,-10.170000076293945,,99.98999786376953,,237.0,-89.0
2015-03-18 10:33:00,1.4500000476837158,-9.300000190734863,,99.98999786376953,,297.0,-88.0
2015-03-18 10:34:00,-4.289999961853027,-9.9399995803833,,99.98999786376953,,374.0,-87.0
2015-03-18 10:35:00,-0.27000001072883606,-10.800000190734863,,99.98999786376953,,260.0,-87.0
2015-03-18 10:36:00,-0.029999999329447746,-10.359999656677246,,99.98999786376953,,297.0,-87.0
2015-03-18 10:37:00,-0.1599999964237213,-10.029999732971191,,99.98999786376953,,296.0,-87.0
2015-03-18 10:38:00,0.7099999785423279,-10.90999984741211,,99.98999786376953,,300.0,-86.0
2015-03-18 10:39:00,0.17000000178813934,-10.039999961853027,,99.98999786376953,,309.0,-85.0
2015-03-18 10:40:00,-0.03999999910593033,-9.199999809265137,,99.98999786376953,,417.0,-84.0
2015-03-18 10:41:00,1.5499999523162842,-10.680000305175781,,99.98999786376953,,393.0,-83.0
2015-03-18 10:42:00,0.30000001192092896,-10.779999732971191,,99.98999786376953,,373.0,-82.0
2015-03-18 10:43:00,0.7799999713897705,-10.829999923706055,,99.98999786376953,,472.0,-82.0
2015-03-18 10:44:00,1.2799999713897705,-10.289999961853027,,99.98999786376953,,431.0,-81.0
2015-03-18 10:45:00,3.5899999141693115,-9.210000038146973,,99.98999786376953,,453.0,-81.0
2015-03-18 10:46:00,-3.430000066757202,-10.9399995803833,627.5,4.53000020980835,2.1500000953674316,515.0,-81.0
2015-03-18 10:47:00,-4.980000019073486,-10.5,611.4000244140625,4.510000228881836,3.0399999618530273,539.0,-80.0
2015-03-18 10:48:00,-5.300000190734863,-10.59000015258789,599.0999755859375,4.46999979019165,3.180000066757202,522.0,-79.0
2015-03-18 10:49:00,-6.019999980926514,-10.739999771118164,605.7000122070312,4.21999979019165,3.6500000953674316,515.0,-78.0
2015-03-18 10:50:00,-5.639999866485596,-11.289999961853027,602.9000244140625,4.320000171661377,3.4000000953674316,503.0,-77.0
2015-03-18 10:51:00,-5.75,-11.079999923706055,612.2999877929688,4.289999961853027,3.5199999809265137,493.0,-75.0
2015-03-18 10:52:00,-6.610000133514404,-10.420000076293945,597.0999755859375,3.859999895095825,3.950000047683716,511.0,-74.0
2015-03-18 10:53:00,-7.900000095367432,-9.550000190734863,595.9000244140625,3.8399999141693115,4.710000038146973,517.0,-74.0
2015-03-18 10:54:00,-6.630000114440918,-10.710000038146973,600.0,4.400000095367432,3.9800000190734863,502.0,-73.0
2015-03-18 10:55:00,-7.800000190734863,-9.800000190734863,600.0,4.400000095367432,4.679999828338623,517.0,-73.0
2015-03-18 10:56:00,-8.449999809265137,-9.399999618530273,601.4000244140625,4.289999961853027,5.079999923706055,563.0,-72.0
2015-03-18 10:57:00,-7.610000133514404,-9.819999694824219,596.5,4.059999942779541,4.539999961853027,608.0,-71.0
2015-03-18 10:58:00,-6.989999771118164,-10.3100004196167,589.5,3.609999895095825,4.119999885559082,628.0,-70.0
2015-03-18 10:59:00,-5.889999866485596,-11.119999885559082,591.7000122070312,3.5899999141693115,3.490000009536743,627.0,-69.0
2015-03-18 11:00:00,-7.099999904632568,-10.470000267028809,,99.98999786376953,,583.0,-69.0
2015-03-18 11:01:00,-5.630000114440918,-11.270000457763672,,99.98999786376953,,610.0,-69.0
2015-03-18 11:02:00,-0.9200000166893005,-12.239999771118164,,99.98999786376953,,597.0,-69.0
2015-03-18 11:03:00,-4.019999980926514,-11.819999694824219,,99.98999786376953,,641.0,-69.0
2015-03-18 11:04:00,-3.7300000190734863,-11.630000114440918,588.9000244140625,3.5,2.200000047683716,649.0,-70.0
2015-03-18 11:05:00,-4.71999979019165,-11.34000015258789,589.9000244140625,3.549999952316284,2.7799999713897705,613.0,-71.0
2015-03-18 11:06:00,-4.920000076293945,-10.920000076293945,598.9000244140625,4.170000076293945,2.950000047683716,626.0,-70.0
2015-03-18 11:07:00,-4.150000095367432,-11.149999618530273,595.5999755859375,4.630000114440918,2.4700000286102295,665.0,-69.0
2015-03-18 11:08:00,-3.950000047683716,-11.220000267028809,595.5999755859375,4.579999923706055,2.3499999046325684,694.0,-68.0
2015-03-18 11:09:00,-3.640000104904175,-11.15999984741211,594.9000244140625,4.03000020980835,2.1700000762939453,710.0,-67.0
2015-03-18 11:10:00,-3.7100000381469727,-11.220000267028809,,99.98999786376953,,721.0,-67.0
2015-03-18 11:11:00,,,,99.98999786376953,,771.0,-67.0
2015-03-18 11:12:00,,,,99.98999786376953,,797.0,-68.0
2015-03-18 11:13:00,,,,99.98999786376953,,786.0,-69.0
2015-03-18 11:14:00,-0.9800000190734863,-10.770000457763672,,99.98999786376953,,752.0,-70.0
2015-03-18 11:15:00,-2.069999933242798,-10.539999961853027,585.7000122070312,3.8299999237060547,1.2100000381469727,765.0,-70.0
2015-03-18 11:16:00,-2.380000114440918,-10.359999656677246,578.9000244140625,3.509999990463257,1.3799999952316284,791.0,-71.0
2015-03-18 11:17:00,,,,99.98999786376953,,815.0,-72.0
2015-03-18 11:18:00,-3.890000104904175,-10.960000038146973,,99.98999786376953,,847.0,-73.0
2015-03-18 11:19:00,-2.869999885559082,-10.4399995803833,,99.98999786376953,,870.0,-73.0
2015-03-18 11:20:00,-1.409999966621399,-9.399999618530273,563.5,3.5399999618530273,0.7900000214576721,854.0,-74.0
2015-03-18 11:21:00,-0.33000001311302185,-9.350000381469727,566.4000244140625,3.75,0.1899999976158142,817.0,-75.0
2015-03-18 11:22:00,-0.5199999809265137,-9.479999542236328,565.0999755859375,3.8499999046325684,0.28999999165534973,712.0,-75.0
2015-03-18 11:23:00,-1.600000023841858,-10.15999984741211,579.0,4.320000171661377,0.9300000071525574,705.0,-76.0
2015-03-18 11:24:00,-1.3799999952316284,-9.739999771118164,571.9000244140625,3.890000104904175,0.7900000214576721,737.0,-76.0
2015-03-18 11:25:00,0.38999998569488525,-8.34000015258789,580.7999877929688,4.269999980926514,-0.23000000417232513,700.0,-77.0
2015-03-18 11:26:00,2.109999895095825,-7.489999771118164,566.7000122070312,4.409999847412109,-1.2000000476837158,683.0,-78.0
2015-03-18 11:27:00,3.8299999237060547,-6.369999885559082,565.7999877929688,3.859999895095825,-2.1700000762939453,630.0,-79.0
2015-03-18 11:28:00,5.090000152587891,-5.289999961853027,564.7999877929688,3.9000000953674316,-2.869999885559082,591.0,-78.0
2015-03-18 11:29:00,4.949999809265137,-5.5,563.7000122070312,3.9200000762939453,-2.7899999618530273,553.0,-78.0
2015-03-18 11:30:00,1.8200000524520874,-7.619999885559082,576.7999877929688,3.950000047683716,-1.0499999523162842,547.0,-78.0
2015-03-18 11:31:00,-1.850000023841858,-9.430000305175781,602.5999755859375,4.610000133514404,1.1100000143051147,484.0,-79.0
2015-03-18 11:32:00,-4.409999847412109,-10.65999984741211,595.5999755859375,4.239999771118164,2.630000114440918,410.0,-80.0
2015-03-18 11:33:00,-3.25,-10.15999984741211,595.5999755859375,4.239999771118164,1.940000057220459,357.0,-80.0
2015-03-18 11:34:00,-5.449999809265137,-9.529999732971191,594.2999877929688,4.21999979019165,3.240000009536743,370.0,-80.0
2015-03-18 11:35:00,-7.46999979019165,-9.239999771118164,592.5,4.28000020980835,4.429999828338623,347.0,-80.0
2015-03-18 11:36:00,-8.75,-7.570000171661377,620.2000122070312,4.630000114440918,5.429999828338623,346.0,-80.0
2015-03-18 11:37:00,-0.7599999904632568,-10.380000114440918,579.4000244140625,3.9700000286102295,0.4399999976158142,331.0,-80.0
2015-03-18 11:38:00,-3.380000114440918,-10.140000343322754,578.7000122070312,3.9700000286102295,1.9600000381469727,350.0,-79.0
2015-03-18 11:39:00,0.5600000023841858,-9.470000267028809,,99.98999786376953,,340.0,-79.0
2015-03-18 11:40:00,0.15000000596046448,-9.65999984741211,567.2000122070312,3.7799999713897705,-0.09000000357627869,309.0,-79.0
2015-03-18 11:41:00,-0.2199999988079071,-9.619999885559082,566.2000122070312,3.4800000190734863,0.11999999731779099,315.0,-80.0
2015-03-18 11:42:00,-1.4900000095367432,-9.430000305175781,564.5,3.440000057220459,0.8399999737739563,308.0,-80.0
2015-03-18 11:43:00,-0.3700000047683716,-9.15999984741211,568.2999877929688,3.309999942779541,0.20999999344348907,362.0,-79.0
2015-03-18 11:44:00,4.179999828338623,-7.909999847412109,576.4000244140625,3.2200000286102295,-2.4100000858306885,418.0,-79.0
2015-03-18 11:45:00,5.929999828338623,-7.289999961853027,,99.98999786376953,,445.0,-78.0
2015-03-18 11:46:00,6.269999980926514,-6.230000019073486,564.2999877929688,3.1500000953674316,-3.5399999618530273,458.0,-78.0
2015-03-18 11:47:00,3.6500000953674316,-8.279999732971191,562.0999755859375,3.119999885559082,-2.049999952316284,481.0,-77.0
2015-03-18 11:48:00,3.119999885559082,-7.829999923706055,559.0,2.940000057220459,-1.7400000095367432,487.0,-78.0
2015-03-18 11:49:00,3.1500000953674316,-8.3100004196167,558.9000244140625,2.9600000381469727,-1.7599999904632568,451.0,-78.0
2015-03-18 11:50:00,2.799999952316284,-8.470000267028809,,99.98999786376953,,431.0,-78.0
2015-03-18 11:51:00,3.450000047683716,-8.289999961853027,,99.98999786376953,,435.0,-78.0
2015-03-18 11:52:00,3.369999885559082,-9.220000267028809,,99.98999786376953,,468.0,-78.0
2015-03-18 11:53:00,2.4700000286102295,-9.199999809265137,,99.98999786376953,,499.0,-78.0
2015-03-18 11:54:00,2.309999942779541,-9.109999656677246,,99.98999786376953,,513.0,-79.0
2015-03-18 11:55:00,-0.9900000095367432,-9.020000457763672,,99.98999786376953,,505.0,-79.0
2015-03-18 11:56:00,1.5800000429153442,-9.279999732971191,,99.98999786376953,,477.0,-79.0
2015-03-18 11:57:00,-0.9100000262260437,-9.630000114440918,580.2999877929688,3.5799999237060547,0.5299999713897705,450.0,-79.0
2015-03-18 11:58:00,-2.9100000858306885,-8.720000267028809,580.2999877929688,3.5799999237060547,1.690000057220459,449.0,-79.0
2015-03-18 11:59:00,-3.819999933242798,-9.380000114440918,,99.98999786376953,,454.0,-79.0
2015-03-18 12:00:00,-3.549999952316284,-9.100000381469727,574.9000244140625,3.799999952316284,2.0399999618530273,469.0,-78.0
2015-03-18 12:01:00,-2.8499999046325684,-9.100000381469727,574.9000244140625,3.799999952316284,1.6399999856948853,447.0,-77.0
2015-03-18 12:02:00,-2.240000009536743,-9.460000038146973,570.2000122070312,3.2799999713897705,1.2799999713897705,421.0,-76.0
2015-03-18 12:03:00,-5.380000114440918,-9.460000038146973,583.0,3.5999999046325684,3.140000104904175,404.0,-76.0
2015-03-18 12:04:00,-3.2200000286102295,-8.989999771118164,589.7999877929688,3.690000057220459,1.899999976158142,408.0,-76.0
2015-03-18 12:05:00,-2.2200000286102295,-9.729999542236328,570.0,3.069999933242798,1.2699999809265137,432.0,-75.0
2015-03-18 12:06:00,-4.949999809265137,-8.84000015258789,571.0,3.109999895095825,2.8299999237060547,466.0,-74.0
2015-03-18 12:07:00,-0.3499999940395355,-4.929999828338623,593.7999877929688,4.130000114440918,0.20999999344348907,456.0,-74.0
2015-03-18 12:08:00,7.300000190734863,-2.799999952316284,,99.98999786376953,,413.0,-73.0
2015-03-18 12:09:00,8.359999656677246,-1.8899999856948853,580.0,4.610000133514404,-4.849999904632568,369.0,-73.0
2015-03-18 12:10:00,9.050000190734863,-1.6299999952316284,579.7999877929688,4.619999885559082,-5.25,441.0,-73.0
2015-03-18 12:11:00,9.59000015258789,-0.5899999737739563,580.9000244140625,4.579999923706055,-5.570000171661377,478.0,-73.0
2015-03-18 12:12:00,8.069999694824219,-2.9700000286102295,585.5,4.260000228881836,-4.71999979019165,400.0,-74.0
2015-03-18 12:13:00,8.960000038146973,-2.490000009536743,576.0,3.759999990463257,-5.159999847412109,368.0,-74.0
2015-03-18 12:14:00,8.489999771118164,-3.6700000762939453,581.5,3.3299999237060547,-4.940000057220459,408.0,-74.0
2015-03-18 12:15:00,7.980000019073486,-2.309999942779541,569.7999877929688,3.990000009536743,-4.550000190734863,365.0,-75.0
2015-03-18 12:16:00,7.599999904632568,-4.019999980926514,569.2000122070312,3.7899999618530273,-4.329999923706055,320.0,-75.0
2015-03-18 12:17:00,7.460000038146973,-3.9000000953674316,568.0999755859375,3.559999942779541,-4.239999771118164,355.0,-76.0
2015-03-18 12:18:00,7.409999847412109,-3.950000047683716,566.2000122070312,3.369999885559082,-4.199999809265137,373.0,-76.0
2015-03-18 12:19:00,6.920000076293945,-5.130000114440918,566.7999877929688,3.559999942779541,-3.9200000762939453,338.0,-75.0
2015-03-18 12:20:00,6.320000171661377,-6.130000114440918,572.0999755859375,3.4800000190734863,-3.619999885559082,354.0,-76.0
2015-03-18 12:21:00,5.679999828338623,-6.369999885559082,568.7000122070312,3.690000057220459,-3.2300000190734863,382.0,-75.0
2015-03-18 12:22:00,4.650000095367432,-7.340000152587891,568.9000244140625,3.380000114440918,-2.6500000953674316,360.0,-75.0
2015-03-18 12:23:00,4.579999923706055,-7.190000057220459,568.2000122070312,3.569999933242798,-2.5999999046325684,330.0,-75.0
2015-03-18 12:24:00,4.400000095367432,-7.110000133514404,,99.98999786376953,,352.0,-75.0
2015-03-18 12:25:00,5.420000076293945,-6.639999866485596,564.4000244140625,2.819999933242798,-3.059999942779541,396.0,-75.0
2015-03-18 12:26:00,5.099999904632568,-6.579999923706055,563.2999877929688,2.930000066757202,-2.869999885559082,396.0,-75.0
2015-03-18 12:27:00,5.239999771118164,-6.960000038146973,563.2999877929688,2.9000000953674316,-2.950000047683716,373.0,-76.0
2015-03-18 12:28:00,3.5199999809265137,-7.360000133514404,555.5,3.119999885559082,-1.9600000381469727,378.0,-75.0
2015-03-18 12:29:00,4.21999979019165,-7.289999961853027,559.2999877929688,3.1700000762939453,-2.359999895095825,389.0,-75.0
2015-03-18 12:30:00,4.170000076293945,-7.489999771118164,559.2999877929688,3.1700000762939453,-2.3299999237060547,356.0,-75.0
2015-03-18 12:31:00,3.2200000286102295,-6.989999771118164,554.0999755859375,3.0399999618530273,-1.7799999713897705,327.0,-75.0
2015-03-18 12:32:00,3.4700000286102295,-6.110000133514404,554.0999755859375,3.0399999618530273,-1.9199999570846558,341.0,-75.0
2015-03-18 12:33:00,2.440000057220459,-7.550000190734863,555.5999755859375,2.9000000953674316,-1.3600000143051147,351.0,-75.0
2015-03-18 12:34:00,1.809999942779541,-7.889999866485596,557.5,3.049999952316284,-1.0099999904632568,337.0,-75.0
2015-03-18 12:35:00,1.2000000476837158,-8.4399995803833,561.7000122070312,3.1600000858306885,-0.6700000166893005,344.0,-76.0
2015-03-18 12:36:00,-0.6000000238418579,-8.319999694824219,561.7000122070312,3.1600000858306885,0.3400000035762787,367.0,-75.0
2015-03-18 12:37:00,-1.2599999904632568,-8.65999984741211,564.4000244140625,4.070000171661377,0.7099999785423279,359.0,-76.0
2015-03-18 12:38:00,0.05000000074505806,-9.399999618530273,564.4000244140625,4.070000171661377,-0.029999999329447746,317.0,-76.0
2015-03-18 12:39:00,2.390000104904175,-8.020000457763672,,99.98999786376953,,286.0,-76.0
2015-03-18 12:40:00,1.2200000286102295,-8.140000343322754,553.5999755859375,2.9200000762939453,-0.6800000071525574,289.0,-75.0
2015-03-18 12:41:00,3.9800000190734863,-7.5,558.2000122070312,2.859999895095825,-2.2200000286102295,302.0,-75.0
2015-03-18 12:42:00,2.0299999713897705,-9.3100004196167,561.0,2.6600000858306885,-1.1399999856948853,304.0,-76.0
2015-03-18 12:43:00,2.3299999237060547,-9.539999961853027,568.7999877929688,2.8499999046325684,-1.3300000429153442,288.0,-76.0
2015-03-18 12:44:00,1.7400000095367432,-9.220000267028809,564.2000122070312,2.9200000762939453,-0.9800000190734863,279.0,-75.0
2015-03-18 12:45:00,2.3499999046325684,-8.289999961853027,564.2000122070312,2.9200000762939453,-1.3300000429153442,286.0,-75.0
2015-03-18 12:46:00,1.0199999809265137,-8.100000381469727,578.5,3.640000104904175,-0.5899999737739563,301.0,-75.0
2015-03-18 12:47:00,0.8399999737739563,-8.819999694824219,560.5,3.240000009536743,-0.4699999988079071,298.0,-75.0
2015-03-18 12:48:00,2.2300000190734863,-9.029999732971191,573.4000244140625,3.430000066757202,-1.2799999713897705,270.0,-74.0
2015-03-18 12:49:00,0.9100000262260437,-9.239999771118164,573.0,3.319999933242798,-0.5199999809265137,231.0,-74.0
2015-03-18 12:50:00,-0.5099999904632568,-9.670000076293945,575.7000122070312,3.380000114440918,0.28999999165534973,218.0,-74.0
2015-03-18 12:51:00,-1.7100000381469727,-9.670000076293945,586.9000244140625,3.7200000286102295,1.0,209.0,-73.0
2015-03-18 12:52:00,-7.21999979019165,-8.479999542236328,603.5,4.53000020980835,4.360000133514404,195.0,-74.0
2015-03-18 12:53:00,-7.78000020980835,-8.529999732971191,608.9000244140625,4.630000114440918,4.739999771118164,189.0,-72.0
2015-03-18 12:54:00,-7.269999980926514,-8.8100004196167,629.5,5.019999980926514,4.579999923706055,191.0,-72.0
2015-03-18 12:55:00,-3.9600000381469727,-10.020000457763672,601.4000244140625,4.190000057220459,2.380000114440918,215.0,-71.0
2015-03-18 12:56:00,-4.989999771118164,-9.470000267028809,601.4000244140625,4.190000057220459,3.0,223.0,-70.0
2015-03-18 12:57:00,-5.210000038146973,-9.399999618530273,,99.98999786376953,,182.0,-70.0
2015-03-18 12:58:00,0.36000001430511475,-9.520000457763672,,99.98999786376953,,148.0,-69.0
2015-03-18 12:59:00,5.28000020980835,-7.199999809265137,,99.98999786376953,,165.0,-69.0
2015-03-18 13:00:00,3.9700000286102295,-9.649999618530273,,99.98999786376953,,142.0,-69.0
2015-03-18 13:01:00,3.859999895095825,-9.319999694824219,,99.98999786376953,,182.0,-69.0
2015-03-18 13:02:00,2.9600000381469727,-9.800000190734863,,99.98999786376953,,231.0,-70.0
2015-03-18 13:03:00,2.6600000858306885,-9.420000076293945,,99.98999786376953,,226.0,-71.0
2015-03-18 13:04:00,5.190000057220459,-8.869999885559082,,99.98999786376953,,259.0,-72.0
2015-03-18 13:05:00,1.9600000381469727,-9.75,,99.98999786376953,,274.0,-72.0
2015-03-18 13:06:00,-1.75,-9.789999961853027,,99.98999786376953,,351.0,-73.0
2015-03-18 13:07:00,-2.0899999141693115,-9.890000343322754,,99.98999786376953,,412.0,-73.0
2015-03-18 13:08:00,1.4500000476837158,-9.359999656677246,,99.98999786376953,,429.0,-73.0
2015-03-18 13:09:00,1.0199999809265137,-9.920000076293945,,99.98999786376953,,434.0,-72.0
2015-03-18 13:10:00,-0.38999998569488525,-10.220000267028809,596.9000244140625,3.7899999618530273,0.23000000417232513,428.0,-71.0
2015-03-18 13:11:00,0.0,-10.069999694824219,588.0999755859375,3.5299999713897705,-0.0,434.0,-70.0
2015-03-18 13:12:00,3.809999942779541,-7.820000171661377,,99.98999786376953,,425.0,-71.0
2015-03-18 13:13:00,6.630000114440918,-6.050000190734863,568.9000244140625,3.0199999809265137,-3.7699999809265137,410.0,-71.0
2015-03-18 13:14:00,5.769999980926514,-6.090000152587891,568.9000244140625,3.0199999809265137,-3.2799999713897705,386.0,-71.0
2015-03-18 13:15:00,5.210000038146973,-7.300000190734863,576.5999755859375,2.9200000762939453,-3.0,351.0,-70.0
2015-03-18 13:16:00,3.2899999618530273,-7.809999942779541,569.7000122070312,3.0299999713897705,-1.8700000047683716,331.0,-70.0
2015-03-18 13:17:00,1.090000033378601,-9.350000381469727,576.7999877929688,3.309999942779541,-0.6299999952316284,304.0,-71.0
2015-03-18 13:18:00,2.069999933242798,-7.260000228881836,577.5,3.3399999141693115,-1.2000000476837158,292.0,-71.0
2015-03-18 13:19:00,1.690000057220459,-5.510000228881836,577.5,3.3399999141693115,-0.9800000190734863,277.0,-72.0
2015-03-18 13:20:00,0.8100000023841858,-8.149999618530273,574.0,2.950000047683716,-0.46000000834465027,271.0,-72.0
2015-03-18 13:21:00,1.350000023841858,-8.1899995803833,569.2999877929688,3.3399999141693115,-0.7699999809265137,286.0,-72.0
2015-03-18 13:22:00,-0.8299999833106995,-8.460000038146973,573.2999877929688,3.799999952316284,0.47999998927116394,297.0,-72.0
2015-03-18 13:23:00,2.509999990463257,-9.069999694824219,573.2999877929688,3.799999952316284,-1.440000057220459,266.0,-72.0
2015-03-18 13:24:00,3.440000057220459,-8.180000305175781,,99.98999786376953,,217.0,-72.0
2015-03-18 13:25:00,3.5,-8.539999961853027,572.9000244140625,3.140000104904175,-2.009999990463257,182.0,-71.0
2015-03-18 13:26:00,3.440000057220459,-8.600000381469727,572.9000244140625,3.140000104904175,-1.9700000286102295,189.0,-70.0
2015-03-18 13:27:00,2.0299999713897705,-8.399999618530273,,99.98999786376953,,212.0,-70.0
2015-03-18 13:28:00,0.9599999785423279,-8.359999656677246,576.5999755859375,3.640000104904175,-0.550000011920929,238.0,-70.0
2015-03-18 13:29:00,1.159999966621399,-7.880000114440918,582.0999755859375,3.8399999141693115,-0.6800000071525574,245.0,-70.0
2015-03-18 13:30:00,2.25,-6.71999979019165,579.4000244140625,4.070000171661377,-1.2999999523162842,221.0,-70.0
2015-03-18 13:31:00,6.599999904632568,-6.309999942779541,575.4000244140625,4.050000190734863,-3.799999952316284,209.0,-69.0
2015-03-18 13:32:00,2.930000066757202,-8.260000228881836,,99.98999786376953,,199.0,-69.0
2015-03-18 13:33:00,0.5699999928474426,-8.569999694824219,,99.98999786376953,,192.0,-69.0
2015-03-18 13:34:00,0.7200000286102295,-7.369999885559082,599.5999755859375,4.309999942779541,-0.4300000071525574,199.0,-68.0
2015-03-18 13:35:00,1.0199999809265137,-5.800000190734863,588.4000244140625,3.9000000953674316,-0.6000000238418579,218.0,-69.0
2015-03-18 13:36:00,2.009999990463257,-5.28000020980835,,99.98999786376953,,198.0,-69.0
2015-03-18 13:37:00,7.329999923706055,-6.019999980926514,587.9000244140625,3.509999990463257,-4.309999942779541,180.0,-70.0
2015-03-18 13:38:00,6.309999942779541,-6.559999942779541,587.9000244140625,3.509999990463257,-3.7100000381469727,138.0,-70.0
2015-03-18 13:39:00,5.110000133514404,-6.340000152587891,583.5,3.630000114440918,-2.9800000190734863,123.0,-70.0
2015-03-18 13:40:00,0.2800000011920929,-6.639999866485596,574.9000244140625,3.640000104904175,-0.1599999964237213,139.0,-70.0
2015-03-18 13:41:00,0.6200000047683716,-7.480000019073486,574.7999877929688,3.619999885559082,-0.36000001430511475,156.0,-70.0
2015-03-18 13:42:00,1.809999942779541,-7.800000190734863,575.0,3.630000114440918,-1.0399999618530273,175.0,-69.0
2015-03-18 13:43:00,3.740000009536743,-7.260000228881836,,99.98999786376953,,192.0,-69.0
2015-03-18 13:44:00,5.28000020980835,-7.170000076293945,,99.98999786376953,,196.0,-69.0
2015-03-18 13:45:00,4.980000019073486,-6.710000038146973,,99.98999786376953,,181.0,-70.0
2015-03-18 13:46:00,4.070000171661377,-6.829999923706055,,99.98999786376953,,169.0,-70.0
2015-03-18 13:47:00,3.3299999237060547,-6.610000133514404,,99.98999786376953,,161.0,-70.0
2015-03-18 13:48:00,4.53000020980835,-6.400000095367432,,99.98999786376953,,160.0,-70.0
2015-03-18 13:49:00,3.9600000381469727,-6.300000190734863,,99.98999786376953,,168.0,-70.0
2015-03-18 13:50:00,2.8499999046325684,-7.170000076293945,,99.98999786376953,,167.0,-69.0
2015-03-18 13:51:00,-0.36000001430511475,-6.050000190734863,,99.98999786376953,,167.0,-69.0
2015-03-18 13:52:00,3.680000066757202,-5.730000019073486,,99.98999786376953,,162.0,-69.0
2015-03-18 13:53:00,2.2200000286102295,-6.639999866485596,,99.98999786376953,,161.0,-69.0
2015-03-18 13:54:00,2.0899999141693115,-7.579999923706055,,99.98999786376953,,160.0,-69.0
2015-03-18 13:55:00,,,,99.98999786376953,,161.0,-69.0
2015-03-18 13:56:00,-1.2599999904632568,-8.25,,99.98999786376953,,153.0,-69.0
2015-03-18 13:57:00,-0.8500000238418579,-7.550000190734863,,99.98999786376953,,142.0,-69.0
2015-03-18 13:58:00,-0.33000001311302185,-7.789999961853027,,99.98999786376953,,137.0,-69.0
2015-03-18 13:59:00,0.7300000190734863,-6.909999847412109,,99.98999786376953,,123.0,-69.0
2015-03-18 14:00:00,-0.7200000286102295,-6.900000095367432,583.5999755859375,4.090000152587891,0.41999998688697815,112.0,-68.0
2015-03-18 14:01:00,-1.2300000190734863,-7.429999828338623,583.5999755859375,4.090000152587891,0.7200000286102295,120.0,-68.0
2015-03-18 14:02:00,-4.050000190734863,-8.210000038146973,,99.98999786376953,,152.0,-69.0
2015-03-18 14:03:00,-5.090000152587891,-6.170000076293945,581.0,3.809999942779541,2.9600000381469727,160.0,-68.0
2015-03-18 14:04:00,-3.9000000953674316,-7.800000190734863,584.7999877929688,4.079999923706055,2.2799999713897705,146.0,-68.0
2015-03-18 14:05:00,-7.829999923706055,-5.099999904632568,589.5999755859375,4.440000057220459,4.619999885559082,238.0,-68.0
2015-03-18 14:06:00,-6.829999923706055,-5.860000133514404,,99.98999786376953,,216.0,-68.0
2015-03-18 14:07:00,-5.340000152587891,-6.489999771118164,,99.98999786376953,,195.0,-68.0
2015-03-18 14:08:00,-4.789999961853027,-8.0600004196167,603.5999755859375,6.03000020980835,2.890000104904175,208.0,-67.0
2015-03-18 14:09:00,-5.090000152587891,-7.679999828338623,603.5999755859375,6.03000020980835,3.069999933242798,231.0,-67.0
2015-03-18 14:10:00,-3.5999999046325684,-6.989999771118164,,99.98999786376953,,259.0,-66.0
2015-03-18 14:11:00,-5.659999847412109,-6.079999923706055,587.5,4.860000133514404,3.3299999237060547,277.0,-66.0
2015-03-18 14:12:00,-7.78000020980835,-6.039999961853027,594.2000122070312,4.869999885559082,4.619999885559082,309.0,-66.0
2015-03-18 14:13:00,-8.15999984741211,-6.71999979019165,612.5,5.03000020980835,5.0,337.0,-67.0
2015-03-18 14:14:00,-8.180000305175781,-7.039999961853027,615.0999755859375,5.079999923706055,5.03000020980835,365.0,-67.0
2015-03-18 14:15:00,-8.699999809265137,-6.039999961853027,638.0,5.949999809265137,5.550000190734863,396.0,-66.0
2015-03-18 14:16:00,-7.840000152587891,-5.989999771118164,635.7000122070312,5.630000114440918,4.980000019073486,424.0,-66.0
2015-03-18 14:17:00,-8.149999618530273,-6.610000133514404,616.2000122070312,5.03000020980835,5.019999980926514,457.0,-66.0
2015-03-18 14:18:00,-8.460000038146973,-6.050000190734863,620.9000244140625,5.300000190734863,5.25,478.0,-66.0
2015-03-18 14:19:00,-9.319999694824219,-4.610000133514404,623.0,5.449999809265137,5.809999942779541,515.0,-66.0
2015-03-18 14:20:00,-8.699999809265137,-5.360000133514404,624.7000122070312,5.869999885559082,5.429999828338623,537.0,-67.0
2015-03-18 14:21:00,-8.149999618530273,-6.360000133514404,622.5999755859375,5.420000076293945,5.070000171661377,563.0,-67.0
2015-03-18 14:22:00,-8.65999984741211,-4.659999847412109,624.7999877929688,5.679999828338623,5.409999847412109,608.0,-68.0
2015-03-18 14:23:00,-9.329999923706055,-2.7100000381469727,615.4000244140625,6.510000228881836,5.739999771118164,646.0,-68.0
2015-03-18 14:24:00,-9.270000457763672,-1.5099999904632568,615.4000244140625,6.510000228881836,5.699999809265137,696.0,-69.0
2015-03-18 14:25:00,-8.65999984741211,-2.2100000381469727,617.4000244140625,6.96999979019165,5.349999904632568,734.0,-70.0
2015-03-18 14:26:00,-8.34000015258789,-3.7300000190734863,617.4000244140625,6.96999979019165,5.150000095367432,743.0,-71.0
2015-03-18 14:27:00,-7.269999980926514,-6.960000038146973,,99.98999786376953,,762.0,-71.0
2015-03-18 14:28:00,-8.0,-6.679999828338623,624.2000122070312,5.550000190734863,4.989999771118164,780.0,-71.0
2015-03-18 14:29:00,-9.140000343322754,-5.239999771118164,624.2000122070312,5.550000190734863,5.710000038146973,801.0,-72.0
2015-03-18 14:30:00,-10.029999732971191,-3.4600000381469727,,99.98999786376953,,829.0,-74.0
2015-03-18 14:31:00,-10.5,-1.3600000143051147,,99.98999786376953,,878.0,-75.0
2015-03-18 14:32:00,-10.34000015258789,1.8899999856948853,,99.98999786376953,,907.0,-75.0
2015-03-18 14:33:00,-9.8100004196167,-2.619999885559082,615.5,6.079999923706055,6.039999961853027,964.0,-75.0
2015-03-18 14:34:00,-9.779999732971191,-1.2200000286102295,615.9000244140625,5.960000038146973,6.019999980926514,985.0,-74.0
2015-03-18 14:35:00,-9.180000305175781,-2.9600000381469727,,99.98999786376953,,1156.0,-75.0
2015-03-18 14:36:00,-8.680000305175781,-3.9200000762939453,617.2000122070312,5.940000057220459,5.360000133514404,1209.0,-76.0
2015-03-18 14:37:00,-8.510000228881836,-4.210000038146973,613.9000244140625,5.639999866485596,5.21999979019165,1214.0,-76.0
2015-03-18 14:38:00,-7.599999904632568,-4.730000019073486,612.9000244140625,5.550000190734863,4.659999847412109,1212.0,-76.0
2015-03-18 14:39:00,-6.110000133514404,-5.409999847412109,578.4000244140625,4.25,3.5299999713897705,1241.0,-77.0
2015-03-18 14:40:00,-4.920000076293945,-6.309999942779541,579.9000244140625,4.260000228881836,2.8499999046325684,1193.0,-78.0
2015-03-18 14:41:00,-3.930000066757202,-7.489999771118164,582.4000244140625,4.210000038146973,2.2899999618530273,1189.0,-77.0
2015-03-18 14:42:00,-2.75,-8.600000381469727,582.9000244140625,4.119999885559082,1.600000023841858,1151.0,-77.0
2015-03-18 14:43:00,-0.949999988079071,-8.220000267028809,586.4000244140625,4.039999961853027,0.5600000023841858,1140.0,-78.0
2015-03-18 14:44:00,-0.8700000047683716,-8.420000076293945,,99.98999786376953,,1092.0,-79.0
2015-03-18 14:45:00,-0.5400000214576721,-7.460000038146973,,99.98999786376953,,1135.0,-80.0
2015-03-18 14:46:00,0.949999988079071,-7.190000057220459,,99.98999786376953,,1100.0,-80.0
2015-03-18 14:47:00,,,,99.98999786376953,,1097.0,-80.0
2015-03-18 14:48:00,,,,99.98999786376953,,1155.0,-80.0
2015-03-18 14:49:00,2.049999952316284,-7.389999866485596,,99.98999786376953,,1155.0,-81.0
2015-03-18 14:50:00,0.20000000298023224,-7.480000019073486,,99.98999786376953,,1181.0,-81.0
2015-03-18 14:51:00,-0.5299999713897705,-7.28000020980835,,99.98999786376953,,1072.0,-81.0
2015-03-18 14:52:00,-0.4000000059604645,-7.579999923706055,,99.98999786376953,,1128.0,-82.0
2015-03-18 14:53:00,-1.4199999570846558,-7.190000057220459,,99.98999786376953,,1162.0,-82.0
2015-03-18 14:54:00,-0.3700000047683716,-7.230000019073486,,99.98999786376953,,1290.0,-83.0
2015-03-18 14:55:00,1.2300000190734863,-7.380000114440918,,99.98999786376953,,1367.0,-82.0
2015-03-18 14:56:00,2.069999933242798,-8.130000114440918,,99.98999786376953,,1435.0,-83.0
2015-03-18 14:57:00,1.340000033378601,-8.420000076293945,,99.98999786376953,,1647.0,-83.0
2015-03-18 14:58:00,2.7100000381469727,-8.420000076293945,,99.98999786376953,,1610.0,-83.0
2015-03-18 14:59:00,2.3399999141693115,-7.349999904632568,,99.98999786376953,,1445.0,-83.0
2015-03-18 15:00:00,0.9900000095367432,-6.300000190734863,,99.98999786376953,,1310.0,-83.0
2015-03-18 15:01:00,1.0299999713897705,-6.349999904632568,,99.98999786376953,,1186.0,-81.0
2015-03-18 15:02:00,0.28999999165534973,-6.630000114440918,,99.98999786376953,,1153.0,-81.0
2015-03-18 15:03:00,2.2300000190734863,-6.480000019073486,,99.98999786376953,,1135.0,-80.0
2015-03-18 15:04:00,3.1700000762939453,-5.300000190734863,,99.98999786376953,,1233.0,-80.0
2015-03-18 15:05:00,2.140000104904175,-6.550000190734863,,99.98999786376953,,1226.0,-78.0
2015-03-18 15:06:00,-0.9800000190734863,-5.409999847412109,,99.98999786376953,,1197.0,-77.0
2015-03-18 15:07:00,-0.12999999523162842,-6.5,,99.98999786376953,,1262.0,-75.0
2015-03-18 15:08:00,3.0199999809265137,-3.380000114440918,,99.98999786376953,,1256.0,-74.0
2015-03-18 15:09:00,1.4800000190734863,-6.809999942779541,,99.98999786376953,,1238.0,-73.0
2015-03-18 15:10:00,2.4200000762939453,-5.769999980926514,,99.98999786376953,,1265.0,-73.0
2015-03-18 15:11:00,4.309999942779541,-4.880000114440918,,99.98999786376953,,1258.0,-72.0
2015-03-18 15:12:00,3.2699999809265137,-5.929999828338623,,99.98999786376953,,1279.0,-71.0
2015-03-18 15:13:00,-0.029999999329447746,-6.960000038146973,,99.98999786376953,,1319.0,-69.0
2015-03-18 15:14:00,0.8399999737739563,-7.139999866485596,,99.98999786376953,,1284.0,-68.0
2015-03-18 15:15:00,0.7200000286102295,-6.489999771118164,,99.98999786376953,,1241.0,-67.0
2015-03-18 15:16:00,-0.009999999776482582,-7.0,,99.98999786376953,,1229.0,-66.0
2015-03-18 15:17:00,-1.7100000381469727,-5.489999771118164,,99.98999786376953,,1218.0,-66.0
2015-03-18 15:18:00,1.059999942779541,-6.329999923706055,,99.98999786376953,,1136.0,-66.0
2015-03-18 15:19:00,-1.7000000476837158,-6.920000076293945,,99.98999786376953,,1061.0,-65.0
2015-03-18 15:20:00,-3.8299999237060547,-6.289999961853027,601.2999877929688,5.289999961853027,2.299999952316284,1040.0,-65.0
2015-03-18 15:21:00,-5.329999923706055,-4.579999923706055,605.5,5.309999942779541,3.2300000190734863,1070.0,-65.0
2015-03-18 15:22:00,-5.639999866485596,-5.590000152587891,608.0,5.380000114440918,3.430000066757202,1070.0,-65.0
2015-03-18 15:23:00,-3.200000047683716,-4.239999771118164,600.7000122070312,3.9000000953674316,1.9199999570846558,1033.0,-65.0
2015-03-18 15:24:00,-4.739999771118164,-3.880000114440918,600.7000122070312,3.9000000953674316,2.8499999046325684,948.0,-65.0
2015-03-18 15:25:00,-4.170000076293945,-4.739999771118164,585.7000122070312,4.340000152587891,2.440000057220459,814.0,-65.0
2015-03-18 15:26:00,-4.889999866485596,-5.480000019073486,587.5999755859375,5.099999904632568,2.869999885559082,787.0,-65.0
2015-03-18 15:27:00,-4.369999885559082,-3.5199999809265137,578.0999755859375,4.889999866485596,2.5299999713897705,824.0,-65.0
2015-03-18 15:28:00,-5.0,-4.329999923706055,582.7000122070312,4.730000019073486,2.9100000858306885,841.0,-65.0
2015-03-18 15:29:00,-5.429999828338623,-4.090000152587891,582.5,4.340000152587891,3.1600000858306885,809.0,-64.0
2015-03-18 15:30:00,-5.079999923706055,-5.300000190734863,588.0999755859375,4.840000152587891,2.990000009536743,793.0,-63.0
2015-03-18 15:31:00,-6.260000228881836,-2.880000114440918,586.5999755859375,4.590000152587891,3.6700000762939453,817.0,-63.0
2015-03-18 15:32:00,-5.630000114440918,-4.909999847412109,578.7999877929688,4.820000171661377,3.259999990463257,834.0,-63.0
2015-03-18 15:33:00,-5.590000152587891,-0.6200000047683716,605.5999755859375,6.119999885559082,3.390000104904175,803.0,-63.0
2015-03-18 15:34:00,-1.7000000476837158,-2.619999885559082,606.2000122070312,4.980000019073486,1.0299999713897705,833.0,-63.0
2015-03-18 15:35:00,-2.140000104904175,0.30000001192092896,611.0,5.139999866485596,1.309999942779541,900.0,-63.0
2015-03-18 15:36:00,-2.809999942779541,1.0700000524520874,605.7999877929688,4.550000190734863,1.7000000476837158,958.0,-64.0
2015-03-18 15:37:00,-1.4199999570846558,1.0,619.0999755859375,5.699999809265137,0.8799999952316284,980.0,-64.0
2015-03-18 15:38:00,1.8600000143051147,-0.33000001311302185,601.9000244140625,4.650000095367432,-1.1200000047683716,980.0,-64.0
2015-03-18 15:39:00,-5.289999961853027,3.7200000286102295,611.2999877929688,5.349999904632568,3.2300000190734863,972.0,-63.0
2015-03-18 15:40:00,-5.050000190734863,5.070000171661377,,99.98999786376953,,943.0,-63.0
2015-03-18 15:41:00,-4.920000076293945,6.360000133514404,,99.98999786376953,,923.0,-63.0
2015-03-18 15:42:00,-4.769999980926514,6.230000019073486,608.5,5.320000171661377,2.9000000953674316,964.0,-63.0
2015-03-18 15:43:00,-4.039999961853027,6.940000057220459,608.5,5.320000171661377,2.4600000381469727,1015.0,-64.0
2015-03-18 15:44:00,-2.319999933242798,7.639999866485596,,99.98999786376953,,1006.0,-64.0
2015-03-18 15:45:00,-2.4200000762939453,7.690000057220459,,99.98999786376953,,989.0,-64.0
2015-03-18 15:46:00,-2.1700000762939453,7.559999942779541,604.0,6.090000152587891,1.309999942779541,971.0,-66.0
2015-03-18 15:47:00,-2.7300000190734863,7.579999923706055,604.0,6.090000152587891,1.649999976158142,1018.0,-66.0
2015-03-18 15:48:00,-2.7300000190734863,4.300000190734863,,99.98999786376953,,995.0,-65.0
2015-03-18 15:49:00,-2.1600000858306885,2.8399999141693115,608.4000244140625,5.510000228881836,1.309999942779541,1017.0,-65.0
2015-03-18 15:50:00,-1.7300000190734863,3.6700000762939453,598.5999755859375,5.480000019073486,1.0399999618530273,955.0,-65.0
2015-03-18 15:51:00,-1.8300000429153442,3.2200000286102295,589.2999877929688,5.21999979019165,1.0800000429153442,910.0,-65.0
2015-03-18 15:52:00,-1.6699999570846558,2.7799999713897705,600.0999755859375,5.880000114440918,1.0,1065.0,-63.0
2015-03-18 15:53:00,-1.4600000381469727,2.2300000190734863,589.7999877929688,5.300000190734863,0.8600000143051147,1122.0,-63.0
2015-03-18 15:54:00,2.430000066757202,3.140000104904175,590.5,5.400000095367432,-1.4299999475479126,1048.0,-63.0
2015-03-18 15:55:00,-1.8700000047683716,1.100000023841858,586.2999877929688,5.090000152587891,1.100000023841858,975.0,-63.0
2015-03-18 15:56:00,-3.869999885559082,1.0800000429153442,,99.98999786376953,,965.0,-62.0
2015-03-18 15:57:00,-4.139999866485596,1.7799999713897705,,99.98999786376953,,1046.0,-62.0
2015-03-18 15:58:00,-4.269999980926514,2.450000047683716,,99.98999786376953,,1061.0,-62.0
2015-03-18 15:59:00,-3.5199999809265137,2.549999952316284,,99.98999786376953,,1014.0,-62.0
2015-03-18 16:00:00,-2.450000047683716,1.5199999809265137,587.5999755859375,5.230000019073486,1.440000057220459,1084.0,-61.0
2015-03-18 16:01:00,-1.090000033378601,-0.6499999761581421,587.5999755859375,5.230000019073486,0.6399999856948853,1075.0,-61.0
2015-03-18 16:02:00,-0.8399999737739563,-1.2100000381469727,,99.98999786376953,,927.0,-61.0
2015-03-18 16:03:00,-1.3600000143051147,-0.36000001430511475,584.7999877929688,4.739999771118164,0.800000011920929,875.0,-61.0
2015-03-18 16:04:00,-1.1100000143051147,-0.11999999731779099,584.7999877929688,4.739999771118164,0.6499999761581421,918.0,-61.0
2015-03-18 16:05:00,-0.800000011920929,-0.7699999809265137,,99.98999786376953,,903.0,-60.0
2015-03-18 16:06:00,-0.6800000071525574,-1.0399999618530273,578.0999755859375,4.710000038146973,0.38999998569488525,831.0,-60.0
2015-03-18 16:07:00,-0.5,-1.1399999856948853,578.0999755859375,4.710000038146973,0.28999999165534973,749.0,-60.0
2015-03-18 16:08:00,-0.3100000023841858,-0.7599999904632568,588.5999755859375,4.840000152587891,0.18000000715255737,696.0,-59.0
2015-03-18 16:09:00,-0.18000000715255737,-1.1799999475479126,588.5999755859375,4.840000152587891,0.10999999940395355,677.0,-59.0
2015-03-18 16:10:00,-0.15000000596046448,-1.2400000095367432,589.9000244140625,4.570000171661377,0.09000000357627869,678.0,-59.0
2015-03-18 16:11:00,-0.25999999046325684,-0.9900000095367432,589.9000244140625,4.570000171661377,0.15000000596046448,663.0,-59.0
2015-03-18 16:12:00,0.5299999713897705,-1.0099999904632568,592.2999877929688,4.820000171661377,-0.3100000023841858,660.0,-58.0
2015-03-18 16:13:00,0.7400000095367432,-1.850000023841858,592.2999877929688,4.820000171661377,-0.4399999976158142,640.0,-58.0
2015-03-18 16:14:00,0.7699999809265137,-2.9800000190734863,592.2999877929688,4.820000171661377,-0.46000000834465027,604.0,-58.0
2015-03-18 16:15:00,0.9300000071525574,-2.4000000953674316,587.4000244140625,4.170000076293945,-0.550000011920929,600.0,-58.0
2015-03-18 16:16:00,1.0800000429153442,-2.240000009536743,587.4000244140625,4.170000076293945,-0.6299999952316284,624.0,-58.0
2015-03-18 16:17:00,1.4900000095367432,-3.549999952316284,580.7999877929688,4.340000152587891,-0.8700000047683716,646.0,-58.0
2015-03-18 16:18:00,2.2300000190734863,-2.3499999046325684,586.0,4.369999885559082,-1.309999942779541,648.0,-59.0
2015-03-18 16:19:00,0.7699999809265137,-3.3299999237060547,596.4000244140625,4.420000076293945,-0.46000000834465027,635.0,-59.0
2015-03-18 16:20:00,1.8899999856948853,-2.2699999809265137,,99.98999786376953,,636.0,-60.0
2015-03-18 16:21:00,5.489999771118164,0.6100000143051147,596.2000122070312,4.119999885559082,-3.2699999809265137,639.0,-58.0
2015-03-18 16:22:00,5.909999847412109,1.9199999570846558,596.2000122070312,4.119999885559082,-3.5199999809265137,600.0,-57.0
2015-03-18 16:23:00,4.710000038146973,1.2400000095367432,596.2000122070312,4.119999885559082,-2.809999942779541,550.0,-57.0
2015-03-18 16:24:00,,,,99.98999786376953,,552.0,-57.0
2015-03-18 16:25:00,,,,99.98999786376953,,575.0,-56.0
2015-03-18 16:26:00,,,,99.98999786376953,,585.0,-56.0
2015-03-18 16:27:00,,,,99.98999786376953,,562.0,-56.0
2015-03-18 16:28:00,,,,99.98999786376953,,595.0,-57.0
2015-03-18 16:29:00,,,,99.98999786376953,,594.0,-58.0
2015-03-18 16:30:00,,,,99.98999786376953,,554.0,-58.0
2015-03-18 16:31:00,,,,99.98999786376953,,513.0,-58.0
2015-03-18 16:32:00,,,,99.98999786376953,,481.0,-59.0
2015-03-18 16:33:00,,,,99.98999786376953,,464.0,-58.0
2015-03-18 16:34:00,,,,99.98999786376953,,483.0,-58.0
2015-03-18 16:35:00,,,,99.98999786376953,,462.0,-58.0
2015-03-18 16:36:00,,,,99.98999786376953,,397.0,-57.0
2015-03-18 16:37:00,,,,99.98999786376953,,376.0,-56.0
2015-03-18 16:38:00,,,,99.98999786376953,,381.0,-55.0
2015-03-18 16:39:00,,,,99.98999786376953,,372.0,-53.0
2015-03-18 16:40:00,,,,99.98999786376953,,375.0,-53.0
2015-03-18 16:41:00,,,,99.98999786376953,,407.0,-53.0
2015-03-18 16:42:00,,,,99.98999786376953,,441.0,-53.0
2015-03-18 16:43:00,,,,99.98999786376953,,500.0,-52.0
2015-03-18 16:44:00,,,,99.98999786376953,,516.0,-52.0
2015-03-18 16:45:00,,,,99.98999786376953,,495.0,-52.0
2015-03-18 16:46:00,,,,99.98999786376953,,496.0,-53.0
2015-03-18 16:47:00,,,,99.98999786376953,,499.0,-54.0
2015-03-18 16:48:00,,,,99.98999786376953,,476.0,-54.0
2015-03-18 16:49:00,,,,99.98999786376953,,572.0,-54.0
2015-03-18 16:50:00,,,,99.98999786376953,,622.0,-54.0
2015-03-18 16:51:00,,,,99.98999786376953,,568.0,-54.0
2015-03-18 16:52:00,,,,99.98999786376953,,516.0,-54.0
2015-03-18 16:53:00,,,,99.98999786376953,,455.0,-54.0
2015-03-18 16:54:00,,,,99.98999786376953,,486.0,-55.0
2015-03-18 16:55:00,,,,99.98999786376953,,456.0,-55.0
2015-03-18 16:56:00,,,,99.98999786376953,,458.0,-55.0
2015-03-18 16:57:00,,,,99.98999786376953,,418.0,-55.0
2015-03-18 16:58:00,,,,99.98999786376953,,388.0,-55.0
2015-03-18 16:59:00,,,,99.98999786376953,,393.0,-55.0
2015-03-18 17:00:00,,,,99.98999786376953,,394.0,-54.0
2015-03-18 17:01:00,,,,99.98999786376953,,389.0,-54.0
2015-03-18 17:02:00,,,,99.98999786376953,,386.0,-54.0
2015-03-18 17:03:00,,,,99.98999786376953,,376.0,-54.0
2015-03-18 17:04:00,,,,99.98999786376953,,377.0,-53.0
2015-03-18 17:05:00,,,,99.98999786376953,,395.0,-53.0
2015-03-18 17:06:00,,,,99.98999786376953,,409.0,-53.0
2015-03-18 17:07:00,,,,99.98999786376953,,407.0,-52.0
2015-03-18 17:08:00,,,,99.98999786376953,,398.0,-52.0
2015-03-18 17:09:00,,,,99.98999786376953,,413.0,-53.0
2015-03-18 17:10:00,,,,99.98999786376953,,417.0,-53.0
2015-03-18 17:11:00,,,,99.98999786376953,,418.0,-52.0
2015-03-18 17:12:00,,,,99.98999786376953,,416.0,-52.0
2015-03-18 17:13:00,,,,99.98999786376953,,420.0,-52.0
2015-03-18 17:14:00,,,,99.98999786376953,,418.0,-52.0
2015-03-18 17:15:00,,,,99.98999786376953,,412.0,-53.0
2015-03-18 17:16:00,,,,99.98999786376953,,397.0,-53.0
2015-03-18 17:17:00,,,,99.98999786376953,,385.0,-54.0
2015-03-18 17:18:00,,,,99.98999786376953,,404.0,-55.0
2015-03-18 17:19:00,,,,99.98999786376953,,448.0,-54.0
2015-03-18 17:20:00,,,,99.98999786376953,,458.0,-53.0
2015-03-18 17:21:00,,,,99.98999786376953,,406.0,-52.0
2015-03-18 17:22:00,,,,99.98999786376953,,353.0,-53.0
2015-03-18 17:23:00,,,,99.98999786376953,,333.0,-54.0
2015-03-18 17:24:00,,,,99.98999786376953,,319.0,-54.0
2015-03-18 17:25:00,,,,99.98999786376953,,303.0,-54.0
2015-03-18 17:26:00,,,,99.98999786376953,,293.0,-54.0
2015-03-18 17:27:00,,,,99.98999786376953,,302.0,-54.0
2015-03-18 17:28:00,,,,99.98999786376953,,310.0,-55.0
2015-03-18 17:29:00,,,,99.98999786376953,,288.0,-54.0
2015-03-18 17:30:00,,,,99.98999786376953,,280.0,-54.0
2015-03-18 17:31:00,,,,99.98999786376953,,283.0,-53.0
2015-03-18 17:32:00,,,,99.98999786376953,,276.0,-53.0
2015-03-18 17:33:00,,,,99.98999786376953,,252.0,-53.0
2015-03-18 17:34:00,,,,99.98999786376953,,231.0,-53.0
2015-03-18 17:35:00,,,,99.98999786376953,,224.0,-52.0
2015-03-18 17:36:00,,,,99.98999786376953,,223.0,-51.0
2015-03-18 17:37:00,,,,99.98999786376953,,219.0,-52.0
2015-03-18 17:38:00,,,,99.98999786376953,,210.0,-51.0
2015-03-18 17:39:00,,,,99.98999786376953,,214.0,-51.0
2015-03-18 17:40:00,,,,99.98999786376953,,225.0,-51.0
2015-03-18 17:41:00,,,,99.98999786376953,,281.0,-51.0
2015-03-18 17:42:00,,,,99.98999786376953,,326.0,-52.0
2015-03-18 17:43:00,,,,99.98999786376953,,296.0,-53.0
2015-03-18 17:44:00,,,,99.98999786376953,,296.0,-53.0
2015-03-18 17:45:00,,,,99.98999786376953,,237.0,-52.0
2015-03-18 17:46:00,,,,99.98999786376953,,251.0,-54.0
2015-03-18 17:47:00,,,,99.98999786376953,,327.0,-56.0
2015-03-18 17:48:00,,,,99.98999786376953,,256.0,-55.0
2015-03-18 17:49:00,,,,99.98999786376953,,319.0,-54.0
2015-03-18 17:50:00,,,,99.98999786376953,,421.0,-52.0
2015-03-18 17:51:00,,,,99.98999786376953,,360.0,-51.0
2015-03-18 17:52:00,,,,99.98999786376953,,239.0,-50.0
2015-03-18 17:53:00,,,,99.98999786376953,,255.0,-50.0
2015-03-18 17:54:00,,,,99.98999786376953,,266.0,-49.0
2015-03-18 17:55:00,,,,99.98999786376953,,268.0,-49.0
2015-03-18 17:56:00,,,,99.98999786376953,,294.0,-49.0
2015-03-18 17:57:00,,,,99.98999786376953,,342.0,-48.0
2015-03-18 17:58:00,,,,99.98999786376953,,424.0,-48.0
2015-03-18 17:59:00,,,,99.98999786376953,,463.0,-49.0
2015-03-18 18:00:00,,,,99.98999786376953,,436.0,-50.0
2015-03-18 18:01:00,,,,99.98999786376953,,527.0,-51.0
2015-03-18 18:02:00,,,,99.98999786376953,,584.0,-53.0
2015-03-18 18:03:00,,,,99.98999786376953,,571.0,-55.0
2015-03-18 18:04:00,,,,99.98999786376953,,582.0,-57.0
2015-03-18 18:05:00,,,,99.98999786376953,,623.0,-58.0
2015-03-18 18:06:00,,,,99.98999786376953,,588.0,-59.0
2015-03-18 18:07:00,,,,99.98999786376953,,507.0,-60.0
2015-03-18 18:08:00,,,,99.98999786376953,,484.0,-60.0
2015-03-18 18:09:00,,,,99.98999786376953,,475.0,-61.0
2015-03-18 18:10:00,,,,99.98999786376953,,473.0,-61.0
2015-03-18 18:11:00,,,,99.98999786376953,,513.0,-61.0
2015-03-18 18:12:00,,,,99.98999786376953,,520.0,-62.0
2015-03-18 18:13:00,,,,99.98999786376953,,421.0,-62.0
2015-03-18 18:14:00,,,,99.98999786376953,,416.0,-62.0
2015-03-18 18:15:00,,,,99.98999786376953,,423.0,-62.0
2015-03-18 18:16:00,,,,99.98999786376953,,414.0,-62.0
2015-03-18 18:17:00,-3.430000066757202,-0.7400000095367432,,99.98999786376953,,407.0,-62.0
2015-03-18 18:18:00,-2.9700000286102295,0.9900000095367432,643.7999877929688,2.740000009536743,1.909999966621399,418.0,-62.0
2015-03-18 18:19:00,-1.7899999618530273,3.569999933242798,645.0999755859375,2.7699999809265137,1.149999976158142,496.0,-62.0
2015-03-18 18:20:00,-2.049999952316284,2.9100000858306885,660.0,3.0799999237060547,1.350000023841858,432.0,-62.0
2015-03-18 18:21:00,-1.9600000381469727,4.800000190734863,645.0,3.2699999809265137,1.2599999904632568,405.0,-61.0
2015-03-18 18:22:00,-0.6100000143051147,5.239999771118164,645.0,3.2699999809265137,0.38999998569488525,362.0,-62.0
2015-03-18 18:23:00,-2.75,2.75,655.7999877929688,3.0,1.7999999523162842,326.0,-62.0
2015-03-18 18:24:00,-3.6600000858306885,-0.9900000095367432,646.7000122070312,3.049999952316284,2.369999885559082,325.0,-61.0
2015-03-18 18:25:00,-2.430000066757202,-0.8399999737739563,,99.98999786376953,,314.0,-61.0
2015-03-18 18:26:00,-2.2699999809265137,-2.119999885559082,632.5999755859375,2.180000066757202,1.440000057220459,293.0,-62.0
2015-03-18 18:27:00,-1.75,-1.7300000190734863,632.5999755859375,2.180000066757202,1.1100000143051147,339.0,-61.0
2015-03-18 18:28:00,-1.2799999713897705,-0.9800000190734863,625.4000244140625,2.380000114440918,0.800000011920929,342.0,-60.0
2015-03-18 18:29:00,-1.7100000381469727,-0.5099999904632568,625.7000122070312,2.369999885559082,1.0700000524520874,198.0,-59.0
2015-03-18 18:30:00,-1.149999976158142,-0.4099999964237213,628.5999755859375,2.319999933242798,0.7200000286102295,216.0,-59.0
2015-03-18 18:31:00,0.33000001311302185,-0.5400000214576721,,99.98999786376953,,261.0,-59.0
2015-03-18 18:32:00,-0.7400000095367432,-0.3499999940395355,625.7000122070312,2.450000047683716,0.46000000834465027,354.0,-59.0
2015-03-18 18:33:00,-3.299999952316284,0.4099999964237213,653.5999755859375,2.7899999618530273,2.1600000858306885,385.0,-59.0
2015-03-18 18:34:00,-1.840000033378601,2.559999942779541,658.5,2.9100000858306885,1.2100000381469727,330.0,-59.0
2015-03-18 18:35:00,0.9399999976158142,2.200000047683716,641.4000244140625,2.7100000381469727,-0.6000000238418579,246.0,-59.0
2015-03-18 18:36:00,-3.140000104904175,4.28000020980835,654.5999755859375,2.609999895095825,2.059999942779541,264.0,-59.0
2015-03-18 18:37:00,-1.2100000381469727,5.179999828338623,,99.98999786376953,,326.0,-59.0
2015-03-18 18:38:00,-2.690000057220459,4.760000228881836,673.4000244140625,3.0899999141693115,1.809999942779541,342.0,-59.0
2015-03-18 18:39:00,-1.8300000429153442,2.930000066757202,675.7000122070312,2.990000009536743,1.2400000095367432,351.0,-59.0
2015-03-18 18:40:00,-3.299999952316284,-2.9200000762939453,666.5999755859375,2.6700000762939453,2.200000047683716,394.0,-58.0
2015-03-18 18:41:00,-3.240000009536743,0.5400000214576721,654.2000122070312,2.3499999046325684,2.119999885559082,409.0,-58.0
2015-03-18 18:42:00,-2.7899999618530273,2.609999895095825,662.5,2.7200000286102295,1.850000023841858,360.0,-58.0
2015-03-18 18:43:00,-0.949999988079071,4.800000190734863,,99.98999786376953,,394.0,-57.0
2015-03-18 18:44:00,-3.1700000762939453,0.6600000262260437,661.5,2.7100000381469727,2.0999999046325684,399.0,-59.0
2015-03-18 18:45:00,-2.630000114440918,0.009999999776482582,642.7999877929688,2.319999933242798,1.690000057220459,396.0,-59.0
2015-03-18 18:46:00,-2.7899999618530273,2.450000047683716,651.9000244140625,2.7100000381469727,1.8200000524520874,377.0,-57.0
2015-03-18 18:47:00,-2.5899999141693115,3.4000000953674316,662.9000244140625,2.819999933242798,1.7200000286102295,350.0,-57.0
2015-03-18 18:48:00,-0.6499999761581421,3.4200000762939453,666.5999755859375,2.8499999046325684,0.4300000071525574,364.0,-58.0
2015-03-18 18:49:00,0.8700000047683716,4.880000114440918,680.0999755859375,3.8299999237060547,-0.5899999737739563,364.0,-59.0
2015-03-18 18:50:00,-0.18000000715255737,4.650000095367432,663.2999877929688,3.309999942779541,0.11999999731779099,353.0,-60.0
2015-03-18 18:51:00,-3.0399999618530273,2.299999952316284,679.2000122070312,2.9100000858306885,2.059999942779541,442.0,-60.0
2015-03-18 18:52:00,-1.1799999475479126,4.670000076293945,655.7999877929688,2.609999895095825,0.7699999809265137,441.0,-59.0
2015-03-18 18:53:00,,,675.0,2.9100000858306885,,389.0,-58.0
2015-03-18 18:54:00,-0.09000000357627869,5.420000076293945,677.0999755859375,2.940000057220459,0.05999999865889549,357.0,-58.0
2015-03-18 18:55:00,-0.7200000286102295,5.389999866485596,677.7000122070312,2.8299999237060547,0.49000000953674316,370.0,-58.0
2015-03-18 18:56:00,-0.1899999976158142,5.25,671.2000122070312,2.8399999141693115,0.12999999523162842,390.0,-59.0
2015-03-18 18:57:00,0.2199999988079071,5.820000171661377,686.0999755859375,2.8499999046325684,-0.15000000596046448,393.0,-59.0
2015-03-18 18:58:00,0.41999998688697815,5.559999942779541,681.5,2.990000009536743,-0.28999999165534973,402.0,-59.0
2015-03-18 18:59:00,1.6399999856948853,5.550000190734863,674.0999755859375,3.190000057220459,-1.1100000143051147,382.0,-59.0
2015-03-18 19:00:00,-0.17000000178813934,4.900000095367432,670.7999877929688,2.740000009536743,0.10999999940395355,374.0,-58.0
2015-03-18 19:01:00,-0.41999998688697815,4.980000019073486,661.0999755859375,2.6700000762939453,0.2800000011920929,370.0,-58.0
2015-03-18 19:02:00,-0.6100000143051147,4.809999942779541,660.7999877929688,2.8299999237060547,0.4000000059604645,364.0,-59.0
2015-03-18 19:03:00,-2.6600000858306885,0.8299999833106995,647.7000122070312,2.619999885559082,1.7200000286102295,395.0,-59.0
2015-03-18 19:04:00,-3.0399999618530273,0.800000011920929,646.5,2.8399999141693115,1.9700000286102295,389.0,-59.0
2015-03-18 19:05:00,-4.03000020980835,2.180000066757202,649.5,2.5199999809265137,2.619999885559082,387.0,-60.0
2015-03-18 19:06:00,-4.0,3.859999895095825,662.7999877929688,2.890000104904175,2.6500000953674316,386.0,-60.0
2015-03-18 19:07:00,-1.6100000143051147,4.239999771118164,673.7999877929688,3.190000057220459,1.0800000429153442,388.0,-61.0
2015-03-18 19:08:00,-1.809999942779541,2.9200000762939453,654.5999755859375,2.990000009536743,1.1799999475479126,388.0,-61.0
2015-03-18 19:09:00,-1.8799999952316284,3.180000066757202,646.5,2.7300000190734863,1.2200000286102295,391.0,-61.0
2015-03-18 19:10:00,-1.8799999952316284,3.180000066757202,,99.98999786376953,,400.0,-61.0
2015-03-18 19:11:00,-1.75,3.5899999141693115,,99.98999786376953,,425.0,-61.0
2015-03-18 19:12:00,-1.4700000286102295,3.609999895095825,647.0,2.75,0.949999988079071,450.0,-61.0
2015-03-18 19:13:00,-1.4199999570846558,3.7699999809265137,647.0,2.75,0.9200000166893005,481.0,-61.0
2015-03-18 19:14:00,-1.6799999475479126,3.549999952316284,,99.98999786376953,,772.0,-62.0
2015-03-18 19:15:00,-2.200000047683716,3.3499999046325684,645.7999877929688,2.799999952316284,1.4199999570846558,982.0,-63.0
2015-03-18 19:16:00,-2.1700000762939453,0.6700000166893005,645.7999877929688,2.799999952316284,1.399999976158142,1008.0,-63.0
2015-03-18 19:17:00,-1.3799999952316284,2.0199999809265137,636.5,2.630000114440918,0.8799999952316284,949.0,-64.0
2015-03-18 19:18:00,-2.049999952316284,0.9100000262260437,636.5,2.630000114440918,1.2999999523162842,1187.0,-64.0
2015-03-18 19:19:00,-1.600000023841858,0.15000000596046448,,99.98999786376953,,967.0,-64.0
2015-03-18 19:20:00,0.5199999809265137,3.5299999713897705,,99.98999786376953,,762.0,-63.0
2015-03-18 19:21:00,-0.12999999523162842,3.0199999809265137,641.9000244140625,2.8299999237060547,0.07999999821186066,694.0,-63.0
2015-03-18 19:22:00,1.059999942779541,4.019999980926514,641.9000244140625,2.8299999237060547,-0.6800000071525574,731.0,-64.0
2015-03-18 19:23:00,1.4800000190734863,3.680000066757202,,99.98999786376953,,765.0,-64.0
2015-03-18 19:24:00,3.4200000762939453,4.110000133514404,,99.98999786376953,,769.0,-63.0
2015-03-18 19:25:00,3.940000057220459,3.4600000381469727,,99.98999786376953,,752.0,-63.0
2015-03-18 19:26:00,4.849999904632568,1.649999976158142,667.7999877929688,3.009999990463257,-3.240000009536743,749.0,-63.0
2015-03-18 19:27:00,5.019999980926514,0.7599999904632568,667.7999877929688,3.009999990463257,-3.3499999046325684,737.0,-64.0
2015-03-18 19:28:00,4.079999923706055,0.05000000074505806,672.2000122070312,2.7300000190734863,-2.740000009536743,774.0,-64.0
2015-03-18 19:29:00,3.0799999237060547,-1.5499999523162842,672.2000122070312,2.7300000190734863,-2.069999933242798,807.0,-66.0
2015-03-18 19:30:00,2.450000047683716,-1.8700000047683716,,99.98999786376953,,865.0,-64.0
2015-03-18 19:31:00,1.2799999713897705,-2.880000114440918,,99.98999786376953,,907.0,-64.0
2015-03-18 19:32:00,-1.9900000095367432,-4.570000171661377,,99.98999786376953,,929.0,-65.0
2015-03-18 19:33:00,-1.9500000476837158,-3.7200000286102295,,99.98999786376953,,937.0,-65.0
2015-03-18 19:34:00,2.9600000381469727,1.2200000286102295,,99.98999786376953,,929.0,-64.0
2015-03-18 19:35:00,2.7899999618530273,2.390000104904175,,99.98999786376953,,855.0,-64.0
2015-03-18 19:36:00,3.1700000762939453,3.2100000381469727,,99.98999786376953,,794.0,-65.0
2015-03-18 19:37:00,2.4700000286102295,1.899999976158142,657.2999877929688,3.0799999237060547,-1.6200000047683716,829.0,-66.0
2015-03-18 19:38:00,3.5899999141693115,1.4500000476837158,657.2999877929688,3.0799999237060547,-2.359999895095825,994.0,-67.0
2015-03-18 19:39:00,3.5899999141693115,1.4500000476837158,,99.98999786376953,,898.0,-68.0
2015-03-18 19:40:00,3.0899999141693115,1.940000057220459,651.7000122070312,2.740000009536743,-2.009999990463257,903.0,-69.0
2015-03-18 19:41:00,3.4800000190734863,1.2000000476837158,652.4000244140625,2.619999885559082,-2.2699999809265137,873.0,-68.0
2015-03-18 19:42:00,3.9800000190734863,1.1200000047683716,654.0,2.5199999809265137,-2.5999999046325684,791.0,-67.0
2015-03-18 19:43:00,2.4200000762939453,0.8600000143051147,,99.98999786376953,,754.0,-67.0
2015-03-18 19:44:00,2.240000009536743,0.10999999940395355,,99.98999786376953,,776.0,-67.0
2015-03-18 19:45:00,2.2699999809265137,1.2000000476837158,645.9000244140625,2.3499999046325684,-1.4700000286102295,761.0,-67.0
2015-03-18 19:46:00,1.159999966621399,0.44999998807907104,645.9000244140625,2.3499999046325684,-0.75,736.0,-67.0
2015-03-18 19:47:00,0.12999999523162842,0.49000000953674316,,99.98999786376953,,748.0,-67.0
2015-03-18 19:48:00,0.49000000953674316,0.44999998807907104,,99.98999786376953,,776.0,-70.0
2015-03-18 19:49:00,0.14000000059604645,0.1599999964237213,638.0999755859375,2.4000000953674316,-0.09000000357627869,765.0,-74.0
2015-03-18 19:50:00,-0.49000000953674316,0.6200000047683716,638.0999755859375,2.4000000953674316,0.3100000023841858,759.0,-72.0
2015-03-18 19:51:00,-0.9100000262260437,0.75,638.2000122070312,2.440000057220459,0.5799999833106995,734.0,-68.0
2015-03-18 19:52:00,-0.2800000011920929,-0.4699999988079071,638.2999877929688,2.4000000953674316,0.18000000715255737,683.0,-68.0
2015-03-18 19:53:00,-0.7099999785423279,-0.25999999046325684,639.2000122070312,2.0799999237060547,0.44999998807907104,723.0,-69.0
2015-03-18 19:54:00,-0.699999988079071,0.28999999165534973,,99.98999786376953,,785.0,-68.0
2015-03-18 19:55:00,-0.550000011920929,-0.03999999910593033,637.9000244140625,2.190000057220459,0.3499999940395355,755.0,-68.0
2015-03-18 19:56:00,-1.5299999713897705,0.8799999952316284,637.9000244140625,2.190000057220459,0.9800000190734863,729.0,-70.0
2015-03-18 19:57:00,-0.6299999952316284,-0.3199999928474426,640.2999877929688,2.4600000381469727,0.4000000059604645,724.0,-70.0
2015-03-18 19:58:00,-0.9200000166893005,0.800000011920929,640.0999755859375,2.380000114440918,0.5899999737739563,698.0,-69.0
2015-03-18 19:59:00,,,640.0,2.3499999046325684,,675.0,-69.0
2015-03-18 20:00:00,,,,99.98999786376953,,638.0,-68.0
2015-03-18 20:01:00,,,,99.98999786376953,,629.0,-68.0
2015-03-18 20:02:00,,,,99.98999786376953,,624.0,-69.0
2015-03-18 20:03:00,,,,99.98999786376953,,613.0,-68.0
2015-03-18 20:04:00,,,,99.98999786376953,,637.0,-68.0
2015-03-18 20:05:00,,,,99.98999786376953,,610.0,-68.0
2015-03-18 20:06:00,,,,99.98999786376953,,573.0,-69.0
2015-03-18 20:07:00,,,,99.98999786376953,,550.0,-69.0
2015-03-18 20:08:00,,,,99.98999786376953,,567.0,-69.0
2015-03-18 20:09:00,,,,99.98999786376953,,553.0,-68.0
2015-03-18 20:10:00,,,,99.98999786376953,,575.0,-69.0
2015-03-18 20:11:00,,,,99.98999786376953,,593.0,-69.0
2015-03-18 20:12:00,,,,99.98999786376953,,600.0,-69.0
2015-03-18 20:13:00,,,,99.98999786376953,,653.0,-69.0
2015-03-18 20:14:00,,,,99.98999786376953,,661.0,-68.0
2015-03-18 20:15:00,,,,99.98999786376953,,609.0,-67.0
2015-03-18 20:16:00,,,,99.98999786376953,,639.0,-67.0
2015-03-18 20:17:00,,,,99.98999786376953,,698.0,-66.0
2015-03-18 20:18:00,,,,99.98999786376953,,728.0,-65.0
2015-03-18 20:19:00,,,,99.98999786376953,,706.0,-65.0
2015-03-18 20:20:00,,,,99.98999786376953,,668.0,-65.0
2015-03-18 20:21:00,,,,99.98999786376953,,625.0,-66.0
2015-03-18 20:22:00,,,,99.98999786376953,,629.0,-66.0
2015-03-18 20:23:00,,,,99.98999786376953,,647.0,-65.0
2015-03-18 20:24:00,,,,99.98999786376953,,716.0,-65.0
2015-03-18 20:25:00,,,,99.98999786376953,,741.0,-65.0
2015-03-18 20:26:00,,,,99.98999786376953,,759.0,-66.0
2015-03-18 20:27:00,,,,99.98999786376953,,742.0,-65.0
2015-03-18 20:28:00,,,,99.98999786376953,,687.0,-65.0
2015-03-18 20:29:00,,,,99.98999786376953,,659.0,-65.0
2015-03-18 20:30:00,,,,99.98999786376953,,642.0,-66.0
2015-03-18 20:31:00,,,,99.98999786376953,,651.0,-67.0
2015-03-18 20:32:00,,,,99.98999786376953,,651.0,-68.0
2015-03-18 20:33:00,,,,99.98999786376953,,617.0,-69.0
2015-03-18 20:34:00,,,,99.98999786376953,,586.0,-69.0
2015-03-18 20:35:00,,,,99.98999786376953,,557.0,-69.0
2015-03-18 20:36:00,,,,99.98999786376953,,554.0,-69.0
2015-03-18 20:37:00,,,,99.98999786376953,,547.0,-69.0
2015-03-18 20:38:00,,,,99.98999786376953,,566.0,-69.0
2015-03-18 20:39:00,,,,99.98999786376953,,580.0,-69.0
2015-03-18 20:40:00,,,,99.98999786376953,,523.0,-69.0
2015-03-18 20:41:00,,,,99.98999786376953,,491.0,-70.0
2015-03-18 20:42:00,,,,99.98999786376953,,504.0,-70.0
2015-03-18 20:43:00,,,,99.98999786376953,,496.0,-70.0
2015-03-18 20:44:00,,,,99.98999786376953,,491.0,-70.0
2015-03-18 20:45:00,,,,99.98999786376953,,465.0,-70.0
2015-03-18 20:46:00,,,,99.98999786376953,,469.0,-70.0
2015-03-18 20:47:00,,,,99.98999786376953,,501.0,-70.0
2015-03-18 20:48:00,,,,99.98999786376953,,510.0,-70.0
2015-03-18 20:49:00,,,,99.98999786376953,,508.0,-70.0
2015-03-18 20:50:00,,,,99.98999786376953,,482.0,-70.0
2015-03-18 20:51:00,,,,99.98999786376953,,472.0,-70.0
2015-03-18 20:52:00,,,,99.98999786376953,,510.0,-70.0
2015-03-18 20:53:00,,,,99.98999786376953,,555.0,-70.0
2015-03-18 20:54:00,,,,99.98999786376953,,535.0,-70.0
2015-03-18 20:55:00,,,,99.98999786376953,,498.0,-70.0
2015-03-18 20:56:00,,,,99.98999786376953,,527.0,-70.0
2015-03-18 20:57:00,,,,99.98999786376953,,512.0,-68.0
2015-03-18 20:58:00,,,,99.98999786376953,,500.0,-68.0
2015-03-18 20:59:00,,,,99.98999786376953,,531.0,-67.0
2015-03-18 21:00:00,,,,99.98999786376953,,608.0,-67.0
2015-03-18 21:01:00,,,,99.98999786376953,,628.0,-67.0
2015-03-18 21:02:00,,,,99.98999786376953,,577.0,-67.0
2015-03-18 21:03:00,,,,99.98999786376953,,573.0,-66.0
2015-03-18 21:04:00,,,,99.98999786376953,,585.0,-67.0
2015-03-18 21:05:00,,,,99.98999786376953,,562.0,-67.0
2015-03-18 21:06:00,,,,99.98999786376953,,587.0,-67.0
2015-03-18 21:07:00,,,,99.98999786376953,,660.0,-67.0
2015-03-18 21:08:00,,,,99.98999786376953,,634.0,-68.0
2015-03-18 21:09:00,,,,99.98999786376953,,613.0,-68.0
2015-03-18 21:10:00,,,,99.98999786376953,,610.0,-69.0
2015-03-18 21:11:00,,,,99.98999786376953,,616.0,-69.0
2015-03-18 21:12:00,,,,99.98999786376953,,620.0,-69.0
2015-03-18 21:13:00,,,,99.98999786376953,,591.0,-69.0
2015-03-18 21:14:00,,,,99.98999786376953,,596.0,-70.0
2015-03-18 21:15:00,,,,99.98999786376953,,566.0,-70.0
2015-03-18 21:16:00,,,,99.98999786376953,,544.0,-70.0
2015-03-18 21:17:00,,,,99.98999786376953,,545.0,-69.0
2015-03-18 21:18:00,,,,99.98999786376953,,511.0,-70.0
2015-03-18 21:19:00,,,,99.98999786376953,,507.0,-70.0
2015-03-18 21:20:00,,,,99.98999786376953,,497.0,-71.0
2015-03-18 21:21:00,,,,99.98999786376953,,437.0,-71.0
2015-03-18 21:22:00,,,,99.98999786376953,,392.0,-71.0
2015-03-18 21:23:00,,,,99.98999786376953,,380.0,-71.0
2015-03-18 21:24:00,,,,99.98999786376953,,383.0,-70.0
2015-03-18 21:25:00,,,,99.98999786376953,,394.0,-70.0
2015-03-18 21:26:00,,,,99.98999786376953,,393.0,-70.0
2015-03-18 21:27:00,,,,99.98999786376953,,411.0,-69.0
2015-03-18 21:28:00,,,,99.98999786376953,,436.0,-69.0
2015-03-18 21:29:00,,,,99.98999786376953,,453.0,-68.0
2015-03-18 21:30:00,,,,99.98999786376953,,454.0,-68.0
2015-03-18 21:31:00,,,,99.98999786376953,,446.0,-68.0
2015-03-18 21:32:00,,,,99.98999786376953,,476.0,-68.0
2015-03-18 21:33:00,,,,99.98999786376953,,488.0,-68.0
2015-03-18 21:34:00,,,,99.98999786376953,,480.0,-68.0
2015-03-18 21:35:00,,,,99.98999786376953,,475.0,-69.0
2015-03-18 21:36:00,,,,99.98999786376953,,487.0,-69.0
2015-03-18 21:37:00,,,,99.98999786376953,,469.0,-69.0
2015-03-18 21:38:00,,,,99.98999786376953,,471.0,-69.0
2015-03-18 21:39:00,,,,99.98999786376953,,516.0,-69.0
2015-03-18 21:40:00,,,,99.98999786376953,,561.0,-68.0
2015-03-18 21:41:00,,,,99.98999786376953,,532.0,-67.0
2015-03-18 21:42:00,,,,99.98999786376953,,519.0,-67.0
2015-03-18 21:43:00,,,,99.98999786376953,,538.0,-68.0
2015-03-18 21:44:00,,,,99.98999786376953,,562.0,-68.0
2015-03-18 21:45:00,,,,99.98999786376953,,543.0,-68.0
2015-03-18 21:46:00,,,,99.98999786376953,,530.0,-67.0
2015-03-18 21:47:00,,,,99.98999786376953,,500.0,-67.0
2015-03-18 21:48:00,,,,99.98999786376953,,476.0,-68.0
2015-03-18 21:49:00,,,,99.98999786376953,,453.0,-67.0
2015-03-18 21:50:00,,,,99.98999786376953,,450.0,-67.0
2015-03-18 21:51:00,,,,99.98999786376953,,441.0,-67.0
2015-03-18 21:52:00,,,,99.98999786376953,,427.0,-66.0
2015-03-18 21:53:00,,,,99.98999786376953,,396.0,-66.0
2015-03-18 21:54:00,,,,99.98999786376953,,378.0,-66.0
2015-03-18 21:55:00,,,,99.98999786376953,,375.0,-65.0
2015-03-18 21:56:00,,,,99.98999786376953,,380.0,-65.0
2015-03-18 21:57:00,,,,99.98999786376953,,376.0,-65.0
2015-03-18 21:58:00,,,,99.98999786376953,,364.0,-65.0
2015-03-18 21:59:00,,,,99.98999786376953,,388.0,-65.0
2015-03-18 22:00:00,,,,99.98999786376953,,393.0,-65.0
2015-03-18 22:01:00,,,,99.98999786376953,,376.0,-66.0
2015-03-18 22:02:00,,,,99.98999786376953,,386.0,-66.0
2015-03-18 22:03:00,,,,99.98999786376953,,392.0,-66.0
2015-03-18 22:04:00,,,,99.98999786376953,,387.0,-66.0
2015-03-18 22:05:00,-3.6500000953674316,2.690000057220459,,99.98999786376953,,411.0,-66.0
2015-03-18 22:06:00,-2.140000104904175,2.569999933242798,642.0,2.200000047683716,1.3700000047683716,426.0,-65.0
2015-03-18 22:07:00,-2.759999990463257,2.3399999141693115,642.0,2.200000047683716,1.7699999809265137,447.0,-65.0
2015-03-18 22:08:00,-2.3299999237060547,3.0799999237060547,651.5999755859375,2.3299999237060547,1.5199999809265137,442.0,-65.0
2015-03-18 22:09:00,-1.6699999570846558,3.680000066757202,653.7000122070312,2.5,1.090000033378601,422.0,-65.0
2015-03-18 22:10:00,-3.9800000190734863,-0.33000001311302185,656.2999877929688,2.450000047683716,2.609999895095825,444.0,-64.0
2015-03-18 22:11:00,-3.5799999237060547,1.2699999809265137,653.5,2.369999885559082,2.3399999141693115,452.0,-65.0
2015-03-18 22:12:00,-3.700000047683716,1.1100000143051147,647.5999755859375,2.4600000381469727,2.4000000953674316,433.0,-64.0
2015-03-18 22:13:00,-3.6600000858306885,-2.0799999237060547,645.5999755859375,2.319999933242798,2.359999895095825,443.0,-64.0
2015-03-18 22:14:00,-3.9200000762939453,-1.659999966621399,,99.98999786376953,,464.0,-63.0
2015-03-18 22:15:00,-3.690000057220459,0.7900000214576721,649.0999755859375,2.5799999237060547,2.4000000953674316,467.0,-63.0
2015-03-18 22:16:00,-4.239999771118164,2.1700000762939453,662.0,2.680000066757202,2.809999942779541,437.0,-65.0
2015-03-18 22:17:00,-4.03000020980835,3.0899999141693115,676.9000244140625,2.759999990463257,2.7300000190734863,407.0,-65.0
2015-03-18 22:18:00,-4.409999847412109,2.819999933242798,668.2999877929688,2.569999933242798,2.950000047683716,378.0,-65.0
2015-03-18 22:19:00,-4.099999904632568,3.109999895095825,677.2999877929688,2.809999942779541,2.7799999713897705,420.0,-66.0
2015-03-18 22:20:00,-3.619999885559082,3.7300000190734863,677.0999755859375,3.0199999809265137,2.450000047683716,508.0,-67.0
2015-03-18 22:21:00,-3.180000066757202,4.190000057220459,677.0,3.059999942779541,2.1500000953674316,566.0,-67.0
2015-03-18 22:22:00,-2.819999933242798,4.289999961853027,,99.98999786376953,,654.0,-67.0
2015-03-18 22:23:00,-2.7899999618530273,4.03000020980835,678.7000122070312,2.509999990463257,1.8899999856948853,534.0,-67.0
2015-03-18 22:24:00,-2.5999999046325684,4.199999809265137,678.7000122070312,2.509999990463257,1.7599999904632568,478.0,-66.0
2015-03-18 22:25:00,-2.190000057220459,1.3799999952316284,659.4000244140625,2.200000047683716,1.440000057220459,539.0,-67.0
2015-03-18 22:26:00,-2.4700000286102295,0.49000000953674316,676.5999755859375,2.380000114440918,1.6699999570846558,562.0,-66.0
2015-03-18 22:27:00,-3.009999990463257,1.6200000047683716,648.0,2.4100000858306885,1.9500000476837158,624.0,-66.0
2015-03-18 22:28:00,-2.259999990463257,-0.7300000190734863,648.0,2.4100000858306885,1.4600000381469727,656.0,-66.0
2015-03-18 22:29:00,-2.4600000381469727,-1.1100000143051147,,99.98999786376953,,646.0,-66.0
2015-03-18 22:30:00,-3.0199999809265137,0.009999999776482582,,99.98999786376953,,668.0,-67.0
2015-03-18 22:31:00,-1.8300000429153442,0.09000000357627869,644.7999877929688,2.369999885559082,1.1799999475479126,612.0,-68.0
2015-03-18 22:32:00,-1.559999942779541,-1.0499999523162842,644.7000122070312,2.0999999046325684,1.0099999904632568,618.0,-68.0
2015-03-18 22:33:00,-4.300000190734863,-1.340000033378601,,99.98999786376953,,613.0,-68.0
2015-03-18 22:34:00,-3.7699999809265137,-2.309999942779541,,99.98999786376953,,585.0,-69.0
2015-03-18 22:35:00,-3.1500000953674316,-1.9299999475479126,,99.98999786376953,,675.0,-70.0
2015-03-18 22:36:00,-4.329999923706055,-1.6799999475479126,,99.98999786376953,,730.0,-70.0
2015-03-18 22:37:00,-2.8499999046325684,-2.059999942779541,,99.98999786376953,,776.0,-70.0
2015-03-18 22:38:00,-1.809999942779541,-2.619999885559082,,99.98999786376953,,797.0,-71.0
2015-03-18 22:39:00,-1.7899999618530273,-2.5,,99.98999786376953,,851.0,-71.0
2015-03-18 22:40:00,-1.649999976158142,-2.3499999046325684,,99.98999786376953,,990.0,-73.0
2015-03-18 22:41:00,-1.600000023841858,-2.369999885559082,,99.98999786376953,,1047.0,-73.0
2015-03-18 22:42:00,-0.27000001072883606,-3.559999942779541,,99.98999786376953,,1064.0,-73.0
2015-03-18 22:43:00,-0.2199999988079071,-3.3399999141693115,,99.98999786376953,,1033.0,-73.0
2015-03-18 22:44:00,-0.23999999463558197,-3.4100000858306885,,99.98999786376953,,1033.0,-72.0
2015-03-18 22:45:00,0.9900000095367432,-2.930000066757202,,99.98999786376953,,1085.0,-71.0
2015-03-18 22:46:00,0.9700000286102295,-2.759999990463257,,99.98999786376953,,1126.0,-71.0
2015-03-18 22:47:00,1.0099999904632568,-3.190000057220459,,99.98999786376953,,1143.0,-71.0
2015-03-18 22:48:00,-2.2200000286102295,-0.5899999737739563,,99.98999786376953,,1107.0,-71.0
2015-03-18 22:49:00,-4.539999961853027,1.3600000143051147,,99.98999786376953,,1031.0,-72.0
2015-03-18 22:50:00,-4.590000152587891,1.7999999523162842,665.5,2.319999933242798,3.049999952316284,1035.0,-71.0
2015-03-18 22:51:00,-4.449999809265137,1.4800000190734863,665.9000244140625,2.319999933242798,2.9600000381469727,998.0,-71.0
2015-03-18 22:52:00,-4.309999942779541,1.2100000381469727,671.5999755859375,2.4100000858306885,2.890000104904175,994.0,-70.0
2015-03-18 22:53:00,-4.440000057220459,1.940000057220459,665.5,2.680000066757202,2.950000047683716,1036.0,-70.0
2015-03-18 22:54:00,-4.610000133514404,1.4600000381469727,670.5999755859375,2.6500000953674316,3.0899999141693115,1001.0,-69.0
2015-03-18 22:55:00,-4.849999904632568,1.2300000190734863,664.5999755859375,2.4600000381469727,3.2200000286102295,920.0,-69.0
2015-03-18 22:56:00,-4.679999828338623,1.809999942779541,664.5999755859375,2.4600000381469727,3.109999895095825,870.0,-69.0
2015-03-18 22:57:00,-4.170000076293945,2.359999895095825,,99.98999786376953,,935.0,-69.0
2015-03-18 22:58:00,-4.190000057220459,1.9800000190734863,666.2000122070312,2.5,2.7899999618530273,946.0,-70.0
2015-03-18 22:59:00,-4.239999771118164,1.7300000190734863,663.0,2.4800000190734863,2.809999942779541,1024.0,-69.0
2015-03-18 23:00:00,-4.25,1.9199999570846558,685.0,2.5199999809265137,2.9100000858306885,1022.0,-69.0
2015-03-18 23:01:00,-4.300000190734863,1.25,691.5,2.740000009536743,2.9700000286102295,998.0,-68.0
2015-03-18 23:02:00,-4.699999809265137,1.2100000381469727,,99.98999786376953,,897.0,-68.0
2015-03-18 23:03:00,-4.559999942779541,-0.12999999523162842,680.2000122070312,2.4200000762939453,3.0999999046325684,893.0,-68.0
2015-03-18 23:04:00,-4.539999961853027,0.5699999928474426,680.2000122070312,2.4200000762939453,3.0899999141693115,843.0,-68.0
2015-03-18 23:05:00,-4.53000020980835,0.8100000023841858,666.7000122070312,2.380000114440918,3.0199999809265137,832.0,-68.0
2015-03-18 23:06:00,-4.53000020980835,1.7599999904632568,674.2999877929688,2.4600000381469727,3.049999952316284,842.0,-68.0
2015-03-18 23:07:00,-4.269999980926514,1.8200000524520874,684.2999877929688,2.559999942779541,2.9200000762939453,911.0,-69.0
2015-03-18 23:08:00,-4.210000038146973,1.7799999713897705,679.5,2.4800000190734863,2.859999895095825,923.0,-69.0
2015-03-18 23:09:00,-3.869999885559082,0.2800000011920929,676.0,2.4600000381469727,2.619999885559082,954.0,-68.0
2015-03-18 23:10:00,-4.269999980926514,2.0,671.9000244140625,2.7300000190734863,2.869999885559082,969.0,-68.0
2015-03-18 23:11:00,-3.8299999237060547,2.990000009536743,673.0,2.549999952316284,2.5799999237060547,897.0,-68.0
2015-03-18 23:12:00,-4.039999961853027,2.180000066757202,673.0,2.549999952316284,2.7200000286102295,925.0,-67.0
2015-03-18 23:13:00,-3.450000047683716,2.619999885559082,,99.98999786376953,,961.0,-67.0
2015-03-18 23:14:00,-3.0299999713897705,3.2100000381469727,,99.98999786376953,,916.0,-67.0
2015-03-18 23:15:00,-2.190000057220459,3.6700000762939453,658.2999877929688,2.5899999141693115,1.440000057220459,866.0,-67.0
2015-03-18 23:16:00,-3.6700000762939453,2.3399999141693115,661.4000244140625,2.3499999046325684,2.430000066757202,855.0,-67.0
2015-03-18 23:17:00,-4.21999979019165,1.350000023841858,657.9000244140625,2.4100000858306885,2.7799999713897705,844.0,-66.0
2015-03-18 23:18:00,-4.460000038146973,0.41999998688697815,664.7000122070312,2.4000000953674316,2.9600000381469727,808.0,-66.0
2015-03-18 23:19:00,-4.119999885559082,-0.8399999737739563,662.0,2.380000114440918,2.7300000190734863,767.0,-66.0
2015-03-18 23:20:00,-3.1600000858306885,1.0199999809265137,660.2999877929688,2.450000047683716,2.0899999141693115,750.0,-66.0
2015-03-18 23:21:00,-2.75,0.44999998807907104,649.9000244140625,2.380000114440918,1.7899999618530273,740.0,-66.0
2015-03-18 23:22:00,-4.690000057220459,-0.4099999964237213,,99.98999786376953,,733.0,-67.0
2015-03-18 23:23:00,-4.639999866485596,0.15000000596046448,684.2999877929688,2.7300000190734863,3.180000066757202,764.0,-67.0
2015-03-18 23:24:00,-4.789999961853027,0.18000000715255737,686.2999877929688,2.700000047683716,3.2899999618530273,786.0,-68.0
2015-03-18 23:25:00,-4.559999942779541,-0.4000000059604645,,99.98999786376953,,739.0,-67.0
2015-03-18 23:26:00,-4.550000190734863,-0.8100000023841858,682.9000244140625,2.809999942779541,3.109999895095825,712.0,-67.0
2015-03-18 23:27:00,-4.349999904632568,-1.3300000429153442,688.4000244140625,2.6700000762939453,2.990000009536743,749.0,-67.0
2015-03-18 23:28:00,-4.510000228881836,-1.2100000381469727,680.4000244140625,2.7300000190734863,3.069999933242798,777.0,-67.0
2015-03-18 23:29:00,-4.039999961853027,-1.7200000286102295,684.5999755859375,2.890000104904175,2.7699999809265137,777.0,-67.0
2015-03-18 23:30:00,-3.930000066757202,-1.1200000047683716,687.2999877929688,2.7100000381469727,2.700000047683716,821.0,-67.0
2015-03-18 23:31:00,-2.8399999141693115,1.9600000381469727,686.4000244140625,2.5299999713897705,1.9500000476837158,850.0,-67.0
2015-03-18 23:32:00,-3.059999942779541,-0.9100000262260437,691.9000244140625,2.619999885559082,2.119999885559082,834.0,-67.0
2015-03-18 23:33:00,-2.0399999618530273,-1.7599999904632568,691.9000244140625,2.619999885559082,1.409999966621399,689.0,-67.0
2015-03-18 23:34:00,-0.9200000166893005,-1.6399999856948853,,99.98999786376953,,574.0,-67.0
2015-03-18 23:35:00,-1.350000023841858,-2.440000057220459,,99.98999786376953,,573.0,-67.0
2015-03-18 23:36:00,-3.740000009536743,-0.699999988079071,667.4000244140625,2.1700000762939453,2.5,582.0,-68.0
2015-03-18 23:37:00,-4.21999979019165,-0.20999999344348907,669.2000122070312,2.25,2.819999933242798,648.0,-68.0
2015-03-18 23:38:00,-3.4700000286102295,-0.9900000095367432,664.9000244140625,2.380000114440918,2.309999942779541,661.0,-67.0
2015-03-18 23:39:00,-3.259999990463257,0.3499999940395355,687.5,2.619999885559082,2.240000009536743,654.0,-67.0
2015-03-18 23:40:00,-3.190000057220459,-1.3600000143051147,689.5,2.609999895095825,2.200000047683716,640.0,-68.0
2015-03-18 23:41:00,-2.130000114440918,-1.3600000143051147,691.0999755859375,2.549999952316284,1.4700000286102295,628.0,-68.0
2015-03-18 23:42:00,-2.930000066757202,-3.059999942779541,,99.98999786376953,,545.0,-68.0
2015-03-18 23:43:00,-2.299999952316284,-3.3299999237060547,,99.98999786376953,,531.0,-68.0
2015-03-18 23:44:00,-2.930000066757202,-0.25,657.0,2.740000009536743,1.9299999475479126,553.0,-68.0
2015-03-18 23:45:00,-3.119999885559082,0.5799999833106995,657.0999755859375,2.7200000286102295,2.049999952316284,538.0,-68.0
2015-03-18 23:46:00,-3.680000066757202,-0.8999999761581421,661.2999877929688,2.430000066757202,2.430000066757202,564.0,-69.0
2015-03-18 23:47:00,-3.109999895095825,-2.740000009536743,662.7999877929688,2.3399999141693115,2.059999942779541,586.0,-69.0
2015-03-18 23:48:00,-3.680000066757202,-2.0299999713897705,668.9000244140625,2.440000057220459,2.4600000381469727,601.0,-69.0
2015-03-18 23:49:00,-3.0199999809265137,-0.7300000190734863,664.7000122070312,2.1700000762939453,2.009999990463257,568.0,-70.0
2015-03-18 23:50:00,-2.009999990463257,-0.5,663.5,2.180000066757202,1.3300000429153442,594.0,-69.0
2015-03-18 23:51:00,-2.0299999713897705,-0.8999999761581421,654.7999877929688,2.25,1.3300000429153442,601.0,-70.0
2015-03-18 23:52:00,-1.850000023841858,-1.440000057220459,658.0,2.309999942779541,1.2200000286102295,600.0,-70.0
2015-03-18 23:53:00,-2.4700000286102295,-1.2999999523162842,661.9000244140625,2.390000104904175,1.6299999952316284,588.0,-70.0
2015-03-18 23:54:00,-2.630000114440918,-0.5699999928474426,659.5,2.3399999141693115,1.7300000190734863,628.0,-70.0
2015-03-18 23:55:00,-3.069999933242798,-0.6499999761581421,653.7000122070312,2.5399999618530273,2.009999990463257,658.0,-70.0
2015-03-18 23:56:00,-2.640000104904175,-0.6299999952316284,655.0,2.190000057220459,1.7300000190734863,702.0,-70.0
2015-03-18 23:57:00,-2.8399999141693115,-0.6200000047683716,653.2999877929688,2.25,1.8600000143051147,729.0,-71.0
2015-03-18 23:58:00,-2.700000047683716,0.019999999552965164,650.5999755859375,2.4100000858306885,1.7599999904632568,737.0,-71.0
2015-03-18 23:59:00,-2.1600000858306885,-2.1500000953674316,660.0999755859375,2.299999952316284,1.4299999475479126,764.0,-71.0
