seconds,lat,lon,radius
0.0,2.2136432999999998,-63.2560378,6835715.79
20.0,3.4927463999999997,-63.280266299999994,6835506.71
40.0,4.7719192,-63.304329499999994,6835294.71
60.0,6.0511595,-63.328167199999996,6835079.93
80.0,7.3304652,-63.351718000000005,6834862.48
100.0,8.6098339,-63.374919500000004,6834642.5200000005
120.0,9.8892633,-63.3977079,6834420.2
140.0,11.168751199999999,-63.420017599999994,6834195.66
160.0,12.4482951,-63.441780800000004,6833969.08
180.0,13.7278924,-63.46292779999999,6833740.600000001
200.0,15.0075407,-63.4833859,6833510.4
220.0,16.2872372,-63.5030795,6833278.640000001
240.0,17.566979099999998,-63.52192969999999,6833045.51
260.0,18.8467636,-63.53985359999999,6832811.18
280.0,20.1265876,-63.5567643,6832575.850000001
300.0,21.406447999999997,-63.57256989999999,6832339.71
320.0,22.6863417,-63.58717329999999,6832102.95
340.0,23.9662652,-63.60047159999999,6831865.75
360.0,25.2462148,-63.6123551,6831628.32
380.0,26.526186799999998,-63.6227068,6831390.84
400.0,27.806177299999998,-63.63140179999999,6831153.53
420.0,29.0861819,-63.638305900000006,6830916.58
440.0,30.3661963,-63.6432746,6830680.19
460.0,31.646215599999998,-63.646152400000005,6830444.59
480.0,32.926234799999996,-63.64677090000001,6830209.96
500.0,34.2062485,-63.644947599999995,6829976.54
520.0,35.4862509,-63.6404842,6829744.53
540.0,36.7662359,-63.6331644,6829514.16
560.0,38.046196699999996,-63.6227519,6829285.63
580.0,39.326126099999996,-63.608987600000006,6829059.18
600.0,40.606016499999996,-63.59158679999999,6828835.01
620.0,41.8858593,-63.57023559999999,6828613.33
640.0,43.1656452,-63.54458700000001,6828394.38
660.0,44.445364,-63.5142561,6828178.34
680.0,45.7250047,-63.478814400000005,6827965.45
700.0,47.004554899999995,-63.437783800000005,6827755.92
720.0,48.2840008,-63.39062870000001,6827549.95
740.0,49.5633274,-63.33674669999999,6827347.76
760.0,50.8425175,-63.27545789999999,6827149.57
780.0,52.121552099999995,-63.2059921,6826955.58
800.0,53.400409599999996,-63.127472499999996,6826765.98
820.0,54.679065599999994,-63.0388968,6826580.99
840.0,55.957492099999996,-62.93911349999999,6826400.79
860.0,57.235656899999995,-62.82679329999999,6826225.58
880.0,58.5135231,-62.7003929,6826055.53
900.0,59.7910475,-62.55811,6825890.83
920.0,61.0681795,-62.397826499999994,6825731.640000001
940.0,62.3448597,-62.21703629999999,6825578.140000001
960.0,63.621017099999996,-62.012752199999994,6825430.49
980.0,64.8965668,-61.78138440000001,6825288.84
1000.0,66.17140599999999,-61.5185812,6825153.34
1020.0,67.4454089,-61.2190162,6825024.140000001
1040.0,68.7184202,-60.8761001,6824901.38
1060.0,69.99024539999999,-60.48158509999999,6824785.18
1080.0,71.2606375,-60.0250114,6824675.68
1100.0,72.5292789,-59.492917899999995,6824572.98
1120.0,73.7957529,-58.867693900000006,6824477.21
1140.0,75.05950299999999,-58.125864199999995,6824388.46
1160.0,76.3197691,-57.235462600000005,6824306.84
1180.0,77.5754856,-56.1518801,6824232.45
1200.0,78.82511319999999,-54.8110743,6824165.350000001
1220.0,80.0663484,-53.1180131,6824105.63
1240.0,81.29559479999999,-50.9261286,6824053.36
1260.0,82.5069443,-47.998975,6824008.59
1280.0,83.6900756,-43.93513519999999,6823971.38
1300.0,84.8255906,-38.01600500000001,6823941.7700000005
1320.0,85.8739813,-28.907578400000006,6823919.8
1340.0,86.7498107,-14.270373000000006,6823905.49
1360.0,87.2808766,8.31457069999999,6823898.86
1380.0,87.2588791,35.418448100000006,6823899.91
1400.0,86.6948434,57.418347100000005,6823908.66
1420.0,85.8018379,71.55207300000001,6823925.09
1440.0,84.7449807,80.3621468,6823949.19
1460.0,83.60500139999999,86.11051789999999,6823980.93
1480.0,82.41931079999999,90.072183,6824020.28
1500.0,81.20638369999999,92.93470379999997,6824067.21
1520.0,79.97610639999999,95.08357769999998,6824121.66
1540.0,78.7341656,96.74675760000002,6824183.58
1560.0,77.48403689999999,98.06604279999999,6824252.91
1580.0,76.22795409999999,99.13365190000002,6824329.57
1600.0,74.9674138,100.01189260000001,6824413.48
1620.0,73.7034546,100.74426199999999,6824504.54
1640.0,72.4368191,101.36198910000002,6824602.67
1660.0,71.16805149999999,101.88804579999999,6824707.74
1680.0,69.89755989999999,102.33969030000003,6824819.65
1700.0,68.6256564,102.73013100000003,6824938.28
1720.0,67.3525831,103.0696428,6825063.48
1740.0,66.0785315,103.36633610000001,6825195.13
1760.0,64.8036545,103.62669599999998,6825333.09
1780.0,63.528076,103.8559692,6825477.22
1800.0,62.251897199999995,104.05844509999997,6825627.36
1820.0,60.975201999999996,104.23766460000002,6825783.36
1840.0,59.6980602,104.3965761,6825945.04
1860.0,58.420530799999995,104.53765450000003,6826112.24
1880.0,57.1426635,104.66299240000001,6826284.78
1900.0,55.8645011,104.77437150000003,6826462.48
1920.0,54.5860802,104.87331789999996,6826645.15
1940.0,53.3074326,104.96114699999998,6826832.59
1960.0,52.028585899999996,105.03899819999998,6827024.600000001
1980.0,50.7495645,105.10786380000002,6827221.0
2000.0,49.4703897,105.1686123,6827421.57
2020.0,48.1910805,105.22200679999997,6827626.100000001
2040.0,46.911653699999995,105.26872120000002,6827834.4
2060.0,45.632124399999995,105.30935239999997,6828046.26
2080.0,44.352506,105.34443169999997,6828261.45
2100.0,43.0728108,105.37443329999996,6828479.7700000005
2120.0,41.7930498,105.39978229999997,6828701.0
2140.0,40.5132331,105.4208605,6828924.92
2160.0,39.2333697,105.43801250000001,6829151.32
2180.0,37.953468099999995,105.45154989999997,6829379.97
2200.0,36.6735359,105.4617553,6829610.65
2220.0,35.3935804,105.46888609999996,6829843.13
2240.0,34.1136082,105.4731769,6830077.2
2260.0,32.833625399999995,105.47484270000001,6830312.62
2280.0,31.553637799999997,105.47408039999999,6830549.18
2300.0,30.2736508,105.47107160000002,6830786.68
2320.0,28.993669399999998,105.4659835,6831024.88
2340.0,27.713698299999997,105.45897100000002,6831263.59
2360.0,26.433741899999998,105.45017759999996,6831502.57
2380.0,25.1538045,105.43973690000001,6831741.640000001
2400.0,23.8738901,105.42777339999998,6831980.57
2420.0,22.594002399999997,105.4144033,6832219.16
2440.0,21.314145099999998,105.3997359,6832457.23
2460.0,20.0343215,105.38387369999998,6832694.5600000005
2480.0,18.7545349,105.36691350000001,6832930.98
2500.0,17.4747885,105.34894659999998,6833166.28
2520.0,16.1950851,105.33005989999998,6833400.3
2540.0,14.915427699999999,105.3103357,6833632.84
2560.0,13.635819099999999,105.28985290000003,6833863.73
2580.0,12.356261799999999,105.26868669999999,6834092.8
2600.0,11.076758499999999,105.2469097,6834319.87
2620.0,9.7973117,105.22459140000001,6834544.8
2640.0,8.517923699999999,105.20179949999999,6834767.42
2660.0,7.2385969,105.17859920000001,6834987.57
2680.0,5.9593336,105.15505459999997,6835205.12
2700.0,4.6801360999999995,105.13122779999998,6835419.93
2720.0,3.4010064,105.10718020000002,6835631.850000001
2740.0,2.1219468,105.08297199999998,6835840.76
2760.0,0.8429593,105.05866300000002,6836046.54
2780.0,-0.43595399999999995,105.03431239999998,6836249.08
2800.0,-1.714791,105.0099793,6836448.26
2820.0,-2.9935498,104.98572279999996,6836644.01
2840.0,-4.2722283999999995,104.96160250000003,6836836.22
2860.0,-5.5508248,104.93767830000002,6837024.82
2880.0,-6.8293371,104.91401100000002,6837209.76
2900.0,-8.1077634,104.89066229999997,6837390.97
2920.0,-9.3861019,104.86769529999998,6837568.4
2940.0,-10.6643508,104.8451746,6837742.01
2960.0,-11.9425084,104.82316659999998,6837911.76
2980.0,-13.2205728,104.80174,6838077.62
3000.0,-14.4985422,104.78096570000002,6838239.5600000005
3020.0,-15.776414899999999,104.76091759999997,6838397.55
3040.0,-17.054189,104.7416728,6838551.59
3060.0,-18.3318627,104.72331179999998,6838701.67
3080.0,-19.6094342,104.7059193,6838847.7700000005
3100.0,-20.8869015,104.68958420000001,6838989.890000001
3120.0,-22.1642626,104.67440069999998,6839128.03
3140.0,-23.4415154,104.66046829999999,6839262.19
3160.0,-24.7186578,104.64789280000002,6839392.4
3180.0,-25.995687399999998,104.63678700000003,6839518.66
3200.0,-27.2726018,104.6272712,6839640.99
3220.0,-28.5493985,104.6194744,6839759.42
3240.0,-29.8260747,104.61353489999999,6839873.99
3260.0,-31.102627499999997,104.609602,6839984.73
3280.0,-32.3790537,104.60783659999998,6840091.68
3300.0,-33.65535,104.60841299999998,6840194.890000001
3320.0,-34.9315127,104.61152019999997,6840294.4
3340.0,-36.2075378,104.61736409999997,6840390.26
3360.0,-37.483421,104.62616930000002,6840482.5200000005
3380.0,-38.7591573,104.63818149999997,6840571.23
3400.0,-40.0347416,104.65367049999998,6840656.45
3420.0,-41.310167799999995,104.67293289999998,6840738.23
3440.0,-42.585429399999995,104.6962964,6840816.63
3460.0,-43.860519,104.72412329999997,6840891.73
3480.0,-45.135428399999995,104.7568162,6840963.57
3500.0,-46.4101484,104.7948237,6841032.23
3520.0,-47.6846685,104.8386471,6841097.7700000005
3540.0,-48.958977,104.88884869999998,6841160.2700000005
3560.0,-50.2330603,104.94606190000002,6841219.79
3580.0,-51.5069033,105.01100220000001,6841276.41
3600.0,-52.780488399999996,105.08448220000002,6841330.2
3620.0,-54.0537956,105.1674279,6841381.24
3640.0,-55.3268017,105.2608998,6841429.61
3660.0,-56.5994798,105.3661186,6841475.37
3680.0,-57.8717987,105.4844961,6841518.62
3700.0,-59.1437217,105.61767529999997,6841559.41
3720.0,-60.415205799999995,105.76757889999999,6841597.84
3740.0,-61.6861998,105.9364721,6841633.97
3760.0,-62.9566429,106.1270424,6841667.890000001
3780.0,-64.2264619,106.3425024,6841699.65
3800.0,-65.4955683,106.58672489999998,6841729.33
3820.0,-66.7638537,106.86442090000003,6841756.99
3840.0,-68.0311846,107.1813785,6841782.7
3860.0,-69.2973944,107.54478799999998,6841806.5200000005
3880.0,-70.5622728,107.9636916,6841828.51
3900.0,-71.8255509,108.44961599999999,6841848.73
3920.0,-73.08687909999999,109.01748129999999,6841867.24
3940.0,-74.3457952,109.68693610000003,6841884.100000001
3960.0,-75.601676,110.4843674,6841899.34
3980.0,-76.8536609,111.44601439999997,6841913.0200000005
4000.0,-78.1005297,112.62294800000001,6841925.18
4020.0,-79.3404968,114.08932759999999,6841935.850000001
4040.0,-80.5708487,115.95666319999998,6841945.08
4060.0,-81.787273,118.3995984,6841952.88
4080.0,-82.9825335,121.70483739999997,6841959.3
4100.0,-84.14366799999999,126.36826610000003,6841964.36
4120.0,-85.2456175,133.29121329999998,6841968.07
4140.0,-86.23604689999999,144.13695210000003,6841970.45
4160.0,-87.00231099999999,161.540822,6841971.5200000005
4180.0,-87.3428383,-173.35984739999998,6841971.2700000005
4200.0,-87.1033743,-147.3177124,6841969.71
4220.0,-86.3977858,-128.4408719,6841966.84
4240.0,-85.437428,-116.61249749999999,6841962.640000001
4260.0,-84.350766,-109.1257756,6841957.13
4280.0,-83.1980612,-104.132938,6841950.2700000005
4300.0,-82.0078322,-100.6247702,6841942.0600000005
4320.0,-80.7946163,-98.0499536,6841932.46
4340.0,-79.566422,-96.09281349999999,6841921.46
4360.0,-78.3279695,-94.56283169999999,6841909.01
4380.0,-77.0822017,-93.33934789999999,6841895.100000001
4400.0,-75.8310406,-92.3426769,6841879.67
4420.0,-74.575791,-91.5182698,6841862.69
4440.0,-73.31736839999999,-90.82761789999999,6841844.100000001
4460.0,-72.0564328,-90.2428063,6841823.87
4480.0,-70.7934716,-89.743129,6841801.95
4500.0,-69.5288522,-89.31291619999999,6841778.28
4520.0,-68.2628564,-88.9400982,6841752.8100000005
4540.0,-66.9957039,-88.6152323,6841725.48
4560.0,-65.7275685,-88.3308272,6841696.24
4580.0,-64.4585889,-88.0808658,6841665.01
4600.0,-63.1888777,-87.8604599,6841631.74
4620.0,-61.918526699999994,-87.6655983,6841596.36
4640.0,-60.6476116,-87.4929587,6841558.79
4660.0,-59.3761954,-87.339766,6841518.97
4680.0,-58.1043307,-87.2036845,6841476.82
4700.0,-56.832062099999995,-87.08273369999999,6841432.2700000005
4720.0,-55.559427199999995,-86.9752237,6841385.24
4740.0,-54.2864582,-86.87970349999999,6841335.66
4760.0,-53.0131826,-86.7949199,6841283.45
4780.0,-51.739624299999996,-86.71978519999999,6841228.54
4800.0,-50.465803799999996,-86.6533506,6841170.84
4820.0,-49.1917391,-86.59478399999999,6841110.29
4840.0,-47.917445699999995,-86.54335329999999,6841046.8100000005
4860.0,-46.6429374,-86.49841099999999,6840980.3100000005
4880.0,-45.368226199999995,-86.4593826,6840910.73
4900.0,-44.0933229,-86.4257562,6840838.0
4920.0,-42.818236899999995,-86.39707419999999,6840762.04
4940.0,-41.542976499999995,-86.3729262,6840682.79
4960.0,-40.2675494,-86.3529425,6840600.18
4980.0,-38.991962199999996,-86.3367897,6840514.15
5000.0,-37.716221,-86.3241657,6840424.640000001
5020.0,-36.440331199999996,-86.3147959,6840331.59
5040.0,-35.1642978,-86.3084306,6840234.94
5060.0,-33.8881252,-86.3048414,6840134.640000001
5080.0,-32.6118175,-86.30381919999999,6840030.640000001
5100.0,-31.3353786,-86.3051718,6839922.890000001
5120.0,-30.058811799999997,-86.3087224,6839811.350000001
5140.0,-28.782120499999998,-86.3143077,6839695.97
5160.0,-27.5053074,-86.3217765,6839576.73
5180.0,-26.2283756,-86.3309884,6839453.58
5200.0,-24.9513276,-86.3418128,6839326.5
5220.0,-23.6741659,-86.35412769999999,6839195.47
5240.0,-22.3968928,-86.36781909999999,6839060.48
5260.0,-21.1195107,-86.3827799,6838921.51
5280.0,-19.8420216,-86.3989093,6838778.5600000005
5300.0,-18.5644278,-86.4161123,6838631.63
5320.0,-17.2867311,-86.434299,6838480.74
5340.0,-16.008933499999998,-86.45338389999999,6838325.890000001
5360.0,-14.7310369,-86.47328569999999,6838167.100000001
5380.0,-13.4530433,-86.4939267,6838004.4
5400.0,-12.174954399999999,-86.5152324,6837837.83
5420.0,-10.896772,-86.53713139999999,6837667.41
5440.0,-9.618497999999999,-86.55955449999999,6837493.18
5460.0,-8.3401341,-86.5824349,6837315.21
5480.0,-7.0616822,-86.6057075,6837133.53
5500.0,-5.7831440999999995,-86.6293091,6836948.22
5520.0,-4.5045215999999995,-86.65317759999999,6836759.34
5540.0,-3.2258164999999996,-86.677252,6836566.95
5560.0,-1.9470307,-86.7014722,6836371.140000001
5580.0,-0.6681661,-86.7257788,6836171.99
5600.0,0.6107753,-86.75011239999999,6835969.59
5620.0,1.8897916,-86.7744139,6835764.04
5640.0,3.1688807999999997,-86.7986243,6835555.43
5660.0,4.4480408,-86.8226838,6835343.88
5680.0,5.7272694,-86.8465322,6835129.5
5700.0,7.0065645,-86.8701086,6834912.41
5720.0,8.2859239,-86.8933507,6834692.73
5740.0,9.5653451,-86.916195,6834470.62
5760.0,10.8448259,-86.9385764,6834246.19
5780.0,12.1243637,-86.9604277,6834019.62
5800.0,13.4039561,-86.9816797,6833791.04
5820.0,14.6836003,-87.0022604,6833560.63
5840.0,15.9632937,-87.0220951,6833328.54
5860.0,17.2430335,-87.0411058,6833094.96
5880.0,18.5228167,-87.0592106,6832860.07
5900.0,19.8026403,-87.0763235,6832624.05
5920.0,21.0825012,-87.0923542,6832387.11
5940.0,22.3623962,-87.1072066,6832149.43
5960.0,23.642321799999998,-87.1207795,6831911.21
5980.0,24.9222745,-87.1329647,6831672.65
6000.0,26.2022506,-87.1436473,6831433.97
6020.0,27.482246099999998,-87.1527043,6831195.37
6040.0,28.762256899999997,-87.16000369999999,6830957.0600000005
6060.0,30.0422786,-87.16540379999999,6830719.24
6080.0,31.3223065,-87.16875189999999,6830482.13
6100.0,32.602335599999996,-87.16988289999999,6830245.95
6120.0,33.8823607,-87.1686179,6830010.890000001
6140.0,35.162376,-87.1647626,6829777.2
6160.0,36.4423755,-87.1581053,6829545.07
6180.0,37.7223525,-87.14841489999999,6829314.75
6200.0,39.0023001,-87.1354382,6829086.43
6220.0,40.2822106,-87.1188969,6828860.37
6240.0,41.5620755,-87.09848459999999,6828636.76
6260.0,42.841885999999995,-87.073863,6828415.84
6280.0,44.1216321,-87.0446568,6828197.82
6300.0,45.401302799999996,-87.010449,6827982.93
6320.0,46.680886099999995,-86.97077449999999,6827771.37
6340.0,47.9603688,-86.92511239999999,6827563.38
6360.0,49.2397358,-86.872878,6827359.16
6380.0,50.5189708,-86.8134118,6827158.92
6400.0,51.7980551,-86.745967,6826962.890000001
6420.0,53.0769678,-86.6696951,6826771.2700000005
6440.0,54.355685099999995,-86.5836267,6826584.2700000005
6460.0,55.6341799,-86.48664989999999,6826402.09
6480.0,56.9124212,-86.3774825,6826224.93
6500.0,58.190373199999996,-86.2546381,6826052.98
6520.0,59.467994499999996,-86.1163833,6825886.44
6540.0,60.7452365,-85.9606848,6825725.48
6560.0,62.0220419,-85.7851407,6825570.2700000005
6580.0,63.298342999999996,-85.5868934,6825420.98
6600.0,64.5740587,-85.3625163,6825277.7700000005
6620.0,65.8490908,-85.1078653,6825140.79
6640.0,67.12331979999999,-84.81788039999999,6825010.18
6660.0,68.3965985,-84.4863195,6824886.100000001
6680.0,69.6687431,-84.10539349999999,6824768.66
6700.0,70.939521,-83.6652581,6824657.99
6720.0,72.2086343,-83.1532936,6824554.2
6740.0,73.47569399999999,-82.5530617,6824457.390000001
6760.0,74.7401831,-81.84275889999999,6824367.66
6780.0,76.0013996,-80.9928632,6824285.100000001
6800.0,77.25836629999999,-79.9624461,6824209.8100000005
6820.0,78.509683,-78.6931937,6824141.86
6840.0,79.75327399999999,-77.0993395,6824081.32
6860.0,80.9859359,-75.04997259999999,6824028.2700000005
6880.0,82.2024783,-72.33643529999999,6823982.76
6900.0,83.39398419999999,-68.60923389999999,6823944.84
6920.0,84.5440205,-63.25092079999999,6823914.55
6940.0,85.6197952,-55.121650200000005,6823891.92
6960.0,86.5510982,-42.15655849999999,6823876.97
6980.0,87.1903875,-21.643316199999987,6823869.74
7000.0,87.31985089999999,5.182848699999994,6823870.22
7020.0,86.87545999999999,29.116260699999998,6823878.41
7040.0,86.04619699999999,45.05513740000001,6823894.32
7060.0,85.0207839,54.95331920000001,6823917.92
7080.0,83.8973109,61.3247121,6823949.19
7100.0,82.7210465,65.65801069999998,6823988.11
7120.0,81.5139186,68.75485279999998,6824034.63
7140.0,80.2874322,71.0592464,6824088.7
7160.0,79.04809329999999,72.8302617,6824150.29
7180.0,77.79982249999999,74.22710810000001,6824219.32
7200.0,76.54510979999999,75.3522403,6824295.72
7220.0,75.2856074,76.2742599,6824379.42
7240.0,74.02245239999999,77.04068799999999,6824470.32
7260.0,72.756452,77.6854161,6824568.33
7280.0,71.4881944,78.23323060000001,6824673.33
7300.0,70.2181183,78.70265970000003,6824785.22
7320.0,68.9465573,79.10782010000003,6824903.87
7340.0,67.6737698,79.45965089999999,6825029.15
7360.0,66.3999589,79.7667563,6825160.93
7380.0,65.1252865,80.03599459999998,6825299.0600000005
7400.0,63.849883199999994,80.27289869999998,6825443.4
7420.0,62.573855699999996,80.4819809,6825593.79
7440.0,61.2972919,80.6669569,6825750.08
7460.0,60.0202652,80.83091430000002,6825912.09
7480.0,58.742837099999996,80.97643970000001,6826079.67
7500.0,57.465059499999995,81.1057164,6826252.63
7520.0,56.1869769,81.22060010000001,6826430.79
7540.0,54.908627499999994,81.32267780000001,6826613.96
7560.0,53.6300442,81.41331550000001,6826801.95
7580.0,52.351255699999996,81.493695,6826994.5600000005
7600.0,51.0722872,81.56484410000002,6827191.600000001
7620.0,49.793160699999994,81.62766110000001,6827392.87
7640.0,48.5138957,81.6829348,6827598.15
7660.0,47.234509599999996,81.73136060000002,6827807.24
7680.0,45.9550179,81.7735543,6828019.94
7700.0,44.6754345,81.8100632,6828236.03
7720.0,43.3957719,81.84137529999998,6828455.29
7740.0,42.1160412,81.8679277,6828677.5
7760.0,40.8362529,81.89011299999999,6828902.46
7780.0,39.556416299999995,81.90828490000001,6829129.93
7800.0,38.276539799999995,81.92276319999996,6829359.7
7820.0,36.9966313,81.93383779999999,6829591.53
7840.0,35.716698,81.94177250000001,6829825.18
7860.0,34.4367467,81.94680770000002,6830060.41
7880.0,33.1567838,81.94916330000001,6830296.97
7900.0,31.876815399999998,81.94904079999998,6830534.640000001
7920.0,30.5968469,81.94662570000003,6830773.19
7940.0,29.3168838,81.94208889999999,6831012.43
7960.0,28.036930899999998,81.93558840000003,6831252.15
7980.0,26.7569928,81.92727049999996,6831492.17
8000.0,25.4770737,81.9172711,6831732.29
8020.0,24.1971776,81.9057171,6831972.33
8040.0,22.917308199999997,81.89272670000003,6832212.08
8060.0,21.637469199999998,81.87841079999998,6832451.33
8080.0,20.357664099999997,81.86287379999999,6832689.88
8100.0,19.077896199999998,81.84621370000002,6832927.5600000005
8120.0,17.7981688,81.8285234,6833164.17
8140.0,16.5184849,81.80989060000002,6833399.55
8160.0,15.238847499999999,81.7903991,6833633.5200000005
8180.0,13.9592593,81.77012839999998,6833865.93
8200.0,12.679723099999999,81.74915479999999,6834096.62
8220.0,11.4002413,81.72755139999998,6834325.41
8240.0,10.1208165,81.70538859999999,6834552.17
8260.0,8.841451,81.68273440000002,6834776.74
8280.0,7.5621472,81.65965499999999,6834998.97
8300.0,6.282907499999999,81.6362145,6835218.73
8320.0,5.003733899999999,81.61247559999998,6835435.88
8340.0,3.7246287999999996,81.58849989999999,6835650.3
8360.0,2.445594,81.56434790000003,6835861.87
8380.0,1.1666317,81.54007939999997,6836070.47
8400.0,-0.1122561,81.51575379999997,6836275.99
8420.0,-1.3910676,81.49143019999997,6836478.33
8440.0,-2.6698009,81.46716779999997,6836677.38
8460.0,-3.9484538999999996,81.44302579999999,6836873.05
8480.0,-5.227024999999999,81.41906399999999,6837065.25
8500.0,-6.5055124,81.39534309999999,6837253.890000001
8520.0,-7.7839141,81.37192440000001,6837438.9
8540.0,-9.0622284,81.34887070000002,6837620.22
8560.0,-10.340453499999999,81.32624620000001,6837797.76
8580.0,-11.618587699999999,81.30411670000001,6837971.48
8600.0,-12.8966292,81.28255039999999,6838141.32
8620.0,-14.1745761,81.26161760000002,6838307.24
8640.0,-15.4524268,81.24139149999996,6838469.2
8660.0,-16.7301792,81.22194809999996,6838627.17
8680.0,-18.0078317,81.20336709999998,6838781.12
8700.0,-19.2853822,81.1857321,6838931.03
8720.0,-20.5628289,81.16913090000003,6839076.88
8740.0,-21.8401697,81.1536562,6839218.67
8760.0,-23.117402499999997,81.13940639999998,6839356.4
8780.0,-24.394525299999998,81.12648539999998,6839490.07
8800.0,-25.6715357,81.11500419999999,6839619.68
8820.0,-26.948431199999998,81.1050813,6839745.26
8840.0,-28.2252095,81.09684319999997,6839866.8100000005
8860.0,-29.5018678,81.09042599999998,6839984.37
8880.0,-30.7784032,81.08597600000002,6840097.95
8900.0,-32.0548126,81.08365100000003,6840207.61
8920.0,-33.3310928,81.0836218,6840313.37
8940.0,-34.6072401,81.08607359999996,6840415.28
8960.0,-35.8832506,81.09120789999997,6840513.37
8980.0,-37.15912,81.09924419999999,6840607.71
9000.0,-38.4348436,81.11042279999998,6840698.350000001
9020.0,-39.7104162,81.12500699999998,6840785.34
9040.0,-40.985832099999996,81.1432863,6840868.74
9060.0,-42.2610849,81.1655801,6840948.62
9080.0,-43.5361674,81.19224159999999,6841025.03
9100.0,-44.8110718,81.22366260000001,6841098.04
9120.0,-46.085789,81.26027929999998,6841167.73
9140.0,-47.360309,81.30257890000001,6841234.16
9160.0,-48.634620399999996,81.35110739999999,6841297.4
9180.0,-49.908710199999994,81.40647890000002,6841357.53
9200.0,-51.182563699999996,81.46938690000002,6841414.61
9220.0,-52.456164,81.54061769999998,6841468.74
9240.0,-53.7294919,81.6210666,6841519.98
9260.0,-55.0025249,81.7117576,6841568.42
9280.0,-56.275237399999995,81.81386789999999,6841614.12
9300.0,-57.5475992,81.92875709999998,6841657.18
9320.0,-58.8195753,82.05800520000003,6841697.67
9340.0,-60.0911244,82.2034582,6841735.65
9360.0,-61.362197599999995,82.3672871,6841771.21
9380.0,-62.632736699999995,82.5520631,6841804.43
9400.0,-63.9026721,82.76085360000002,6841835.37
9420.0,-65.1719194,82.99734799999999,6841864.100000001
9440.0,-66.440376,83.2660237,6841890.71
9460.0,-67.7079153,83.57236710000001,6841915.23
9480.0,-68.97438009999999,83.9231739,6841937.75
9500.0,-70.2395726,84.32696229999999,6841958.3100000005
9520.0,-71.50324049999999,84.79455150000001,6841976.97
9540.0,-72.7650573,85.3398891,6841993.79
9560.0,-74.0245934,85.9812579,6842008.83
9580.0,-75.2812725,86.74308250000001,6842022.13
9600.0,-76.5343038,87.65870480000001,6842033.75
9620.0,-77.7825744,88.77478689999998,6842043.72
9640.0,-79.0244692,90.15853930000003,6842052.100000001
9660.0,-80.2575592,91.91007250000001,6842058.92
9680.0,-81.47803119999999,94.18445759999997,6842064.22
9700.0,-82.6795813,97.233068,6842068.03
9720.0,-83.8511166,101.4847934,6842070.38
9740.0,-84.9716244,107.71028560000002,6842071.32
9760.0,-85.998021,117.33645419999999,6842070.850000001
9780.0,-86.8373213,132.79467320000003,6842069.0200000005
9800.0,-87.3084148,156.17745449999995,6842065.8100000005
9820.0,-87.2175352,-176.9972382,6842061.25
9840.0,-86.609574,-156.01955289999998,6842055.34
9860.0,-85.6984536,-142.6538615,6842048.0600000005
9880.0,-84.6365021,-134.2754663,6842039.43
9900.0,-83.4971935,-128.7662102,6842029.43
9920.0,-82.3148483,-124.94367369999999,6842018.05
9940.0,-81.10660759999999,-122.1667813,6842005.26
9960.0,-79.8817365,-120.07331289999999,6841991.0600000005
9980.0,-78.6456082,-118.4475229,6841975.41
10000.0,-77.4015283,-117.1543658,6841958.2700000005
10020.0,-76.1516319,-116.1055521,6841939.62
10040.0,-74.89735519999999,-115.2411635,6841919.41
10060.0,-73.6396979,-114.5192136,6841897.600000001
10080.0,-72.3793761,-113.9094607,6841874.140000001
10100.0,-71.11691549999999,-113.38959779999999,6841849.01
10120.0,-69.85271019999999,-112.9428253,6841822.13
10140.0,-68.58706149999999,-112.5562593,6841793.47
10160.0,-67.3202033,-112.2198579,6841762.97
10180.0,-66.0523197,-111.92568209999999,6841730.57
10200.0,-64.7835577,-111.66737409999999,6841696.21
10220.0,-63.514035899999996,-111.43978349999999,6841659.82
10240.0,-62.2438509,-111.2386945,6841621.33
10260.0,-60.973082299999994,-111.0606231,6841580.68
10280.0,-59.7017959,-110.9026655,6841537.8100000005
10300.0,-58.430046999999995,-110.76238199999999,6841492.62
10320.0,-57.1578819,-110.6377079,6841445.0600000005
10340.0,-55.88534,-110.52688409999999,6841395.04
10360.0,-54.6124546,-110.42840249999999,6841342.48
10380.0,-53.3392547,-110.3409628,6841287.32
10400.0,-52.065764699999995,-110.2634375,6841229.48
10420.0,-50.7920063,-110.1948441,6841168.890000001
10440.0,-49.517997799999996,-110.1343227,6841105.46
10460.0,-48.2437555,-110.0811169,6841039.13
10480.0,-46.9692936,-110.0345586,6840969.82
10500.0,-45.6946246,-109.9940558,6840897.47
10520.0,-44.4197595,-109.95908109999999,6840822.0
10540.0,-43.144708099999995,-109.92916389999999,6840743.350000001
10560.0,-41.869479,-109.90388209999999,6840661.44
10580.0,-40.5940799,-109.88285619999999,6840576.22
10600.0,-39.3185177,-109.8657439,6840487.63
10620.0,-38.0427988,-109.85223529999999,6840395.59
10640.0,-36.7669286,-109.84204919999999,6840300.0600000005
10660.0,-35.4909122,-109.83492969999999,6840200.98
10680.0,-34.2147544,-109.8306432,6840098.29
10700.0,-32.938459099999996,-109.8289757,6839991.94
10720.0,-31.6620304,-109.82973109999999,6839881.890000001
10740.0,-30.385471799999998,-109.8327288,6839768.100000001
10760.0,-29.108786499999997,-109.83780189999999,6839650.5200000005
10780.0,-27.8319776,-109.84479639999999,6839529.11
10800.0,-26.555047899999998,-109.8535692,6839403.850000001
10820.0,-25.2780001,-109.8639872,6839274.71
10840.0,-24.0008368,-109.87592649999999,6839141.65
10860.0,-22.7235603,-109.88927079999999,6839004.68
10880.0,-21.446172999999998,-109.9039116,6838863.76
10900.0,-20.168677,-109.91974649999999,6838718.91
10920.0,-18.8910744,-109.936679,6838570.100000001
10940.0,-17.613367399999998,-109.95461789999999,6838417.36
10960.0,-16.3355578,-109.97347669999999,6838260.68
10980.0,-15.0576478,-109.99317309999999,6838100.08
11000.0,-13.779639099999999,-110.0136285,6837935.600000001
11020.0,-12.5015337,-110.0347676,6837767.26
11040.0,-11.2233334,-110.0565182,6837595.09
11060.0,-9.9450401,-110.07881049999999,6837419.140000001
11080.0,-8.6666557,-110.1015772,6837239.46
11100.0,-7.388181899999999,-110.12475289999999,6837056.11
11120.0,-6.1096207,-110.1482738,6836869.15
11140.0,-4.830973999999999,-110.1720775,6836678.66
11160.0,-3.5522435,-110.19610279999999,6836484.7
11180.0,-2.2734312,-110.2202894,6836287.36
11200.0,-0.994539,-110.2445776,6836086.73
11220.0,0.2844311,-110.2689082,6835882.91
11240.0,1.5634770999999998,-110.2932218,6835676.0
11260.0,2.8425971,-110.3174595,6835466.100000001
11280.0,4.121788899999999,-110.34156159999999,6835253.34
11300.0,5.4010504,-110.3654682,6835037.83
11320.0,6.6803794,-110.3891182,6834819.69
11340.0,7.9597736999999995,-110.41244999999999,6834599.07
11360.0,9.239231,-110.43540019999999,6834376.100000001
11380.0,10.5187489,-110.457904,6834150.92
11400.0,11.798325,-110.479895,6833923.69
11420.0,13.077956799999999,-110.50130419999999,6833694.5600000005
11440.0,14.357641699999999,-110.5220605,6833463.68
11460.0,15.6373769,-110.54208969999999,6833231.24
11480.0,16.9171598,-110.5613147,6832997.390000001
11500.0,18.1969875,-110.57965449999999,6832762.32
11520.0,19.4768568,-110.5970243,6832526.2
11540.0,20.756764699999998,-110.61333479999999,6832289.22
11560.0,22.036707999999997,-110.6284914,6832051.57
11580.0,23.3166832,-110.6423942,6831813.44
11600.0,24.5966867,-110.65493699999999,6831575.0200000005
11620.0,25.8767149,-110.6660064,6831336.51
11640.0,27.1567638,-110.67548169999999,6831098.12
11660.0,28.4368292,-110.6832333,6830860.05
11680.0,29.7169068,-110.68912189999999,6830622.51
11700.0,30.9969918,-110.6929978,6830385.69
11720.0,32.2770795,-110.6946991,6830149.82
11740.0,33.5571645,-110.69405049999999,6829915.11
11760.0,34.8372412,-110.6908619,6829681.7700000005
11780.0,36.1173037,-110.6849261,6829450.0
11800.0,37.3973455,-110.676017,6829220.03
11820.0,38.677359599999996,-110.6638873,6828992.07
11840.0,39.9573384,-110.6482655,6828766.33
11860.0,41.2372739,-110.6288525,6828543.0200000005
11880.0,42.517157,-110.6053184,6828322.37
11900.0,43.7969781,-110.57729789999999,6828104.59
11920.0,45.0767263,-110.54438479999999,6827889.9
11940.0,46.35639,-110.5061269,6827678.5
11960.0,47.6359561,-110.46201819999999,6827470.62
11980.0,48.9154102,-110.41149089999999,6827266.48
12000.0,50.194736,-110.3539055,6827066.29
12020.0,51.4739157,-110.2885386,6826870.26
12040.0,52.7529287,-110.21456889999999,6826678.62
12060.0,54.0317521,-110.1310596,6826491.55
12080.0,55.3103597,-110.0369372,6826309.2700000005
12100.0,56.5887215,-109.93096539999999,6826131.98
12120.0,57.866802899999996,-109.8117132,6825959.88
12140.0,59.144563899999994,-109.6775141,6825793.140000001
12160.0,60.421957899999995,-109.5264165,6825631.96
12180.0,61.69893,-109.35611899999999,6825476.53
12200.0,62.9754152,-109.1638887,6825327.0
12220.0,64.2513361,-108.94645519999999,6825183.54
12240.0,65.5265993,-108.699872,6825046.33
12260.0,66.8010911,-108.4193324,6824915.49
12280.0,68.0746719,-108.0989228,6824791.19
12300.0,69.34716809999999,-107.73128589999999,6824673.5600000005
12320.0,70.618361,-107.3071544,6824562.73
12340.0,71.8879709,-106.8146926,6824458.82
12360.0,73.155635,-106.238548,6824361.94
12380.0,74.42087289999999,-105.5584549,6824272.21
12400.0,75.6830363,-104.7471229,6824189.7
12420.0,76.9412286,-103.766954,6824114.5200000005
12440.0,78.1941749,-102.5647683,6824046.73
12460.0,79.44000249999999,-101.0630114,6823986.42
12480.0,80.6758524,-99.1444748,6823933.65
12500.0,81.8971526,-96.62448429999999,6823888.46
12520.0,83.09617209999999,-93.19773049999999,6823850.91
12540.0,84.258929,-88.3320083,6823821.03
12560.0,85.3580875,-81.0531886,6823798.86
12580.0,86.3359533,-69.5654459,6823784.43
12600.0,87.0685201,-51.142261099999985,6823777.74
12620.0,87.3443707,-25.26177960000001,6823778.82
12640.0,87.0332494,0.2877191000000039,6823787.66
12660.0,86.2796128,18.19719699999999,6823804.26
12680.0,85.2913536,29.344268400000004,6823828.59
12700.0,84.1869308,36.42827750000001,6823860.640000001
12720.0,83.02128309999999,41.18037179999999,6823900.37
12740.0,81.8205483,44.53719380000001,6823947.74
12760.0,80.59816459999999,47.011761500000006,6824002.7
12780.0,79.3615964,48.899377000000015,6824065.22
12800.0,78.1152752,50.37923799999999,6824135.21
12820.0,76.86198069999999,51.56539859999998,6824212.62
12840.0,75.6035388,52.533509400000014,6824297.36
12860.0,74.3411952,53.33555279999999,6824389.350000001
12880.0,73.0758274,54.00834499999999,6824488.49
12900.0,71.8080714,54.5786506,6824594.67
12920.0,70.53839839999999,55.066371300000014,6824707.79
12940.0,69.26716549999999,55.4866016,6824827.71
12960.0,67.9946476,55.85099030000001,6824954.3100000005
12980.0,66.7210604,56.168666900000005,6825087.45
13000.0,65.4465749,56.4468851,6825226.98
13020.0,64.171329,56.6914797,6825372.75
13040.0,62.8954348,56.907196699999986,6825524.600000001
13060.0,61.6189847,57.097934899999984,6825682.37
13080.0,60.3420552,57.2669272,6825845.890000001
13100.0,59.0647106,57.416876099999996,6826014.99
13120.0,57.787005199999996,57.550059000000005,6826189.48
13140.0,56.5089852,57.668408,6826369.18
13160.0,55.2306903,57.773573,6826553.92
13180.0,53.952154699999994,57.86697190000001,6826743.48
13200.0,52.673408099999996,57.94982999999999,6826937.69
13220.0,51.394476399999995,58.023211300000014,6827136.350000001
13240.0,50.115382399999994,58.088044800000006,6827339.26
13260.0,48.836146299999996,58.145145299999996,6827546.22
13280.0,47.5567858,58.195230400000014,6827757.01
13300.0,46.277317,58.238934900000004,6827971.43
13320.0,44.9977539,58.2768222,6828189.28
13340.0,43.7181096,58.309394699999984,6828410.32
13360.0,42.4383954,58.337101700000005,6828634.34
13380.0,41.158622,58.3603464,6828861.13
13400.0,39.8787989,58.37949179999998,6829090.44
13420.0,38.598934899999996,58.39486590000001,6829322.0600000005
13440.0,37.319038,58.406765699999994,6829555.76
13460.0,36.039115599999995,58.41546119999998,6829791.3100000005
13480.0,34.759174699999996,58.42119839999998,6830028.46
13500.0,33.479221599999995,58.4242021,6830267.0
13520.0,32.1992623,58.42467819999999,6830506.69
13540.0,30.919302599999998,58.4228162,6830747.3100000005
13560.0,29.6393475,58.41879030000001,6830988.640000001
13580.0,28.359402099999997,58.41276160000001,6831230.47
13600.0,27.079470999999998,58.404879300000005,6831472.59
13620.0,25.7995585,58.395281899999986,6831714.8
13640.0,24.519668799999998,58.3840984,6831956.890000001
13660.0,23.2398056,58.371449299999995,6832198.68
13680.0,21.9599726,58.3574471,6832439.95
13700.0,20.6801733,58.34219759999999,6832680.5200000005
13720.0,19.4004109,58.325800500000014,6832920.2
13740.0,18.1206887,58.3083498,6833158.79
13760.0,16.8410098,58.28993439999999,6833396.12
13780.0,15.561376899999999,58.270638899999994,6833631.99
13800.0,14.281792999999999,58.2505439,6833866.25
13820.0,13.0022608,58.229726400000004,6834098.72
13840.0,11.7227828,58.208260199999984,6834329.23
13860.0,10.4433616,58.1862165,6834557.640000001
13880.0,9.1639995,58.1636637,6834783.78
13900.0,7.8846989999999995,58.140668500000004,6835007.51
13920.0,6.6054622,58.11729539999999,6835228.69
13940.0,5.3262914,58.09360749999999,6835447.19
13960.0,4.0471886,58.0696667,6835662.87
13980.0,2.768156,58.0455336,6835875.61
14000.0,1.4891955,58.02126820000001,6836085.3
14020.0,0.210309,57.996930099999986,6836291.82
14040.0,-1.0685015,57.97257819999999,6836495.07
14060.0,-2.3472342,57.948271799999986,6836694.94
14080.0,-3.6258871999999998,57.924070099999994,6836891.34
14100.0,-4.9044588,57.9000327,6837084.17
14120.0,-6.1829471,57.87622010000001,6837273.36
14140.0,-7.4613504,57.85269339999999,6837458.82
14160.0,-8.739666999999999,57.82951509999998,6837640.5
14180.0,-10.017895,57.8067489,6837818.3100000005
14200.0,-11.2960327,57.784460499999994,6837992.21
14220.0,-12.574078499999999,57.76271729999999,6838162.15
14240.0,-13.8520305,57.7415891,6838328.09
14260.0,-15.129886899999999,57.72114819999999,6838489.98
14280.0,-16.4076461,57.70147019999999,6838647.8
14300.0,-17.6853061,57.68263379999999,6838801.5200000005
14320.0,-18.9628651,57.66472139999999,6838951.12
14340.0,-20.2403212,57.64781980000001,6839096.600000001
14360.0,-21.5176724,57.632020600000004,6839237.93
14380.0,-22.794916699999998,57.61742029999999,6839375.13
14400.0,-24.072051899999998,57.604121599999985,6839508.2
14420.0,-25.3490759,57.59223370000001,6839637.16
14440.0,-26.625986299999997,57.581872799999985,6839762.01
14460.0,-27.902780699999997,57.57316359999999,6839882.79
14480.0,-29.1794564,57.566239499999995,6839999.51
14500.0,-30.456010799999998,57.561243899999994,6840112.21
14520.0,-31.7324408,57.55833179999999,6840220.91
14540.0,-33.0087431,57.557670400000006,6840325.66
14560.0,-34.284914199999996,57.5594409,6840426.5
14580.0,-35.5609503,57.5638405,6840523.47
14600.0,-36.8368472,57.571083999999985,6840616.62
14620.0,-38.1126003,57.58140589999999,6840706.0200000005
14640.0,-39.3882046,57.59506329999999,6840791.73
14660.0,-40.6636544,57.6123389,6840873.8
14680.0,-41.938943699999996,57.633543799999984,6840952.29
14700.0,-43.214065399999996,57.65902209999999,6841027.28
14720.0,-44.4890119,57.689155400000004,6841098.84
14740.0,-45.7637745,57.724368,6841167.01
14760.0,-47.038343399999995,57.76513319999998,6841231.890000001
14780.0,-48.312707599999996,57.81198119999999,6841293.55
14800.0,-49.5868545,57.86550779999999,6841352.05
14820.0,-50.860769999999995,57.926385100000005,6841407.48
14840.0,-52.1344378,57.99537429999998,6841459.92
14860.0,-53.4078392,58.07334109999999,6841509.44
14880.0,-54.6809527,58.16127470000001,6841556.12
14900.0,-55.9537535,58.2603106,6841600.05
14920.0,-57.2262128,58.3717589,6841641.29
14940.0,-58.4982969,58.49713939999998,6841679.94
14960.0,-59.7699661,58.63822529999999,6841716.07
14980.0,-61.041173799999996,58.79709869999999,6841749.76
15000.0,-62.3118644,58.9762207,6841781.07
15020.0,-63.5819713,59.17852189999999,6841810.09
15040.0,-64.8514144,59.40751990000001,6841836.87
15060.0,-66.120096,59.667473099999995,6841861.5
15080.0,-67.3878964,59.963586899999996,6841884.0200000005
15100.0,-68.654667,60.30229059999999,6841904.51
15120.0,-69.9202213,60.6916181,6841923.03
15140.0,-71.1843227,61.1417381,6841939.63
15160.0,-72.4466657,61.665708499999994,6841954.37
15180.0,-73.7068506,62.28057089999999,6841967.32
15200.0,-74.9643437,63.00897759999998,6841978.54
15220.0,-76.2184169,63.881675099999995,6841988.07
15240.0,-77.4680527,64.94140949999999,6841995.97
15260.0,-78.7117864,66.24928119999998,6842002.26
15280.0,-79.9474362,67.89548959999999,6842006.99
15300.0,-81.1716165,70.01830389999998,6842010.2
15320.0,-82.3788074,72.8391818,6842011.92
15340.0,-83.55945799999999,76.730996,6842012.17
15360.0,-84.6958252,82.35554239999999,6842011.0
15380.0,-85.7522281,90.93508559999998,6842008.43
15400.0,-86.652103,104.64563020000003,6842004.49
15420.0,-87.2379752,126.06186960000002,6841999.2
15440.0,-87.2972869,152.97235569999998,6841992.58
15460.0,-86.8006161,175.9617068,6841984.63
15480.0,-85.947468,-168.9634254,6841975.350000001
15500.0,-84.9141775,-159.5713446,6841964.73
15520.0,-83.790019,-153.4805147,6841952.79
15540.0,-82.6163736,-149.3092876,6841939.51
15560.0,-81.41350249999999,-146.3115023,6841924.87
15580.0,-80.1921452,-144.07089009999999,6841908.87
15600.0,-78.95842689999999,-142.3428025,6841891.48
15620.0,-77.7160636,-140.9759348,6841872.67
15640.0,-76.4674282,-139.8723922,6841852.4
15660.0,-75.2141017,-138.96632689999998,6841830.65
15680.0,-73.9571756,-138.2119486,6841807.38
15700.0,-72.6974264,-137.57649229999998,6841782.55
15720.0,-71.4354208,-137.0359272,6841756.11
15740.0,-70.1715818,-136.5722456,6841728.01
15760.0,-68.9062308,-136.1716974,6841698.22
15780.0,-67.6396168,-135.82360749999998,6841666.65
15800.0,-66.3719349,-135.5195652,6841633.26
15820.0,-65.1033404,-135.2528558,6841597.99
15840.0,-63.8339584,-135.01805539999998,6841560.76
15860.0,-62.5638905,-134.8107349,6841521.51
15880.0,-61.29322,-134.62724319999998,6841480.17
15900.0,-60.022016,-134.4645431,6841436.67
15920.0,-58.7503362,-134.3200879,6841390.93
15940.0,-57.4782289,-134.1917263,6841342.87
15960.0,-56.2057353,-134.07762839999998,6841292.43
15980.0,-54.932890099999995,-133.97622769999998,6841239.5200000005
16000.0,-53.6597231,-133.88617539999998,6841184.07
16020.0,-52.386260099999994,-133.8063037,6841126.0200000005
16040.0,-51.1125233,-133.7355963,6841065.28
16060.0,-49.8385317,-133.67316449999998,6841001.78
16080.0,-48.564302299999994,-133.61822759999998,6840935.46
16100.0,-47.2898497,-133.5700968,6840866.24
16120.0,-46.015186799999995,-133.5281621,6840794.05
16140.0,-44.7403249,-133.4918811,6840718.82
16160.0,-43.465274099999995,-133.4607697,6840640.49
16180.0,-42.1900434,-133.4343943,6840558.97
16200.0,-40.9146407,-133.4123654,6840474.21
16220.0,-39.6390731,-133.3943318,6840386.15
16240.0,-38.3633471,-133.3799761,6840294.71
16260.0,-37.0874684,-133.3690102,6840199.850000001
16280.0,-35.811442299999996,-133.3611723,6840101.5
16300.0,-34.5352736,-133.3562234,6839999.61
16320.0,-33.2589664,-133.35394499999998,6839894.13
16340.0,-31.982525,-133.35413649999998,6839785.0200000005
16360.0,-30.7059528,-133.3566137,6839672.23
16380.0,-29.429253199999998,-133.3612067,6839555.72
16400.0,-28.1524295,-133.3677581,6839435.46
16420.0,-26.8754845,-133.3761223,6839311.42
16440.0,-25.598420899999997,-133.38616389999999,6839183.57
16460.0,-24.3212413,-133.3977567,6839051.9
16480.0,-23.0439482,-133.4107827,6838916.38
16500.0,-21.7665439,-133.4251314,6838777.0
16520.0,-20.4890305,-133.440699,6838633.75
16540.0,-19.2114104,-133.4573877,6838486.63
16560.0,-17.933685399999998,-133.47510499999999,6838335.640000001
16580.0,-16.6558577,-133.49376329999998,6838180.79
16600.0,-15.3779291,-133.5132792,6838022.11
16620.0,-14.0999017,-133.5335733,6837859.59
16640.0,-12.821777299999999,-133.5545696,6837693.28
16660.0,-11.5435577,-133.5761952,6837523.21
16680.0,-10.265245,-133.5983798,6837349.4
16700.0,-8.9868408,-133.6210554,6837171.9
16720.0,-7.708347099999999,-133.64415639999999,6836990.7700000005
16740.0,-6.4297659,-133.66761839999998,6836806.0600000005
16760.0,-5.1510989,-133.69137899999998,6836617.83
16780.0,-3.8723479999999997,-133.71537659999998,6836426.16
16800.0,-2.5935153,-133.73955089999998,6836231.11
16820.0,-1.3146026,-133.7638419,6836032.79
16840.0,-0.035612,-133.7881904,6835831.2700000005
16860.0,1.2434545,-133.8125373,6835626.66
16880.0,2.5225948,-133.8368234,6835419.05
16900.0,3.8018069,-133.8609894,6835208.58
16920.0,5.0810886,-133.8849755,6834995.34
16940.0,6.3604376,-133.90872109999998,6834779.47
16960.0,7.6398519,-133.9321646,6834561.11
16980.0,8.9193289,-133.95524319999998,6834340.390000001
17000.0,10.1988665,-133.97789269999998,6834117.45
17020.0,11.4784622,-134.000047,6833892.44
17040.0,12.7581134,-134.0216379,6833665.5200000005
17060.0,14.037817599999999,-134.04259489999998,6833436.850000001
17080.0,15.3175721,-134.0628447,6833206.59
17100.0,16.5973741,-134.082311,6832974.91
17120.0,17.8772208,-134.1009139,6832741.99
17140.0,19.1571093,-134.1185696,6832508.01
17160.0,20.4370363,-134.1351899,6832273.140000001
17180.0,21.716998699999998,-134.150682,6832037.59
17200.0,22.9969932,-134.1649471,6831801.53
17220.0,24.277016,-134.1778808,6831565.17
17240.0,25.5570637,-134.1893718,6831328.69
17260.0,26.8371322,-134.1993012,6831092.3100000005
17280.0,28.117217399999998,-134.2075417,6830856.22
17300.0,29.397315,-134.2139568,6830620.640000001
17320.0,30.6774204,-134.2183995,6830385.7700000005
17340.0,31.9575288,-134.2207111,6830151.83
17360.0,33.237634899999996,-134.2207199,6829919.03
17380.0,34.517733199999995,-134.2182398,6829687.59
17400.0,35.7978178,-134.213068,6829457.73
17420.0,37.0778825,-134.2049836,6829229.68
17440.0,38.357920299999996,-134.193745,6829003.640000001
17460.0,39.637924,-134.1790869,6828779.83
17480.0,40.9178856,-134.16071789999998,6828558.48
17500.0,42.197796499999995,-134.1383162,6828339.79
17520.0,43.477647,-134.111526,6828123.98
17540.0,44.7574269,-134.079952,6827911.2700000005
17560.0,46.0371247,-134.04315459999998,6827701.86
17580.0,47.3167277,-134.000642,6827495.96
17600.0,48.596221899999996,-133.9518632,6827293.79
17620.0,49.8755917,-133.896198,6827095.54
17640.0,51.154819599999996,-133.83294569999998,6826901.41
17660.0,52.4338859,-133.7613113,6826711.61
17680.0,53.7127683,-133.6803894,6826526.33
17700.0,54.9914414,-133.58914339999998,6826345.75
17720.0,56.2698762,-133.48638119999998,6826170.07
17740.0,57.548039599999996,-133.37072469999998,6825999.46
17760.0,58.8258928,-133.2405715,6825834.100000001
17780.0,60.103391099999996,-133.0940479,6825674.18
17800.0,61.3804817,-132.928948,6825519.850000001
17820.0,62.657102599999995,-132.7426573,6825371.29
17840.0,63.933179499999994,-132.5320533,6825228.67
17860.0,65.2086234,-132.2933758,6825092.140000001
17880.0,66.4833265,-132.0220561,6824961.87
17900.0,67.75715629999999,-131.712488,6824838.01
17920.0,69.0299488,-131.3577168,6824720.7
17940.0,70.3014981,-130.9490106,6824610.09
17960.0,71.5715419,-130.4752571,6824506.3
17980.0,72.8397413,-129.9221006,6824409.46
18000.0,74.1056498,-129.27067739999998,6824319.69
18020.0,75.3686681,-128.4957171,6824237.08
18040.0,76.6279723,-127.56261239999999,6824161.73
18060.0,77.8823997,-126.42275049999999,6824093.73
18080.0,79.13025689999999,-125.00580509999999,6824033.16
18100.0,80.3689851,-123.20648489999999,6823980.07
18120.0,81.5945423,-120.8606971,6823934.54
18140.0,82.80019469999999,-117.700526,6823896.61
18160.0,83.97397869999999,-113.2651051,6823866.3100000005
18180.0,85.0929668,-106.7195991,6823843.69
18200.0,86.109582,-96.513768,6823828.76
18220.0,86.9207007,-80.07248899999999,6823821.55
18240.0,87.3318216,-55.66475639999999,6823822.0600000005
18260.0,87.16334309999999,-29.00579110000001,6823830.3
18280.0,86.49794299999999,-9.034190899999999,6823846.26
18300.0,85.55337329999999,3.526242300000007,6823869.92
18320.0,84.4709101,11.419453900000008,6823901.25
18340.0,83.31723219999999,16.6406159,6823940.23
18360.0,82.123575,20.284074099999998,6823986.82
18380.0,80.9056715,22.943603499999995,6824040.96
18400.0,79.6721003,24.95640320000001,6824102.59
18420.0,78.4278755,26.5244591,6824171.66
18440.0,77.1761022,27.77487389999999,6824248.100000001
18460.0,75.9187981,28.791132800000014,6824331.82
18480.0,74.6573276,29.630124499999994,6824422.74
18500.0,73.39264469999999,30.331852800000007,6824520.78
18520.0,72.125436,30.925219800000008,6824625.82
18540.0,70.85620779999999,31.431601699999987,6824737.75
18560.0,69.5853415,31.86713499999999,6824856.47
18580.0,68.31312989999999,32.244221100000004,6824981.83
18600.0,67.0398013,32.57254359999999,6825113.7
18620.0,65.76553659999999,32.85977109999999,6825251.95
18640.0,64.4904809,33.112054,6825396.43
18660.0,63.214751899999996,33.334381399999984,6825546.98
18680.0,61.938446299999995,33.53084229999999,6825703.45
18700.0,60.6616441,33.7048192,6825865.66
18720.0,59.384412399999995,33.8591347,6826033.45
18740.0,58.106807399999994,33.996162200000015,6826206.640000001
18760.0,56.828877299999995,34.1179123,6826385.05
18780.0,55.550663099999994,34.2260991,6826568.49
18800.0,54.2722,34.32219329999998,6826756.76
18820.0,52.9935189,34.4074641,6826949.67
18840.0,51.7146464,34.4830125,6827147.01
18860.0,50.435606,34.549798399999986,6827348.59
18880.0,49.1564184,34.60866279999999,6827554.19
18900.0,47.877102,34.660345500000005,6827763.600000001
18920.0,46.597673099999994,34.705500400000005,6827976.61
18940.0,45.3181462,34.744707500000004,6828192.99
18960.0,44.0385347,34.778483300000005,6828412.53
18980.0,42.7588502,34.8072894,6828635.01
19000.0,41.479103599999995,34.831539599999985,6828860.21
19020.0,40.1993047,34.851606300000014,6829087.87
19040.0,38.9194624,34.8678256,6829317.78
19060.0,37.6395852,34.880501699999996,6829549.71
19080.0,36.3596806,34.889910999999984,6829783.45
19100.0,35.0797557,34.896304999999984,6830018.7700000005
19120.0,33.799817,34.89991330000001,6830255.46
19140.0,32.5198704,34.90094640000001,6830493.32
19160.0,31.239921499999998,34.89959729999998,6830732.12
19180.0,29.9599755,34.896043899999995,6830971.66
19200.0,28.6800373,34.89045010000001,6831211.71
19220.0,27.4001114,34.88296789999998,6831452.07
19240.0,26.1202024,34.87373819999999,6831692.5200000005
19260.0,24.8403141,34.862892200000005,6831932.87
19280.0,23.5604507,34.850552300000004,6832172.890000001
19300.0,22.280615599999997,34.83683289999999,6832412.41
19320.0,21.0008126,34.82184129999999,6832651.21
19340.0,19.721044799999998,34.80567880000001,6832889.100000001
19360.0,18.4413156,34.78844050000001,6833125.91
19380.0,17.161628099999998,34.77021669999999,6833361.43
19400.0,15.881984999999998,34.7510929,6833595.5
19420.0,14.6023894,34.7311507,6833827.93
19440.0,13.322843899999999,34.7104679,6834058.57
19460.0,12.043351099999999,34.689119000000005,6834287.24
19480.0,10.7639135,34.667175799999995,6834513.78
19500.0,9.484533599999999,34.64470729999999,6834738.05
19520.0,8.2052138,34.6217805,6834959.9
19540.0,6.9259564,34.59846039999999,6835179.18
19560.0,5.6467635,34.574810299999996,6835395.76
19580.0,4.3676372,34.55089240000001,6835609.51
19600.0,3.0885797999999998,34.52676739999998,6835820.3100000005
19620.0,1.8095930999999998,34.50249550000001,6836028.05
19640.0,0.5306792,34.478136199999994,6836232.59
19660.0,-0.7481601,34.453748700000006,6836433.86
19680.0,-2.0269227,34.42939200000001,6836631.73
19700.0,-3.3056069,34.405125199999986,6836826.13
19720.0,-4.5842108,34.381007899999986,6837016.97
19740.0,-5.8627327,34.35710019999999,6837204.17
19760.0,-7.1411707,34.3334629,6837387.66
19780.0,-8.4195231,34.31015819999999,6837567.37
19800.0,-9.6977882,34.287249299999985,6837743.25
19820.0,-10.9759642,34.26480140000001,6837915.24
19840.0,-12.2540494,34.2428812,6838083.3
19860.0,-13.5320421,34.221558000000016,6838247.390000001
19880.0,-14.8099405,34.200903400000016,6838407.47
19900.0,-16.0877429,34.18099189999998,6838563.5200000005
19920.0,-17.3654475,34.161901400000005,6838715.51
19940.0,-18.6430524,34.1437133,6838863.42
19960.0,-19.9205558,34.1265133,6839007.24
19980.0,-21.197955699999998,34.1103914,6839146.96
20000.0,-22.475250199999998,34.09544299999999,6839282.58
20020.0,-23.752437,34.0817691,6839414.11
20040.0,-25.029514199999998,34.0694771,6839541.54
20060.0,-26.3064792,34.05868129999999,6839664.9
20080.0,-27.5833297,34.0495042,6839784.2
20100.0,-28.860063099999998,34.042076699999996,6839899.47
20120.0,-30.136676599999998,34.036539800000014,6840010.73
20140.0,-31.4131672,34.033045200000004,6840118.03
20160.0,-32.689531699999996,34.031757,6840221.41
20180.0,-33.9657668,34.032852899999995,6840320.9
20200.0,-35.2418686,34.0365257,6840416.57
20220.0,-36.5178331,34.04298560000001,6840508.45
20240.0,-37.793655699999995,34.0524619,6840596.61
20260.0,-39.0693317,34.0652058,6840681.100000001
20280.0,-40.3448555,34.08149309999999,6840761.99
20300.0,-41.620221099999995,34.1016276,6840839.33
20320.0,-42.8954218,34.1259445,6840913.19
20340.0,-44.1704501,34.15481539999999,6840983.640000001
20360.0,-45.445297499999995,34.1886533,6841050.75
20380.0,-46.7199546,34.22791839999999,6841114.58
20400.0,-47.994410599999995,34.27312570000001,6841175.21
20420.0,-49.2686534,34.32485349999999,6841232.71
20440.0,-50.5426693,34.38375339999999,6841287.17
20460.0,-51.8164425,34.45056260000001,6841338.66
20480.0,-53.089954999999996,34.526118999999994,6841387.2700000005
20500.0,-54.3631861,34.6113785,6841433.0600000005
20520.0,-55.636111799999995,34.70743729999998,6841476.13
20540.0,-56.9087044,34.81555829999999,6841516.55
20560.0,-58.1809315,34.937204699999995,6841554.4
20580.0,-59.452754999999996,35.074081199999995,6841589.76
20600.0,-60.7241302,35.228185999999994,6841622.72
20620.0,-61.995003999999994,35.401877299999995,6841653.350000001
20640.0,-63.2653128,35.5979576,6841681.72
20660.0,-64.5349801,35.819784200000015,6841707.91
20680.0,-65.80391329999999,36.07141229999999,6841732.0
20700.0,-67.0719986,36.35778669999999,6841754.04
20720.0,-68.3390955,36.684998699999994,6841774.100000001
20740.0,-69.6050283,37.06063649999999,6841792.25
20760.0,-70.8695743,37.4942733,6841808.54
20780.0,-72.13244759999999,37.998156300000005,6841823.0200000005
20800.0,-73.3932754,38.588201999999995,6841835.75
20820.0,-74.6515622,39.285466299999996,6841846.78
20840.0,-75.9066362,40.118373899999995,6841856.16
20860.0,-77.1575642,41.126195300000006,6841863.94
20880.0,-78.4030138,42.3646574,6841870.16
20900.0,-79.64101749999999,43.91533319999999,6841874.87
20920.0,-80.8685558,45.90203940000001,6841878.100000001
20940.0,-82.08076969999999,48.52082919999998,6841879.890000001
20960.0,-83.2693834,52.0975943,6841880.2700000005
20980.0,-84.41930599999999,57.203421899999995,6841879.28
21000.0,-85.500782,64.8862292,6841876.93
21020.0,-86.4506914,77.0584121,6841873.25
21040.0,-87.1350403,96.43557190000001,6841868.2700000005
21060.0,-87.3402718,122.7412031,6841862.0
21080.0,-86.9674963,147.48790099999997,6841854.45
21100.0,-86.1824358,164.4229135,6841845.62
21120.0,-85.1825983,174.96385279999998,6841835.5200000005
21140.0,-84.07574149999999,-178.28921119999998,6841824.140000001
21160.0,-82.91181739999999,-173.7300316,6841811.48
21180.0,-81.714835,-170.4899249,6841797.5200000005
21200.0,-80.4972712,-168.0898785,6841782.26
21220.0,-79.2661198,-166.2521022,6841765.68
21240.0,-78.02556349999999,-164.806892,6841747.74
21260.0,-76.7782416,-163.64561419999998,6841728.43
21280.0,-75.5258953,-162.6958631,6841707.72
21300.0,-74.2697168,-161.9076809,6841685.57
21320.0,-73.0105482,-161.2455603,6841661.94
21340.0,-71.7490006,-160.68361059999998,6841636.79
21360.0,-70.4855273,-160.202529,6841610.07
21380.0,-69.22047189999999,-159.7876418,6841581.74
21400.0,-67.9540987,-159.4276022,6841551.72
21420.0,-66.6866148,-159.1135012,6841519.95
21440.0,-65.4181842,-158.83824909999998,6841486.38
21460.0,-64.1489386,-158.5961348,6841450.93
21480.0,-62.8789847,-158.3825071,6841413.54
21500.0,-61.6084101,-158.1935402,6841374.12
21520.0,-60.337286999999996,-158.02605889999998,6841332.62
21540.0,-59.0656756,-157.8774057,6841288.95
21560.0,-57.793626499999995,-157.7453396,6841243.04
21580.0,-56.5211822,-157.6279578,6841194.83
21600.0,-55.248379,-157.5236338,6841144.22
21620.0,-53.9752479,-157.4309693,6841091.16
21640.0,-52.701815499999995,-157.34875499999998,6841035.55
21660.0,-51.4281046,-157.27594,6840977.33
21680.0,-50.1541353,-157.2116063,6840916.43
21700.0,-48.8799248,-157.1549485,6840852.75
21720.0,-47.605488199999996,-157.1052566,6840786.24
21740.0,-46.330839,-157.0619025,6840716.8100000005
21760.0,-45.0559887,-157.0243281,6840644.4
21780.0,-43.7809478,-156.99203599999998,6840568.91
21800.0,-42.5057255,-156.96458099999998,6840490.3
21820.0,-41.230329999999995,-156.94156329999998,6840408.47
21840.0,-39.954768699999995,-156.9226229,6840323.38
21860.0,-38.679048099999996,-156.9074345,6840234.95
21880.0,-37.403174199999995,-156.8957034,6840143.12
21900.0,-36.1271524,-156.8871615,6840047.84
21920.0,-34.850987599999996,-156.8815646,6839949.04
21940.0,-33.5746842,-156.87868939999998,6839846.69
21960.0,-32.298246299999995,-156.87833129999999,6839740.73
21980.0,-31.0216776,-156.88030229999998,6839631.11
22000.0,-29.744981499999998,-156.8844289,6839517.8
22020.0,-28.4681614,-156.890551,6839400.76
22040.0,-27.191219999999998,-156.8985203,6839279.96
22060.0,-25.9141603,-156.9081991,6839155.37
22080.0,-24.6369848,-156.9194589,6839026.97
22100.0,-23.359696099999997,-156.9321798,6838894.73
22120.0,-22.0822964,-156.9462498,6838758.63
22140.0,-20.804788,-156.9615634,6838618.68
22160.0,-19.5271731,-156.9780213,6838474.86
22180.0,-18.249453799999998,-156.99552989999998,6838327.18
22200.0,-16.9716322,-157.01400049999998,6838175.640000001
22220.0,-15.693710099999999,-157.03334859999998,6838020.25
22240.0,-14.415689599999999,-157.053494,6837861.03
22260.0,-13.1375725,-157.0743599,6837698.01
22280.0,-11.8593607,-157.09587249999998,6837531.23
22300.0,-10.5810561,-157.1179611,6837360.7
22320.0,-9.3026605,-157.1405572,6837186.48
22340.0,-8.024175699999999,-157.1635944,6837008.61
22360.0,-6.745603699999999,-157.1870083,6836827.16
22380.0,-5.4669462,-157.21073579999998,6836642.16
22400.0,-4.1882052,-157.2347153,6836453.7
22420.0,-2.9093826,-157.25888609999998,6836261.84
22440.0,-1.6304802999999999,-157.2831883,6836066.66
22460.0,-0.3515003,-157.3075624,6835868.25
22480.0,0.9275555,-157.33194939999998,6835666.7
22500.0,2.2066849,-157.3562901,6835462.100000001
22520.0,3.4858859,-157.38052539999998,6835254.57
22540.0,4.7651563999999995,-157.4045955,6835044.22
22560.0,6.0444941,-157.42844019999998,6834831.17
22580.0,7.3238968,-157.4519981,6834615.55
22600.0,8.603362299999999,-157.4752069,6834397.49
22620.0,9.882888099999999,-157.4980027,6834177.13
22640.0,11.162472,-157.5203199,6833954.63
22660.0,12.442111299999999,-157.5420909,6833730.140000001
22680.0,13.7218036,-157.563246,6833503.8100000005
22700.0,15.0015463,-157.5837125,6833275.8100000005
22720.0,16.2813367,-157.6034149,6833046.3
22740.0,17.561171899999998,-157.6222743,6832815.45
22760.0,18.841048999999998,-157.6402081,6832583.42
22780.0,20.120964999999998,-157.65712919999999,6832350.41
22800.0,21.400916499999997,-157.67294579999998,6832116.58
22820.0,22.680900299999998,-157.68756109999998,6831882.12
22840.0,23.9609128,-157.700872,6831647.23
22860.0,25.240950299999998,-157.7127691,6831412.12
22880.0,26.521009,-157.7231354,6831176.98
22900.0,27.801084699999997,-157.731846,6830942.0200000005
22920.0,29.0811733,-157.73876679999998,6830707.46
22940.0,30.361270299999997,-157.7437535,6830473.51
22960.0,31.641370799999997,-157.7466505,6830240.390000001
22980.0,32.9214698,-157.74728969999998,6830008.3100000005
23000.0,34.201561999999996,-157.7454886,6829777.49
23020.0,35.481641599999996,-157.7410491,6829548.15
23040.0,36.7617024,-157.733755,6829320.51
23060.0,38.0417378,-157.72337009999998,6829094.78
23080.0,39.3217406,-157.7096355,6828871.17
23100.0,40.6017031,-157.6922667,6828649.91
23120.0,41.881616699999995,-157.67095,6828431.21
23140.0,43.1614724,-157.64533849999998,6828215.29
23160.0,44.4412598,-157.6150477,6828002.34
23180.0,45.720968,-157.5796494,6827792.59
23200.0,47.0005847,-157.53866589999998,6827586.24
23220.0,48.280096099999994,-157.4915619,6827383.49
23240.0,49.5594872,-157.4377355,6827184.55
23260.0,50.8387409,-157.37650739999998,6826989.62
23280.0,52.1178381,-157.30710779999998,6826798.890000001
23300.0,53.396757199999996,-157.2286607,6826612.57
23320.0,54.6754737,-157.1401645,6826430.84
23340.0,55.9539596,-157.0404686,6826253.91
23360.0,57.2321829,-156.92824489999998,6826081.95
23380.0,58.5101064,-156.8019512,6825915.16
23400.0,59.7876869,-156.65978669999998,6825753.7
23420.0,61.064873999999996,-156.49963499999998,6825597.7700000005
23440.0,62.341608099999995,-156.3189922,6825447.54
23460.0,63.6178185,-156.1148733,6825303.16
23480.0,64.8934202,-155.8836916,6825164.82
23500.0,66.1683105,-155.6210993,6825032.65
23520.0,67.4423639,-155.3217746,6824906.82
23540.0,68.715425,-154.9791342,6824787.46
23560.0,69.9872997,-154.5849378,6824674.73
23580.0,71.2577416,-154.12873539999998,6824568.76
23600.0,72.5264332,-153.5970793,6824469.67
23620.0,73.7929588,-152.9723761,6824377.57
23640.0,75.0567627,-152.2311748,6824292.59
23660.0,76.3170861,-151.3415432,6824214.8100000005
23680.0,77.572865,-150.2589218,6824144.32
23700.0,78.8225628,-148.9193412,6824081.21
23720.0,80.06388009999999,-147.2278826,6824025.54
23740.0,81.2932269,-145.0381593,6823977.390000001
23760.0,82.504706,-142.1140274,6823936.79
23780.0,83.6880161,-138.05459109999998,6823903.8
23800.0,84.82379759999999,-132.1421489,6823878.45
23820.0,85.87262079999999,-123.04406569999999,6823860.7700000005
23840.0,86.7491957,-108.42131839999999,6823850.78
23860.0,87.2814542,-85.8464359,6823848.49
23880.0,87.26073989999999,-58.7294244,6823853.890000001
23900.0,86.69744329999999,-36.705819899999995,6823867.0
23920.0,85.8047084,-22.557240500000006,6823887.79
23940.0,84.7479261,-13.740036400000008,6823916.24
23960.0,83.60795329999999,-7.988321600000006,6823952.32
23980.0,82.42224639999999,-4.025050399999998,6823995.98
24000.0,81.2092961,-1.161750699999999,6824047.19
24020.0,79.97899439999999,0.9874872000000039,6824105.87
24040.0,78.7370303,2.6508136999999863,6824171.98
24060.0,77.48688039999999,3.970127600000012,6824245.43
24080.0,76.23077839999999,5.037700300000012,6824326.140000001
24100.0,74.9702211,5.915868700000004,6824414.0200000005
24120.0,73.7062471,6.648146300000008,6824508.97
24140.0,72.4395986,7.265771900000004,6824610.9
24160.0,71.17081999999999,7.791722800000002,6824719.69
24180.0,69.90031929999999,8.243260800000002,6824835.23
24200.0,68.6284082,8.633596000000011,6824957.390000001
24220.0,67.35532909999999,8.973004800000012,6825086.05
24240.0,66.0812732,9.269598000000002,6825221.08
24260.0,64.8063932,9.529861000000011,6825362.33
24280.0,63.530812999999995,9.759040499999998,6825509.66
24300.0,62.2546338,9.961425999999989,6825662.91
24320.0,60.9779394,10.140558199999987,6825821.91
24340.0,59.700799599999996,10.299385400000006,6825986.49
24360.0,58.4232732,10.44038230000001,6826156.5
24380.0,57.1454101,10.56564130000001,6826331.74
24400.0,55.867252799999996,10.676943899999998,6826512.04
24420.0,54.588837999999996,10.775816300000002,6826697.2
24440.0,53.3101973,10.863573400000007,6826887.03
24460.0,52.031358399999995,10.9413548,6827081.33
24480.0,50.752345399999996,11.010152599999998,6827279.890000001
24500.0,49.473179699999996,11.07083510000001,6827482.51
24520.0,48.193880199999995,11.124165299999987,6827688.96
24540.0,46.9144638,11.170816800000011,6827899.03
24560.0,45.6349454,11.211386599999997,6828112.5200000005
24580.0,44.355338599999996,11.246405699999997,6828329.2
24600.0,43.0756556,11.276348299999995,6828548.86
24620.0,41.7959074,11.301639099999989,6828771.29
24640.0,40.5161041,11.322660200000001,6828996.26
24660.0,39.2362548,11.339755800000006,6829223.55
24680.0,37.956368,11.3532376,6829452.95
24700.0,36.6764514,11.363388200000003,6829684.24
24720.0,35.396512099999995,11.370464800000008,6829917.19
24740.0,34.1165567,11.374702200000002,6830151.61
24760.0,32.8365913,11.3763151,6830387.2700000005
24780.0,31.5566216,11.375500799999998,6830623.96
24800.0,30.276652799999997,11.372440399999988,6830861.47
24820.0,28.996689999999997,11.367301400000002,6831099.58
24840.0,27.7167377,11.360238500000008,6831338.07
24860.0,26.4368004,11.351394999999997,6831576.75
24880.0,25.1568823,11.340904499999994,6831815.390000001
24900.0,23.8769873,11.328891199999987,6832053.79
24920.0,22.597119199999998,11.315471599999995,6832291.75
24940.0,21.3172815,11.30075450000001,6832529.08
24960.0,20.037477799999998,11.28484259999999,6832765.57
24980.0,18.7577112,11.267832400000003,6833001.04
25000.0,17.477984799999998,11.249815299999995,6833235.3100000005
25020.0,16.1983017,11.23087799999999,6833468.2
25040.0,14.9186646,11.211102799999992,6833699.53
25060.0,13.6390763,11.190568500000012,6833929.140000001
25080.0,12.359539499999999,11.169350199999997,6834156.850000001
25100.0,11.0800565,11.147520299999996,6834382.5
25120.0,9.80063,11.125148499999995,6834605.93
25140.0,8.5212624,11.102302199999997,6834826.99
25160.0,7.2419557999999995,11.079046799999986,6835045.54
25180.0,5.9627126,11.05544599999999,6835261.43
25200.0,4.683535099999999,11.031562100000002,6835474.53
25220.0,3.4044252999999998,11.007456399999995,6835684.72
25240.0,2.1253853,10.98318900000001,6835891.890000001
25260.0,0.8464172,10.958819500000004,6836095.92
25280.0,-0.4324771,10.934407300000004,6836296.71
25300.0,-1.7112957999999998,10.910011300000008,6836494.17
25320.0,-2.9900368999999998,10.885690600000004,6836688.2
25340.0,-4.2686986,10.86150459999999,6836878.72
25360.0,-5.5472792,10.837513400000006,6837065.65
25380.0,-6.8257768,10.813777600000009,6837248.91
25400.0,-8.1041897,10.790358900000001,6837428.44
25420.0,-9.382516299999999,10.767320500000011,6837604.16
25440.0,-10.660754599999999,10.744727000000012,6837776.0200000005
25460.0,-11.938903,10.722644599999995,6837943.96
25480.0,-13.2169596,10.701142099999998,6838107.94
25500.0,-14.4949227,10.68029039999999,6838267.93
25520.0,-15.7727905,10.660163399999988,6838423.890000001
25540.0,-17.0505611,10.640837900000008,6838575.8
25560.0,-18.3282328,10.622394600000007,6838723.65
25580.0,-19.6058035,10.60491780000001,6838867.42
25600.0,-20.883271399999998,10.588496599999985,6839007.100000001
25620.0,-22.1606344,10.573225000000008,6839142.7
25640.0,-23.4378904,10.559202400000004,6839274.22
25660.0,-24.7150373,10.546534699999995,6839401.67
25680.0,-25.992072699999998,10.535334299999988,6839525.07
25700.0,-27.268994199999998,10.525721500000003,6839644.45
25720.0,-28.5457993,10.517825299999998,6839759.83
25740.0,-29.8224852,10.51178379999999,6839871.24
25760.0,-31.099048999999997,10.507746099999991,6839978.73
25780.0,-32.3754875,10.505873000000008,6840082.33
25800.0,-33.6517973,10.506338499999998,6840182.100000001
25820.0,-34.927974899999995,10.509331500000002,6840278.08
25840.0,-36.2040161,10.5150577,6840370.33
25860.0,-37.4799167,10.5237415,6840458.9
25880.0,-38.7556718,10.53562819999999,6840543.86
25900.0,-40.0312761,10.550987300000003,6840625.2700000005
25920.0,-41.3067238,10.57011510000001,6840703.19
25940.0,-42.5820082,10.593338700000004,6840777.68
25960.0,-43.8571221,10.621020299999998,6840848.82
25980.0,-45.1320573,10.6535619,6840916.68
26000.0,-46.4068045,10.691411399999993,6840981.32
26020.0,-47.6813535,10.735069500000009,6841042.84
26040.0,-48.9556924,10.785098000000005,6841101.29
26060.0,-50.229808,10.842129099999994,6841156.75
26080.0,-51.503684899999996,10.906877699999995,6841209.3100000005
26100.0,-52.777305899999995,10.980155300000007,6841259.04
26120.0,-54.0506508,11.062886600000013,6841306.01
26140.0,-55.3236965,11.1561308,6841350.3
26160.0,-56.596416299999994,11.261106899999987,6841392.01
26180.0,-57.868778899999995,11.379224999999991,6841431.2
26200.0,-59.140747999999995,11.512125999999995,6841467.95
26220.0,-60.412280499999994,11.661729900000012,6841502.350000001
26240.0,-61.683325399999994,11.830299200000013,6841534.47
26260.0,-62.9538221,12.020517600000005,6841564.37
26280.0,-64.2236975,12.23559370000001,6841592.13
26300.0,-65.4928632,12.479395000000011,6841617.82
26320.0,-66.7612113,12.7566262,6841641.51
26340.0,-68.02860849999999,13.073067699999996,6841663.2700000005
26360.0,-69.2948887,13.435900199999992,6841683.15
26380.0,-70.55984219999999,13.854153700000012,6841701.21
26400.0,-71.8232007,14.33933909999999,6841717.5200000005
26420.0,-73.08461539999999,14.906356399999993,6841732.11
26440.0,-74.3436253,15.57482730000001,6841745.04
26460.0,-75.5996085,16.37110279999999,6841756.350000001
26480.0,-76.8517066,17.331372399999992,6841766.11
26500.0,-78.0987025,18.506637299999994,6841774.34
26520.0,-79.3388147,19.9709565,6841781.11
26540.0,-80.5693369,21.8356919,6841786.44
26560.0,-81.7859672,24.275263499999994,6841790.37
26580.0,-82.9814873,27.57603549999999,6841792.94
26600.0,-84.1429656,32.233395599999994,6841794.16
26620.0,-85.24539829999999,39.148097699999994,6841794.07
26640.0,-86.23654309999999,49.98367830000001,6841792.68
26660.0,-87.0038501,67.38108499999998,6841790.01
26680.0,-87.3455449,92.4946885,6841786.07
26700.0,-87.1066877,118.56946629999999,6841780.88
26720.0,-86.4010691,137.46705580000003,6841774.44
26740.0,-85.4404699,149.3023885,6841766.76
26760.0,-84.3535541,156.7903043,6841757.82
26780.0,-83.2006253,161.78246109999998,6841747.62
26800.0,-82.0102031,165.28943679999998,6841736.16
26820.0,-80.79681819999999,167.86300269999998,6841723.41
26840.0,-79.5684734,169.8189767,6841709.37
26860.0,-78.3298842,171.34791359999997,6841694.0
26880.0,-77.0839901,172.5704733,6841677.28
26900.0,-75.83271049999999,173.5663293,6841659.18
26920.0,-74.5773487,174.39001589999998,6841639.66
26940.0,-73.3188186,175.0800281,6841618.68
26960.0,-72.05777909999999,175.66426869999998,6841596.2
26980.0,-70.79471699999999,176.16343359999996,6841572.17
27000.0,-69.5299989,176.59318410000003,6841546.54
27020.0,-68.2639062,176.9655826,6841519.25
27040.0,-66.99665829999999,177.29006619999996,6841490.25
27060.0,-65.72842849999999,177.574121,6841459.48
27080.0,-64.45935539999999,177.82376039999997,6841426.86
27100.0,-63.1895514,178.04386879999998,6841392.33
27120.0,-61.9191082,178.23845470000003,6841355.83
27140.0,-60.648101399999994,178.4108379,6841317.28
27160.0,-59.376593799999995,178.56379119999997,6841276.61
27180.0,-58.104637999999994,178.6996487,6841233.76
27200.0,-56.832278499999994,178.82038899999998,6841188.640000001
27220.0,-55.5595528,178.92770080000003,6841141.19
27240.0,-54.2864929,179.0230338,6841091.32
27260.0,-53.0131266,179.10764010000003,6841038.95
27280.0,-51.7394774,179.1826064,6840984.0
27300.0,-50.465565899999994,179.24888090000002,6840926.4
27320.0,-49.19141,179.30729459999998,6840866.05
27340.0,-47.9170254,179.3585791,6840802.87
27360.0,-46.6424258,179.4033814,6840736.78
27380.0,-45.367623099999996,179.4422753,6840667.71
27400.0,-44.0926282,179.47577239999998,6840595.57
27420.0,-42.8174504,179.5043298,6840520.28
27440.0,-41.5420982,179.5283576,6840441.7700000005
27460.0,-40.2665791,179.54822509999997,6840359.97
27480.0,-38.990899899999995,179.5642653,6840274.8100000005
27500.0,-37.7150667,179.57678020000003,6840186.23
27520.0,-36.439085,179.58604379999997,6840094.17
27540.0,-35.1629596,179.59230579999996,6839998.5600000005
27560.0,-33.8866951,179.5957942,6839899.350000001
27580.0,-32.6102957,179.596718,6839796.48
27600.0,-31.333765099999997,179.59526900000003,6839689.890000001
27620.0,-30.0571068,179.59162400000002,6839579.55
27640.0,-28.7803242,179.5859461,6839465.4
27660.0,-27.503420199999997,179.5783864,6839347.41
27680.0,-26.2263976,179.5690851,6839225.55
27700.0,-24.9492591,179.5581729,6839099.79
27720.0,-23.6720073,179.54577139999998,6838970.100000001
27740.0,-22.3946444,179.53199459999996,6838836.48
27760.0,-21.1171729,179.5169495,6838698.9
27780.0,-19.8395948,179.5007367,6838557.37
27800.0,-18.5619124,179.48345110000002,6838411.88
27820.0,-17.284127599999998,179.4651826,6838262.43
27840.0,-16.0062425,179.44601649999998,6838109.05
27860.0,-14.728259099999999,179.42603399999996,6837951.74
27880.0,-13.4501794,179.40531269999997,6837790.53
27900.0,-12.1720052,179.38392699999997,6837625.47
27920.0,-10.8937385,179.3619483,6837456.59
27940.0,-9.615381,179.3394457,6837283.95
27960.0,-8.3369347,179.31648589999998,6837107.600000001
27980.0,-7.058401399999999,179.29313379999996,6836927.61
28000.0,-5.7797827,179.2694527,6836744.04
28020.0,-4.5010807,179.24550469999997,6836556.96
28040.0,-3.2222972,179.22135049999997,6836366.44
28060.0,-1.9434338999999998,179.1970503,6836172.58
28080.0,-0.6644928999999999,179.1726635,6835975.45
28100.0,0.614524,179.14824929999997,6835775.15
28120.0,1.8936145999999998,179.1238667,6835571.7700000005
28140.0,3.1727771,179.0995749,6835365.43
28160.0,4.4520092,179.07543350000003,6835156.24
28180.0,5.7313089,179.05150249999997,6834944.3100000005
28200.0,7.010674,179.0278429,6834729.7700000005
28220.0,8.2901022,179.0045169,6834512.75
28240.0,9.5695912,178.981588,6834293.38
28260.0,10.8491387,178.95912120000003,6834071.8100000005
28280.0,12.1287421,178.9371835,6833848.19
28300.0,13.408399,178.91584419999998,6833622.68
28320.0,14.688106699999999,178.8951753,6833395.42
28340.0,15.967862499999999,178.8752513,6833166.59
28360.0,17.2476636,178.8561504,6832936.36
28380.0,18.5275072,178.8379542,6832704.9
28400.0,19.807389999999998,178.8207486,6832472.4
28420.0,21.0873091,178.80462419999998,6832239.03
28440.0,22.3672611,178.78967649999998,6832004.99
28460.0,23.647242499999997,178.776007,6831770.47
28480.0,24.927249699999997,178.76372349999997,6831535.67
28500.0,26.207279099999997,178.7529409,6831300.79
28520.0,27.487326499999998,178.74378209999998,6831066.03
28540.0,28.7673879,178.7363788,6830831.600000001
28560.0,30.047458799999998,178.73087269999996,6830597.71
28580.0,31.327534399999998,178.7274162,6830364.5600000005
28600.0,32.6076099,178.7261744,6830132.38
28620.0,33.8876799,178.72732589999998,6829901.37
28640.0,35.167738799999995,178.7310647,6829671.76
28660.0,36.4477804,178.7376023,6829443.75
28680.0,37.727798299999996,178.74716969999997,6829217.57
28700.0,39.007785299999995,178.7600198,6828993.43
28720.0,40.2877339,178.7764305,6828771.5600000005
28740.0,41.5676359,178.79670779999998,6828552.17
28760.0,42.8474821,178.82119,6828335.48
28780.0,44.1272628,178.85025180000002,6828121.69
28800.0,45.406967099999996,178.8843099,6827911.03
28820.0,46.686583,178.92382899999996,6827703.69
28840.0,47.9660972,178.9693294,6827499.890000001
28860.0,49.2454949,179.02139539999996,6827299.83
28880.0,50.524759599999996,179.08068579999997,6827103.72
28900.0,51.8038728,179.14794670000003,6826911.7700000005
28920.0,53.082813599999994,179.2240261,6826724.17
28940.0,54.3615582,179.30989219999998,6826541.12
28960.0,55.640079699999994,179.40665609999996,6826362.8100000005
28980.0,56.918347,179.51559899999995,6826189.43
29000.0,58.196324399999995,179.6382061,6826021.18
29020.0,59.4739705,179.7762093,6825858.23
29040.0,60.7512367,179.93164049999996,6825700.76
29060.0,62.028065999999995,-179.8931001,6825548.93
29080.0,63.3043906,-179.695157,6825402.92
29100.0,64.5801295,-179.4711059,6825262.890000001
29120.0,65.8551848,-179.21680469999998,6825128.98
29140.0,67.12943729999999,-178.92719639999999,6825001.34
29160.0,68.4027399,-178.5960417,6824880.13
29180.0,69.674909,-178.2155546,6824765.47
29200.0,70.9457128,-177.7758941,6824657.49
29220.0,72.21485369999999,-177.2644436,6824556.33
29240.0,73.4819435,-176.6647671,6824462.09
29260.0,74.7464662,-175.9550614,6824374.88
29280.0,76.0077207,-175.1058014,6824294.8100000005
29300.0,77.2647314,-174.0760472,6824221.96
29320.0,78.5160997,-172.8074572,6824156.41
29340.0,79.7597519,-171.214204,6824098.25
29360.0,80.99248659999999,-169.16524389999998,6824047.53
29380.0,82.209115,-166.4516289,6824004.33
29400.0,83.4007182,-162.7232046,6823968.68
29420.0,84.5508495,-157.360953,6823940.63
29440.0,85.626661,-149.2211707,6823920.2
29460.0,86.55774699999999,-136.2301846,6823907.43
29480.0,87.19602189999999,-115.6654636,6823902.3100000005
29500.0,87.3231247,-88.79036029999999,6823904.87
29520.0,86.8760278,-64.8606075,6823915.09
29540.0,86.0448897,-48.94959069999999,6823932.97
29560.0,85.018362,-39.07519020000001,6823958.48
29580.0,83.8942143,-32.72021599999999,6823991.600000001
29600.0,82.7175177,-28.398110900000006,6824032.28
29620.0,81.5100978,-25.309133099999997,6824080.49
29640.0,80.2834051,-23.010469400000005,6824136.16
29660.0,79.04391559999999,-21.24377179999999,6824199.24
29680.0,77.79553159999999,-19.85027550000001,6824269.65
29700.0,76.5407321,-18.72780800000001,6824347.33
29720.0,75.281162,-17.80795309999999,6824432.18
29740.0,74.0179536,-17.0433156,6824524.09
29760.0,72.7519105,-16.400092,6824622.97
29780.0,71.48361849999999,-15.853558700000008,6824728.7
29800.0,70.21351469999999,-15.385233699999986,6824841.16
29820.0,68.9419312,-14.98103470000001,6824960.22
29840.0,67.6691254,-14.630048799999997,6825085.76
29860.0,66.3952995,-14.32369220000001,6825217.63
29880.0,65.12061469999999,-14.055122299999994,6825355.69
29900.0,63.8452013,-13.818818899999997,6825499.8
29920.0,62.569165399999996,-13.610279899999995,6825649.8100000005
29940.0,61.292594699999995,-13.425797700000004,6825805.55
29960.0,60.0155622,-13.262291500000003,6825966.86
29980.0,58.738129,-13.117180200000007,6826133.58
30000.0,57.4603471,-12.988285200000007,6826305.53
30020.0,56.1822606,-12.873754999999989,6826482.54
30040.0,54.903907499999995,-12.772005400000012,6826664.4
30060.0,53.6253205,-12.681673700000005,6826850.95
30080.0,52.3465284,-12.601580299999995,6827041.97
30100.0,51.067555999999996,-12.530699700000014,6827237.26
30120.0,49.7884254,-12.468135100000012,6827436.640000001
30140.0,48.509156,-12.41309960000001,6827639.890000001
30160.0,47.229765,-12.364899000000008,6827846.8
30180.0,45.950268,-12.322918799999997,6828057.18
30200.0,44.670678599999995,-12.286612700000006,6828270.8
30220.0,43.391009499999996,-12.2554935,6828487.46
30240.0,42.1112718,-12.229124899999988,6828706.94
30260.0,40.8314758,-12.20711510000001,6828929.0200000005
30280.0,39.5516309,-12.189110900000003,6829153.49
30300.0,38.271745599999996,-12.174793300000005,6829380.12
30320.0,36.991827799999996,-12.163872700000013,6829608.69
30340.0,35.7118847,-12.156086200000004,6829839.0
30360.0,34.4319232,-12.151193699999993,6830070.8100000005
30380.0,33.1519492,-12.148975799999988,6830303.92
30400.0,31.871968799999998,-12.149231299999997,6830538.11
30420.0,30.5919872,-12.151775299999997,6830773.16
30440.0,29.3120095,-12.156437100000005,6831008.850000001
30460.0,28.032040499999997,-12.163059199999992,6831244.98
30480.0,26.752084699999997,-12.171495399999998,6831481.33
30500.0,25.4721463,-12.181610000000006,6831717.7
30520.0,24.192229299999997,-12.19327659999999,6831953.890000001
30540.0,22.9123374,-12.20637690000001,6832189.69
30560.0,21.6324743,-12.220800300000008,6832424.91
30580.0,20.352643399999998,-12.236442799999992,6832659.350000001
30600.0,19.072848,-12.253206299999988,6832892.83
30620.0,17.7930912,-12.270998200000008,6833125.16
30640.0,16.513376,-12.289730899999995,6833356.17
30660.0,15.2337052,-12.309320899999989,6833585.66
30680.0,13.954081599999999,-12.329688699999991,6833813.48
30700.0,12.674508,-12.350758200000001,6834039.45
30720.0,11.3949868,-12.37245630000001,6834263.4
30740.0,10.1155206,-12.394712800000008,6834485.18
30760.0,8.836111899999999,-12.417459699999995,6834704.63
30780.0,7.5567629,-12.44063109999999,6834921.62
30800.0,6.2774760999999994,-12.464162899999991,6835136.0
30820.0,4.9982536,-12.487992399999996,6835347.65
30840.0,3.7190977,-12.512058300000007,6835556.45
30860.0,2.4400101999999997,-12.536300100000005,6835762.28
30880.0,1.1609933,-12.560658100000012,6835965.03
30900.0,-0.117951,-12.585072999999994,6836164.600000001
30920.0,-1.3968208,-12.609485699999993,6836360.88
30940.0,-2.6756143,-12.63383730000001,6836553.7700000005
30960.0,-3.9543294999999996,-12.658068299999996,6836743.19
30980.0,-5.2329645,-12.682119199999988,6836929.05
31000.0,-6.5115175999999995,-12.705929300000008,6837111.28
31020.0,-7.789986799999999,-12.729437200000007,6837289.82
31040.0,-9.0683704,-12.752580300000005,6837464.61
31060.0,-10.3466667,-12.775294500000001,6837635.58
31080.0,-11.6248737,-12.797513699999996,6837802.71
31100.0,-12.9029899,-12.819169999999986,6837965.94
31120.0,-14.1810133,-12.840193099999993,6838125.24
31140.0,-15.4589422,-12.860509799999988,6838280.59
31160.0,-16.7367748,-12.880044099999992,6838431.96
31180.0,-18.0145093,-12.89871629999999,6838579.34
31200.0,-19.2921437,-12.916442899999993,6838722.7
31220.0,-20.5696761,-12.933136100000013,6838862.0600000005
31240.0,-21.8471045,-12.948703200000011,6838997.4
31260.0,-23.1244269,-12.963046099999985,6839128.74
31280.0,-24.401640999999998,-12.976060700000005,6839256.08
31300.0,-25.6787447,-12.987636199999997,6839379.44
31320.0,-26.9557354,-12.9976542,6839498.84
31340.0,-28.2326108,-13.005988099999996,6839614.3100000005
31360.0,-29.509368,-13.012502100000006,6839725.87
31380.0,-30.7860043,-13.017050000000012,6839833.5600000005
31400.0,-32.0625165,-13.019473900000008,6839937.42
31420.0,-33.338901299999996,-13.0196033,6840037.49
31440.0,-34.615155099999996,-13.01725300000001,6840133.82
31460.0,-35.8912739,-13.012221699999998,6840226.47
31480.0,-37.1672535,-13.004289900000003,6840315.47
31500.0,-38.4430891,-12.993217500000014,6840400.890000001
31520.0,-39.7187755,-12.978741299999996,6840482.79
31540.0,-40.994307,-12.960571799999997,6840561.23
31560.0,-42.269677099999996,-12.938389900000004,6840636.2700000005
31580.0,-43.5448786,-12.911842500000006,6840707.99
31600.0,-44.8199037,-12.88053769999999,6840776.44
31620.0,-46.0947433,-12.844039500000008,6840841.71
31640.0,-47.3693874,-12.801860699999992,6840903.87
31660.0,-48.6438244,-12.753455599999995,6840962.99
31680.0,-49.9180415,-12.6982098,6841019.140000001
31700.0,-51.192023899999995,-12.635430100000008,6841072.42
31720.0,-52.4657548,-12.564330000000012,6841122.890000001
31740.0,-53.7392148,-12.48401419999999,6841170.640000001
31760.0,-55.0123815,-12.393458699999996,6841215.74
31780.0,-56.285229199999996,-12.291486099999986,6841258.28
31800.0,-57.557727899999996,-12.176736299999988,6841298.33
31820.0,-58.829842299999996,-12.047629300000011,6841335.98
31840.0,-60.1015312,-11.90231829999999,6841371.3
31860.0,-61.372745699999996,-11.738631300000009,6841404.37
31880.0,-62.643427599999995,-11.553996000000012,6841435.28
31900.0,-63.9135072,-11.345343299999996,6841464.100000001
31920.0,-65.18290019999999,-11.108981,6841490.890000001
31940.0,-66.45150389999999,-10.840428400000008,6841515.74
31960.0,-67.71919179999999,-10.534193899999991,6841538.7
31980.0,-68.9858067,-10.183474700000005,6841559.850000001
32000.0,-70.2511507,-9.779742400000003,6841579.23
32020.0,-71.5149714,-9.312162999999998,6841596.91
32040.0,-72.7769424,-8.766767399999992,6841612.92
32060.0,-74.0366336,-8.125240099999985,6841627.34
32080.0,-75.2934683,-7.3631077999999945,6841640.19
32100.0,-76.5466548,-6.446951799999994,6841651.54
32120.0,-77.7950786,-5.329987499999987,6841661.42
32140.0,-79.03712159999999,-3.944800799999996,6841669.890000001
32160.0,-80.2703495,-2.190930199999997,6841676.99
32180.0,-81.49093839999999,0.08732789999999113,6841682.74
32200.0,-82.6925617,3.1425504999999987,6841687.19
32220.0,-83.864077,7.406045599999999,6841690.350000001
32240.0,-84.9843525,13.65355980000001,6841692.24
32260.0,-86.01000189999999,23.32259669999999,6841692.890000001
32280.0,-86.84728899999999,38.8605244,6841692.3100000005
32300.0,-87.31388899999999,62.343781500000006,6841690.51
32320.0,-87.2166768,89.18560660000003,6841687.49
32340.0,-86.6037253,110.09305849999998,6841683.26
32360.0,-85.6897096,123.39166290000003,6841677.82
32380.0,-84.626109,131.7265354,6841671.16
32400.0,-83.4857804,137.20869949999997,6841663.29
32420.0,-82.3027436,141.0137601,6841654.19
32440.0,-81.0939954,143.77882590000002,6841643.850000001
32460.0,-79.8687277,145.86392519999998,6841632.25
32480.0,-78.6322737,147.48356109999997,6841619.37
32500.0,-77.38791599999999,148.77204410000002,6841605.19
32520.0,-76.1377756,149.81720989999997,6841589.67
32540.0,-74.8832796,150.67868529999998,6841572.78
32560.0,-73.62542169999999,151.39826259999995,6841554.48
32580.0,-72.3649138,152.00605009999998,6841534.72
32600.0,-71.10227859999999,152.52426119999996,6841513.45
32620.0,-69.8379084,152.96962739999998,6841490.61
32640.0,-68.5721026,153.3549827,6841466.16
32660.0,-67.30509409999999,153.69033130000003,6841440.03
32680.0,-66.0370661,153.9835835,6841412.140000001
32700.0,-64.7681648,154.2410749,6841382.45
32720.0,-63.4985085,154.4679382,6841350.87
32740.0,-62.2281931,154.66837529999998,6841317.32
32760.0,-60.957298099999996,154.84585879999997,6841281.74
32780.0,-59.685888899999995,155.0032834,6841244.05
32800.0,-58.414020699999995,155.14308140000003,6841204.18
32820.0,-57.1417395,155.267311,6841162.04
32840.0,-55.869084699999995,155.37772619999998,6841117.5600000005
32860.0,-54.5960895,155.47583069999996,6841070.67
32880.0,-53.3227826,155.5629214,6841021.28
32900.0,-52.0491885,155.64012249999996,6840969.33
32920.0,-50.775328699999996,155.7084137,6840914.73
32940.0,-49.5012216,155.76865279999998,6840857.41
32960.0,-48.2268833,155.82159409999997,6840797.29
32980.0,-46.952328,155.8679039,6840734.3100000005
33000.0,-45.677568099999995,155.9081728,6840668.38
33020.0,-44.4026146,155.94292659999996,6840599.44
33040.0,-43.1274772,155.97263479999998,6840527.41
33060.0,-41.852164599999995,155.99771859999998,6840452.21
33080.0,-40.5766843,156.0185563,6840373.78
33100.0,-39.3010434,156.0354896,6840292.0600000005
33120.0,-38.025248,156.04882750000002,6840206.96
33140.0,-36.7493038,156.0588505,6840118.43
33160.0,-35.4732157,156.06581389999997,6840026.4
33180.0,-34.196988399999995,156.06995080000002,6839930.82
33200.0,-32.9206261,156.07147450000002,6839831.62
33220.0,-31.6441327,156.07058089999998,6839728.76
33240.0,-30.367511699999998,156.0674502,6839622.18
33260.0,-29.0907664,156.06224859999998,6839511.83
33280.0,-27.8138999,156.05512999999996,6839397.69
33300.0,-26.536915099999998,156.04623709999998,6839279.7
33320.0,-25.2598146,156.0357027,6839157.84
33340.0,-23.982601,156.0236506,6839032.07
33360.0,-22.705276599999998,156.0101965,6838902.390000001
33380.0,-21.427843799999998,155.995449,6838768.76
33400.0,-20.1503047,155.97951009999997,6838631.18
33420.0,-18.8726616,155.9624763,6838489.63
33440.0,-17.5949164,155.94443839999997,6838344.13
33460.0,-16.3170711,155.9254828,6838194.66
33480.0,-15.0391277,155.90569170000003,6838041.26
33500.0,-13.761088099999998,155.8851436,6837883.92
33520.0,-12.4829542,155.8639134,6837722.68
33540.0,-11.2047279,155.84207329999998,6837557.5600000005
33560.0,-9.926411,155.81969279999998,6837388.600000001
33580.0,-8.6480053,155.79683920000002,6837215.850000001
33600.0,-7.369512899999999,155.7735778,6837039.350000001
33620.0,-6.0909355,155.7499722,6836859.17
33640.0,-4.812275,155.7260847,6836675.38
33660.0,-3.5335332999999998,155.7019762,6836488.04
33680.0,-2.2547123,155.6777072,6836297.25
33700.0,-0.9758138999999999,155.65333699999996,6836103.08
33720.0,0.3031599,155.62892499999998,6835905.640000001
33740.0,1.5822072,155.60453010000003,6835705.01
33760.0,2.8613258999999998,155.58021159999998,6835501.3100000005
33780.0,4.1405141,155.55602869999996,6835294.65
33800.0,5.4197695,155.53204140000003,6835085.140000001
33820.0,6.699090099999999,155.50831059999996,6834872.91
33840.0,7.9784736,155.484898,6834658.09
33860.0,9.2579177,155.46186669999997,6834440.8100000005
33880.0,10.5374201,155.43928140000003,6834221.23
33900.0,11.8169785,155.41720850000002,6833999.5
33920.0,13.0965902,155.39571690000002,6833775.76
33940.0,14.3762528,155.37487750000003,6833550.18
33960.0,15.6559637,155.3547645,6833322.92
33980.0,16.935720099999998,155.3354549,6833094.15
34000.0,18.215519099999998,155.3170295,6832864.03
34020.0,19.4953578,155.29957309999998,6832632.75
34040.0,20.775233,155.2831749,6832400.49
34060.0,22.0551416,155.2679293,6832167.44
34080.0,23.335079999999998,155.2539362,6831933.79
34100.0,24.6150448,155.24130159999999,6831699.73
34120.0,25.8950323,155.23013879999996,6831465.47
34140.0,27.1750385,155.2205685,6831231.22
34160.0,28.4550593,155.21272020000004,6830997.18
34180.0,29.7350905,155.20673299999999,6830763.5600000005
34200.0,31.0151275,155.2027566,6830530.57
34220.0,32.2951653,155.20095270000002,6830298.43
34240.0,33.5751989,155.20149649999996,6830067.350000001
34260.0,34.855222499999996,155.2045781,6829837.54
34280.0,36.1352304,155.21040449999998,6829609.23
34300.0,37.415216099999995,155.21920169999999,6829382.62
34320.0,38.6951728,155.23121679999997,6829157.94
34340.0,39.975093,155.2467213,6828935.390000001
34360.0,41.2549687,155.2660141,6828715.19
34380.0,42.534791,155.28942489999997,6828497.5600000005
34400.0,43.8145502,155.31731909999996,6828282.7
34420.0,45.0942359,155.3501025,6828070.84
34440.0,46.3738363,155.3882274,6827862.17
34460.0,47.6533386,155.4321996,6827656.91
34480.0,48.9327283,155.48258680000004,6827455.26
34500.0,50.211989599999995,155.5400285,6827257.43
34520.0,51.491104299999996,155.60524780000003,6827063.600000001
34540.0,52.770052199999995,155.67906619999997,6826873.98
34560.0,54.0488104,155.7624207,6826688.7700000005
34580.0,55.3273527,155.8563848,6826508.16
34600.0,56.605649199999995,155.9621949,6826332.34
34620.0,57.8836654,156.0812828,6826161.5
34640.0,59.1613615,156.21531500000003,6825995.84
34660.0,60.438690699999995,156.36624419999998,6825835.5200000005
34680.0,61.715598299999996,156.53637270000002,6825680.73
34700.0,62.9920195,156.728435,6825531.640000001
34720.0,64.2678768,156.94570339999996,6825388.41
34740.0,65.543077,157.1921276,6825251.21
34760.0,66.8175066,157.47251819999997,6825120.18
34780.0,68.0910261,157.7927949,6824995.49
34800.0,69.363462,158.1603232,6824877.2700000005
34820.0,70.6345956,158.58438239999998,6824765.65
34840.0,71.9041475,159.0768256,6824660.76
34860.0,73.1717548,159.65303140000003,6824562.73
34880.0,74.4369371,160.33330469999999,6824471.66
34900.0,75.6990459,161.14499669999998,6824387.65
34920.0,76.9571838,162.12580130000003,6824310.8
34940.0,78.2100743,163.32905519999997,6824241.2
34960.0,79.4558417,164.832578,6824178.92
34980.0,80.6916202,166.7540446,6824124.04
35000.0,81.91282439999999,169.2789917,6824076.61
35020.0,83.111693,172.71441219999997,6824036.7
35040.0,84.27417369999999,177.5959861,6824004.34
35060.0,85.3727548,-175.0947191,6823979.58
35080.0,86.3492812,-163.5470193,6823962.42
35100.0,87.07867159999999,-145.01984489999998,6823952.9
35120.0,87.348463,-119.0468621,6823951.03
35140.0,87.0306201,-93.5259748,6823956.79
35160.0,86.2725537,-75.6995493,6823970.19
35180.0,85.2818918,-64.6158925,6823991.21
35200.0,84.17614809999999,-57.5717035,6824019.82
35220.0,83.0097261,-52.844668,6824055.99
35240.0,81.8085091,-49.5043206,6824099.68
35260.0,80.5858104,-47.04110850000001,6824150.84
35280.0,79.34902919999999,-45.1616564,6824209.41
35300.0,78.1025603,-43.68787739999999,6824275.3100000005
35320.0,76.8491621,-42.50638570000001,6824348.48
35340.0,75.5906467,-41.541950299999996,6824428.82
35360.0,74.3282509,-40.74286280000001,6824516.24
35380.0,73.06284649999999,-40.07249110000001,6824610.65
35400.0,71.795065,-39.504199,6824711.94
35420.0,70.5253748,-39.01817599999998,6824819.99
35440.0,69.25413069999999,-38.599394200000006,6824934.67
35460.0,67.981606,-38.236254299999985,6825055.87
35480.0,66.7080151,-37.91966439999999,6825183.44
35500.0,65.4335282,-37.6423997,6825317.24
35520.0,64.1582822,-37.39864779999999,6825457.13
35540.0,62.8823886,-37.18368090000001,6825602.95
35560.0,61.605939299999996,-36.9936141,6825754.55
35580.0,60.3290103,-36.8252262,6825911.76
35600.0,59.051665699999994,-36.67582390000001,6826074.42
35620.0,57.773959299999994,-36.54313780000001,6826242.34
35640.0,56.4959371,-36.42524230000001,6826415.350000001
35660.0,55.2176385,-36.320492599999994,6826593.25
35680.0,53.939097499999995,-36.22747559999999,6826775.86
35700.0,52.6603437,-36.14497,6826963.0
35720.0,51.3814028,-36.0719148,6827154.45
35740.0,50.1022975,-36.007384,6827350.03
35760.0,48.8230479,-35.950565100000006,6827549.53
35780.0,47.543671599999996,-35.90074279999999,6827752.74
35800.0,46.2641846,-35.857284100000015,6827959.47
35820.0,44.984601,-35.819627,6828169.49
35840.0,43.7049337,-35.787270500000005,6828382.600000001
35860.0,42.4251942,-35.7597667,6828598.58
35880.0,41.145393,-35.73671350000001,6828817.21
35900.0,39.8655396,-35.71774859999999,6829038.28
35920.0,38.585642899999996,-35.7025453,6829261.58
35940.0,37.3057108,-35.69080700000001,6829486.87
35960.0,36.0257508,-35.68226469999999,6829713.95
35980.0,34.7457698,-35.6766729,6829942.600000001
36000.0,33.465773999999996,-35.6738076,6830172.600000001
36020.0,32.1857695,-35.673463200000015,6830403.75
36040.0,30.905761799999997,-35.675451100000004,6830635.83
36060.0,29.6257561,-35.67959719999999,6830868.65
36080.0,28.3457571,-35.68574100000001,6831101.99
36100.0,27.0657695,-35.6937336,6831335.66
36120.0,25.785797499999997,-35.703436899999986,6831569.45
36140.0,24.505845299999997,-35.714721999999995,6831803.18
36160.0,23.2259165,-35.727468999999985,6832036.640000001
36180.0,21.946014899999998,-35.7415652,6832269.65
36200.0,20.666144,-35.75690499999999,6832502.01
36220.0,19.386307,-35.7733891,6832733.53
36240.0,18.1065073,-35.79092349999999,6832964.03
36260.0,16.8267477,-35.8094193,6833193.33
36280.0,15.547031299999999,-35.82879220000001,6833421.26
36300.0,14.2673609,-35.84896169999999,6833647.65
36320.0,12.9877392,-35.86985089999999,6833872.33
36340.0,11.7081687,-35.8913862,6834095.15
36360.0,10.428652,-35.91349650000001,6834315.95
36380.0,9.149191499999999,-35.936113500000005,6834534.5600000005
36400.0,7.8697896,-35.959170700000016,6834750.86
36420.0,6.590448599999999,-35.982603600000004,6834964.69
36440.0,5.3111708,-36.00634919999999,6835175.91
36460.0,4.031958299999999,-36.030345899999986,6835384.4
36480.0,2.7528132,-36.0545329,6835590.03
36500.0,1.4737379,-36.07885039999999,6835792.7
36520.0,0.1947341,-36.103239,6835992.29
36540.0,-1.084196,-36.1276397,6836188.7
36560.0,-2.3630505,-36.15199339999998,6836381.850000001
36580.0,-3.6418274999999998,-36.17624089999998,6836571.63
36600.0,-4.9205251,-36.200322700000015,6836757.97
36620.0,-6.1991415,-36.224178499999994,6836940.79
36640.0,-7.4776747,-36.247747000000004,6837120.01
36660.0,-8.7561229,-36.27096610000001,6837295.58
36680.0,-10.0344844,-36.2937718,6837467.43
36700.0,-11.3127572,-36.3160987,6837635.53
36720.0,-12.590939599999999,-36.337879499999985,6837799.84
36740.0,-13.869029699999999,-36.3590442,6837960.3100000005
36760.0,-15.1470258,-36.379520600000006,6838116.91
36780.0,-16.424926,-36.3992332,6838269.63
36800.0,-17.702728399999998,-36.418103299999984,6838418.44
36820.0,-18.9804311,-36.436048400000004,6838563.33
36840.0,-20.258032,-36.4529818,6838704.29
36860.0,-21.5355293,-36.46881189999999,6838841.3100000005
36880.0,-22.812920599999998,-36.483442,6838974.42
36900.0,-24.090204,-36.49676959999999,6839103.61
36920.0,-25.367376999999998,-36.5086852,6839228.9
36940.0,-26.644437399999997,-36.51907269999998,6839350.3100000005
36960.0,-27.9213825,-36.527807199999984,6839467.88
36980.0,-29.1982097,-36.5347553,6839581.61
37000.0,-30.4749162,-36.53977330000001,6839691.5600000005
37020.0,-31.7514988,-36.5427062,6839797.75
37040.0,-33.027954199999996,-36.54338659999999,6839900.22
37060.0,-34.3042788,-36.541632899999996,6839999.04
37080.0,-35.5804687,-36.537248000000005,6840094.24
37100.0,-36.8565198,-36.530016700000004,6840185.88
37120.0,-38.132427199999995,-36.5197043,6840274.03
37140.0,-39.4081859,-36.5060532,6840358.73
37160.0,-40.6837903,-36.488780599999984,6840440.07
37180.0,-41.959234099999996,-36.467574799999994,6840518.100000001
37200.0,-43.234510199999995,-36.44209119999999,6840592.88
37220.0,-44.5096111,-36.4119479,6840664.5
37240.0,-45.7845278,-36.376720000000006,6840733.0200000005
37260.0,-47.0592506,-36.3359332,6840798.51
37280.0,-48.3337685,-36.2890567,6840861.04
37300.0,-49.6080689,-36.235493700000006,6840920.68
37320.0,-50.8821375,-36.174571000000014,6840977.51
37340.0,-52.1559579,-36.10552609999999,6841031.59
37360.0,-53.4295115,-36.0274914,6841082.98
37380.0,-54.702776699999994,-35.93947610000001,6841131.7700000005
37400.0,-55.975728499999995,-35.84034220000001,6841178.01
37420.0,-57.248337899999996,-35.72877679999999,6841221.78
37440.0,-58.5205711,-35.6032567,6841263.16
37460.0,-59.7923882,-35.46200440000001,6841302.2
37480.0,-61.063742299999994,-35.3029324,6841338.98
37500.0,-62.334577599999996,-35.12357309999999,6841373.59
37520.0,-63.6048273,-34.9209874,6841406.08
37540.0,-64.87441079999999,-34.6916473,6841436.55
37560.0,-66.1432301,-34.431280500000014,6841465.05
37580.0,-67.4111652,-34.134663700000004,6841491.67
37600.0,-68.6780668,-33.79534419999999,6841516.46
37620.0,-69.943748,-33.4052566,6841539.5
37640.0,-71.2079711,-32.95418960000001,6841560.850000001
37660.0,-72.4704296,-32.4290264,6841580.5600000005
37680.0,-73.73072189999999,-31.812642399999987,6841598.69
37700.0,-74.9883117,-31.082265500000005,6841615.29
37720.0,-76.2424673,-30.206972699999994,6841630.4
37740.0,-77.4921651,-29.143748799999997,6841644.07
37760.0,-78.735931,-27.831070299999993,6841656.33
37780.0,-79.9715677,-26.178045499999996,6841667.24
37800.0,-81.19566189999999,-24.0452219,6841676.82
37820.0,-82.4026427,-21.20901570000001,6841685.09
37840.0,-83.5828571,-17.29252790000001,6841692.100000001
37860.0,-84.7183419,-11.625990300000012,6841697.84
37880.0,-85.77290719999999,-2.9714705000000095,6841702.34
37900.0,-86.6688058,10.870600800000005,6841705.61
37920.0,-87.2465497,32.457717900000006,6841707.65
37940.0,-87.2940461,59.4074421,6841708.48
37960.0,-86.7876885,82.25586220000002,6841708.09
37980.0,-85.9291549,97.1901598,6841706.47
38000.0,-84.8930705,106.4946218,6841703.62
38020.0,-83.76735599999999,112.53399609999997,6841699.5200000005
38040.0,-82.5927583,116.67385890000003,6841694.18
38060.0,-81.3892529,119.65147630000001,6841687.5600000005
38080.0,-80.1674427,121.8784536,6841679.65
38100.0,-78.9333824,123.59691729999997,6841670.42
38120.0,-77.6907489,124.95674179999997,6841659.86
38140.0,-76.4418924,126.0549709,6841647.93
38160.0,-75.1883799,126.95692329999997,6841634.600000001
38180.0,-73.93129379999999,127.70804750000002,6841619.8100000005
38200.0,-72.6714047,128.3408804,6841603.53
38220.0,-71.409275,128.8792957,6841585.69
38240.0,-70.14532489999999,129.3411903,6841566.25
38260.0,-68.87987389999999,129.74023439999996,6841545.15
38280.0,-67.6131693,130.08704409999996,6841522.33
38300.0,-66.3454052,130.3899861,6841497.72
38320.0,-65.07673609999999,130.65574119999997,6841471.26
38340.0,-63.807286299999994,130.88970759999995,6841442.9
38360.0,-62.5371568,131.0962937,6841412.5600000005
38380.0,-61.2664306,131.27913460000002,6841380.17
38400.0,-59.9951765,131.44125459999998,6841345.66
38420.0,-58.7234517,131.5851897,6841308.95
38440.0,-57.4513045,131.7130828,6841269.97
38460.0,-56.1787755,131.8267568,6841228.62
38480.0,-54.9058997,131.9277722,6841184.84
38500.0,-53.6327065,132.01747290000003,6841138.54
38520.0,-52.3592216,132.0970226,6841089.65
38540.0,-51.085467099999995,132.16743409999998,6841038.08
38560.0,-49.811462,132.22959330000003,6840983.76
38580.0,-48.5372231,132.2842781,6840926.61
38600.0,-47.262764999999995,132.3321752,6840866.55
38620.0,-45.988100599999996,132.3738927,6840803.5200000005
38640.0,-44.7132412,132.40997140000002,6840737.43
38660.0,-43.4381967,132.44089409999998,6840668.23
38680.0,-42.162976,132.4670929,6840595.84
38700.0,-40.8875871,132.48895629999998,6840520.2
38720.0,-39.612037099999995,132.5068346,6840441.23
38740.0,-38.3363322,132.5210444,6840358.890000001
38760.0,-37.0604781,132.53187279999997,6840273.11
38780.0,-35.784479999999995,132.5395813,6840183.83
38800.0,-34.5083424,132.54440799999998,6840090.99
38820.0,-33.2320698,132.5465711,6839994.54
38840.0,-31.9556659,132.5462705,6839894.41
38860.0,-30.679134299999998,132.54368999999997,6839790.5600000005
38880.0,-29.4024784,132.53899920000003,6839682.93
38900.0,-28.125701199999998,132.53235489999997,6839571.49
38920.0,-26.8488056,132.52390249999996,6839456.19
38940.0,-25.5717942,132.513777,6839337.0
38960.0,-24.2946696,132.5021044,6839213.890000001
38980.0,-23.0174341,132.48900229999998,6839086.84
39000.0,-21.74009,132.47458110000002,6838955.8100000005
39020.0,-20.462639499999998,132.45894420000002,6838820.8
39040.0,-19.1850846,132.44218939999996,6838681.78
39060.0,-17.9074275,132.4244089,6838538.74
39080.0,-16.62967,132.40569019999998,6838391.7
39100.0,-15.3518142,132.38611649999996,6838240.66
39120.0,-14.0738618,132.365767,6838085.62
39140.0,-12.7958149,132.34471759999997,6837926.600000001
39160.0,-11.5176751,132.3230413,6837763.63
39180.0,-10.2394445,132.30080809999998,6837596.74
39200.0,-8.9611248,132.27808600000003,6837425.98
39220.0,-7.682717899999999,132.25494070000002,6837251.4
39240.0,-6.404225599999999,132.23143619999996,6837073.05
39260.0,-5.125649699999999,132.2076351,6836891.0200000005
39280.0,-3.8469919999999997,132.18359880000003,6836705.36
39300.0,-2.5682541999999997,132.1593876,6836516.13
39320.0,-1.2894383,132.13506129999996,6836323.42
39340.0,-0.0105462,132.11067909999997,6836127.28
39360.0,1.2684201,132.0863,6835927.82
39380.0,2.5474584,132.06198310000002,6835725.13
39400.0,3.8265667999999997,132.03778769999997,6835519.33
39420.0,5.1057431,132.0137737,6835310.5200000005
39440.0,6.3849852,131.9900015,6835098.84
39460.0,7.664290899999999,131.96653279999998,6834884.42
39480.0,8.9436579,131.9434303,6834667.4
39500.0,10.223083899999999,131.92075820000002,6834447.91
39520.0,11.5025666,131.89858279999999,6834226.12
39540.0,12.7821035,131.87697200000002,6834002.17
39560.0,14.0616921,131.8559965,6833776.24
39580.0,15.3413299,131.83572960000004,6833548.47
39600.0,16.6210141,131.81624769999996,6833319.05
39620.0,17.9007419,131.7976307,6833088.16
39640.0,19.1805105,131.7799625,6832855.96
39660.0,20.4603169,131.76333119999998,6832622.640000001
39680.0,21.7401578,131.7478299,6832388.390000001
39700.0,23.0200301,131.7335572,6832153.41
39720.0,24.2999302,131.7206177,6831917.87
39740.0,25.5798547,131.70912299999998,6831681.99
39760.0,26.859799499999998,131.6991918,6831445.96
39780.0,28.139760799999998,131.6909516,6831209.99
39800.0,29.4197343,131.68453899999997,6830974.28
39820.0,30.6997155,131.6801011,6830739.04
39840.0,31.979699699999998,131.6777968,6830504.48
39860.0,33.2596817,131.6777978,6830270.8
39880.0,34.5396561,131.68029060000003,6830038.23
39900.0,35.819617099999995,131.685478,6829806.96
39920.0,37.0995583,131.69358119999998,6829577.23
39940.0,38.3794731,131.70484220000003,6829349.25
39960.0,39.659354,131.71952629999998,6829123.24
39980.0,40.9391932,131.73792559999998,6828899.42
40000.0,42.218982,131.760362,6828678.01
40020.0,43.4987111,131.78719189999998,6828459.22
40040.0,44.7783701,131.8188111,6828243.28
40060.0,46.0579475,131.85566,6828030.4
40080.0,47.3374309,131.8982309,6827820.8
40100.0,48.6168063,131.9470758,6827614.69
40120.0,49.896057899999995,132.002816,6827412.29
40140.0,51.1751685,132.06615320000003,6827213.8
40160.0,52.4541183,132.13788390000002,6827019.43
40180.0,53.7328851,132.2189153,6826829.390000001
40200.0,55.0114436,132.3102857,6826643.88
40220.0,56.289764899999994,132.4131896,6826463.08
40240.0,57.5678157,132.52900799999998,6826287.21
40260.0,58.8455574,132.6593466,6826116.44
40280.0,60.1229453,132.80608340000003,6825950.97
40300.0,61.3999265,132.97142929999995,6825790.98
40320.0,62.676439099999996,133.158005,6825636.65
40340.0,63.9524087,133.36894110000003,6825488.15
40360.0,65.2277464,133.60800740000002,6825345.640000001
40380.0,66.5023439,133.87978520000001,6825209.28
40400.0,67.7760687,134.18989679999999,6825079.21
40420.0,69.0487563,134.5453177,6824955.58
40440.0,70.3202001,134.95480809999998,6824838.5200000005
40460.0,71.59013709999999,135.42951800000003,6824728.17
40480.0,72.8582271,135.98385489999998,6824624.640000001
40500.0,74.124022,136.63675590000003,6824528.05
40520.0,75.3869201,137.4135966,6824438.51
40540.0,76.6460937,138.34914000000003,6824356.100000001
40560.0,77.90037439999999,139.4922363,6824280.92
40580.0,79.14806,140.91358639999999,6824213.0600000005
40600.0,80.3865763,142.7190978,6824152.58
40620.0,81.6118549,145.0739234,6824099.55
40640.0,82.8171121,148.24789929999997,6824054.03
40660.0,83.99028369999999,152.70554819999995,6824016.07
40680.0,85.1082236,159.2888827,6823985.71
40700.0,86.1228503,169.56127479999998,6823962.98
40720.0,86.9299561,-173.8903111,6823947.890000001
40740.0,87.3338899,-149.387183,6823940.47
40760.0,87.1572503,-122.77154039999999,6823940.71
40780.0,86.4865372,-102.91508089999999,6823948.62
40800.0,85.5393139,-90.4382411,6823964.17
40820.0,84.455534,-82.5934043,6823987.36
40840.0,83.3011542,-77.4002673,6824018.140000001
40860.0,82.1070936,-73.7738888,6824056.5
40880.0,80.8889432,-71.1253523,6824102.38
40900.0,79.6552131,-69.1199774,6824155.73
40920.0,78.41088119999999,-67.5571435,6824216.5
40940.0,77.159033,-66.3105276,6824284.600000001
40960.0,75.9016743,-65.2971112,6824359.97
40980.0,74.6401621,-64.4602975,6824442.51
41000.0,73.3754459,-63.76027189999999,6824532.13
41020.0,72.1082093,-63.16825879999999,6824628.72
41040.0,70.83895629999999,-62.662969399999994,6824732.18
41060.0,69.568067,-62.228328899999994,6824842.4
41080.0,68.2958329,-61.8519804,6824959.25
41100.0,67.0224817,-61.524273199999996,6825082.61
41120.0,65.7481937,-61.237563300000005,6825212.350000001
41140.0,64.4731134,-60.985718899999995,6825348.3100000005
41160.0,63.1973583,-60.763765500000005,6825490.36
41180.0,61.9210248,-60.5676254,6825638.34
41200.0,60.6441927,-60.3939249,6825792.09
41220.0,59.3669289,-60.23984859999999,6825951.45
41240.0,58.089289799999996,-60.103028800000004,6826116.25
41260.0,56.811323099999996,-59.98145969999999,6826286.3100000005
41280.0,55.533069999999995,-59.873430799999994,6826461.45
41300.0,54.2545657,-59.777474600000005,6826641.5
41320.0,52.9758408,-59.692324600000006,6826826.26
41340.0,51.696922099999995,-59.616881899999996,6827015.54
41360.0,50.417833099999996,-59.550188399999996,6827209.140000001
41380.0,49.138594399999995,-59.4914048,6827406.850000001
41400.0,47.859224399999995,-59.439792499999996,6827608.48
41420.0,46.579739499999995,-59.394698899999995,6827813.8
41440.0,45.3001544,-59.3555449,6828022.62
41460.0,44.0204823,-59.321815,6828234.71
41480.0,42.740735099999995,-59.2930484,6828449.88
41500.0,41.460923699999995,-59.268831899999995,6828667.9
41520.0,40.1810578,-59.24879379999999,6828888.57
41540.0,38.901146499999996,-59.232598499999995,6829111.67
41560.0,37.621198,-59.21994219999999,6829336.99
41580.0,36.3412199,-59.210549,6829564.3100000005
41600.0,35.0612192,-59.20416779999999,6829793.41
41620.0,33.7812025,-59.2005693,6830024.08
41640.0,32.5011757,-59.199543199999994,6830256.100000001
41660.0,31.2211447,-59.200896799999995,6830489.25
41680.0,29.941114499999998,-59.2044525,6830723.33
41700.0,28.661090299999998,-59.210046199999994,6830958.140000001
41720.0,27.381076699999998,-59.2175264,6831193.46
41740.0,26.1010781,-59.2267521,6831429.09
41760.0,24.8210986,-59.2375924,6831664.83
41780.0,23.5411422,-59.249924899999996,6831900.48
41800.0,22.2612126,-59.263635300000004,6832135.850000001
41820.0,20.9813133,-59.27861619999999,6832370.73
41840.0,19.7014477,-59.2947667,6832604.94
41860.0,18.4216192,-59.3119916,6832838.29
41880.0,17.141830799999997,-59.3302008,6833070.600000001
41900.0,15.8620855,-59.34930879999999,6833301.69
41920.0,14.582386099999999,-59.3692341,6833531.390000001
41940.0,13.3027354,-59.389899099999994,6833759.53
41960.0,12.023136,-59.411229199999994,6833985.93
41980.0,10.7435906,-59.433152899999996,6834210.43
42000.0,9.464101399999999,-59.455601,6834432.88
42020.0,8.1846711,-59.4785066,6834653.12
42040.0,6.905301799999999,-59.5018048,6834870.98
42060.0,5.6259958999999995,-59.5254322,6835086.34
42080.0,4.3467557,-59.54932679999999,6835299.04
42100.0,3.0675833,-59.5734276,6835508.96
42120.0,1.788481,-59.597674600000005,6835715.97
42140.0,0.5094508,-59.62200809999999,6835919.96
42160.0,-0.7695052,-59.64636909999999,6836120.83
42180.0,-2.048385,-59.6706983,6836318.48
42200.0,-3.3271867999999998,-59.694936799999994,6836512.8100000005
42220.0,-4.6059085,-59.7190248,6836703.74
42240.0,-5.8845484,-59.7429022,6836891.18
42260.0,-7.163104499999999,-59.766508099999996,6837075.05
42280.0,-8.441575199999999,-59.7897804,6837255.3
42300.0,-9.7199584,-59.81265569999999,6837431.84
42320.0,-10.9982524,-59.83506879999999,6837604.62
42340.0,-12.276455499999999,-59.856952899999996,6837773.58
42360.0,-13.5545656,-59.8782387,6837938.68
42380.0,-14.832581,-59.8988545,6838099.88
42400.0,-16.1104998,-59.91872559999999,6838257.140000001
42420.0,-17.388320099999998,-59.9377741,6838410.45
42440.0,-18.666039899999998,-59.9559184,6838559.78
42460.0,-19.9436572,-59.973072900000005,6838705.12
42480.0,-21.2211701,-59.9891471,6838846.47
42500.0,-22.498576399999997,-60.0040456,6838983.83
42520.0,-23.7758739,-60.0176673,6839117.2
42540.0,-25.0530604,-60.029904599999995,6839246.600000001
42560.0,-26.3301336,-60.040642899999995,6839372.05
42580.0,-27.6070909,-60.04975959999999,6839493.57
42600.0,-28.8839296,-60.057123399999995,6839611.19
42620.0,-30.160646999999997,-60.06259299999999,6839724.94
42640.0,-31.4372401,-60.06601649999999,6839834.850000001
42660.0,-32.7137056,-60.067229499999996,6839940.98
42680.0,-33.99004,-60.066053999999994,6840043.350000001
42700.0,-35.2662395,-60.0622968,6840142.03
42720.0,-36.5423,-60.05574730000001,6840237.07
42740.0,-37.818216899999996,-60.04617569999999,6840328.5200000005
42760.0,-39.0939853,-60.03333029999999,6840416.44
42780.0,-40.3695996,-60.0169348,6840500.9
42800.0,-41.6450538,-59.9966847,6840581.97
42820.0,-42.920341099999995,-59.9722441,6840659.7
42840.0,-44.195454,-59.94324040000001,6840734.18
42860.0,-45.470383899999995,-59.9092598,6840805.48
42880.0,-46.745121499999996,-59.8698407,6840873.66
42900.0,-48.019656,-59.824467,6840938.8
42920.0,-49.2939753,-59.772558599999996,6841000.97
42940.0,-50.568065499999996,-59.713462199999995,6841060.25
42960.0,-51.8419108,-59.646438200000006,6841116.69
42980.0,-53.115493099999995,-59.57064629999999,6841170.390000001
43000.0,-54.3887918,-59.48512769999999,6841221.4
43020.0,-55.661782699999996,-59.38878270000001,6841269.8100000005
43040.0,-56.9344379,-59.28034389999999,6841315.68
43060.0,-58.2067249,-59.15834340000001,6841359.08
43080.0,-59.4786055,-59.0210702,6841400.08
43100.0,-60.7500347,-58.8665187,6841438.75
43120.0,-62.0209589,-58.6923218,6841475.16
43140.0,-63.2913144,-58.49566569999999,6841509.38
43160.0,-64.56102419999999,-58.2731795,6841541.48
43180.0,-65.8299949,-58.0207901,6841571.53
43200.0,-67.0981125,-57.73353040000001,6841599.600000001
43220.0,-68.3652354,-57.405280399999995,6841625.76
43240.0,-69.63118709999999,-57.02841369999999,6841650.07
43260.0,-70.8957434,-56.59330639999999,6841672.600000001
43280.0,-72.15861699999999,-56.08764289999999,6841693.41
43300.0,-73.4194325,-55.4954118,6841712.5600000005
43320.0,-74.6776912,-54.795423099999994,6841730.100000001
43340.0,-75.9327163,-53.9590589,6841746.09
43360.0,-77.18356779999999,-52.946760600000005,6841760.57
43380.0,-78.4289017,-51.702359400000006,6841773.59
43400.0,-79.666733,-50.14357820000001,6841785.2
43420.0,-80.8940118,-48.1454306,6841795.42
43440.0,-82.10582509999999,-45.50982669999999,6841804.3
43460.0,-83.29379449999999,-41.9071447,6841811.84
43480.0,-84.44261879999999,-36.75915760000001,6841818.07
43500.0,-85.5220786,-29.0042311,6841823.01
43520.0,-86.46800329999999,-16.708251899999993,6841826.67
43540.0,-87.1444626,2.840804200000008,6841829.0600000005
43560.0,-87.3374771,29.21808010000001,6841830.17
43580.0,-86.9537244,53.824618999999984,6841830.01
43600.0,-86.16249979999999,70.5946308,6841828.58
43620.0,-85.1596589,81.03213540000002,6841825.850000001
43640.0,-84.0512744,87.72043880000001,6841821.82
43660.0,-82.8865065,92.24535830000002,6841816.46
43680.0,-81.68902159999999,95.464316,6841809.75
43700.0,-80.4711397,97.850596,6841801.66
43720.0,-79.2397778,99.6789915,6841792.18
43740.0,-77.99907759999999,101.1175591,6841781.2700000005
43760.0,-76.7516555,102.27397930000001,6841768.9
43780.0,-75.4992389,103.22008040000003,6841755.03
43800.0,-74.2430115,104.0054561,6841739.63
43820.0,-72.9838099,104.66537549999998,6841722.640000001
43840.0,-71.7222416,105.2255692,6841704.04
43860.0,-70.4587576,105.70522870000002,6841683.76
43880.0,-69.19369929999999,106.11894899999999,6841661.75
43900.0,-67.9273303,106.4780202,6841637.96
43920.0,-66.6598564,106.79130889999999,6841612.32
43940.0,-65.3914411,107.06587339999999,6841584.76
43960.0,-64.1222155,107.3074009,6841555.24
43980.0,-62.852286,107.5205239,6841523.68
44000.0,-61.5817397,107.7090536,6841490.01
44020.0,-60.310648699999994,107.87615399999999,6841454.16
44040.0,-59.0390728,108.0244735,6841416.07
44060.0,-57.7670624,108.15624539999999,6841375.65
44080.0,-56.494659999999996,108.27336689999998,6841332.82
44100.0,-55.2219017,108.3774593,6841287.5200000005
44120.0,-53.9488184,108.46991709999998,6841239.66
44140.0,-52.675436499999996,108.55194610000001,6841189.17
44160.0,-51.4017791,108.6245945,6841135.97
44180.0,-50.127865899999996,108.68877800000001,6841079.99
44200.0,-48.8537142,108.74530010000001,6841021.15
44220.0,-47.5793391,108.79486889999998,6840959.38
44240.0,-46.304753899999994,108.83811120000001,6840894.600000001
44260.0,-45.029970299999995,108.87558380000002,6840826.76
44280.0,-43.7549986,108.90778309999996,6840755.78
44300.0,-42.479848,108.93515359999998,6840681.59
44320.0,-41.2045265,108.95809409999998,6840604.13
44340.0,-39.9290416,108.97696389999999,6840523.33
44360.0,-38.6533996,108.99208779999998,6840439.140000001
44380.0,-37.3776065,109.00376010000002,6840351.5
44400.0,-36.1016676,109.01224819999999,6840260.350000001
44420.0,-34.8255876,109.0177961,6840165.640000001
44440.0,-33.5493708,109.02062669999998,6840067.3100000005
44460.0,-32.273021299999996,109.0209443,6839965.32
44480.0,-30.9965427,109.0189368,6839859.62
44500.0,-29.7199384,109.0147771,6839750.17
44520.0,-28.4432114,109.00862540000003,6839636.91
44540.0,-27.1663647,109.00062960000002,6839519.83
44560.0,-25.889401,108.9909275,6839398.87
44580.0,-24.6123229,108.97964719999999,6839274.0200000005
44600.0,-23.3351327,108.96690849999999,6839145.25
44620.0,-22.0578328,108.95282350000002,6839012.55
44640.0,-20.7804254,108.9374975,6838875.890000001
44660.0,-19.5029126,108.92102949999997,6838735.28
44680.0,-18.2252963,108.90351320000002,6838590.71
44700.0,-16.9475785,108.8850372,6838442.18
44720.0,-15.669761099999999,108.8656858,6838289.7
44740.0,-14.3918459,108.84553929999998,6838133.28
44760.0,-13.1138347,108.82467450000001,6837972.94
44780.0,-11.8357294,108.80316479999999,6837808.69
44800.0,-10.5575317,108.78108120000002,6837640.57
44820.0,-9.2792434,108.75849210000001,6837468.600000001
44840.0,-8.000866199999999,108.73546379999999,6837292.82
44860.0,-6.7224021,108.7120607,6837113.28
44880.0,-5.4438527,108.6883459,6836930.01
44900.0,-4.165220199999999,108.66438110000001,6836743.08
44920.0,-2.8865064,108.6402268,6836552.5600000005
44940.0,-1.6077131999999998,108.61594300000002,6836358.5200000005
44960.0,-0.3288427,108.59158919999999,6836161.05
44980.0,0.9501031999999999,108.56722439999999,6835960.25
45000.0,2.2291223,108.54290779999997,6835756.22
45020.0,3.5082126999999996,108.51869870000002,6835549.08
45040.0,4.7873722,108.49465670000001,6835338.95
45060.0,6.0665986,108.47084230000002,6835125.95
45080.0,7.3458897,108.44731669999999,6834910.23
45100.0,8.6252434,108.42414250000002,6834691.92
45120.0,9.9046573,108.40138359999997,6834471.16
45140.0,11.1841292,108.3791056,6834248.11
45160.0,12.4636564,108.35737610000001,6834022.93
45180.0,13.7432366,108.33626520000001,6833795.78
45200.0,15.0228671,108.3158454,6833566.8100000005
45220.0,16.3025453,108.29619230000003,6833336.22
45240.0,17.5822684,108.27738490000002,6833104.17
45260.0,18.8620335,108.25950610000001,6832870.86
45280.0,20.141837499999998,108.24264299999999,6832636.45
45300.0,21.421677499999998,108.22688729999999,6832401.16
45320.0,22.701549999999997,108.21233640000003,6832165.15
45340.0,23.9814518,108.19909310000003,6831928.640000001
45360.0,25.261378999999998,108.18726730000003,6831691.83
45380.0,26.541328099999998,108.17697599999997,6831454.9
45400.0,27.821294899999998,108.16834440000002,6831218.08
45420.0,29.1012752,108.1615069,6830981.57
45440.0,30.381264599999998,108.15660789999998,6830745.57
45460.0,31.6612583,108.15380329999999,6830510.32
45480.0,32.9412513,108.15326160000001,6830276.01
45500.0,34.2212381,108.15516559999998,6830042.87
45520.0,35.5012131,108.15971400000001,6829811.11
45540.0,36.7811699,108.16712330000001,6829580.95
45560.0,38.061102,108.17763029999998,6829352.61
45580.0,39.3410022,108.1914946,6829126.3100000005
45600.0,40.6208625,108.20900130000001,6828902.26
45620.0,41.900674699999996,108.23046499999998,6828680.7
45640.0,43.1804293,108.2562332,6828461.83
45660.0,44.460116299999996,108.2866917,6828245.88
45680.0,45.739724599999995,108.32226930000002,6828033.0600000005
45700.0,47.019241799999996,108.3634452,6827823.59
45720.0,48.298654299999995,108.41075599999999,6827617.67
45740.0,49.5779469,108.46480500000001,6827415.5200000005
45760.0,50.857102499999996,108.52627330000001,6827217.350000001
45780.0,52.136102099999995,108.59593269999999,6827023.350000001
45800.0,53.4149239,108.6746617,6826833.74
45820.0,54.6935435,108.76346460000002,6826648.71
45840.0,55.9719329,108.863495,6826468.46
45860.0,57.250059699999994,108.97608530000002,6826293.17
45880.0,58.5278869,109.10278189999997,6826123.03
45900.0,59.805371199999996,109.2453913,6825958.24
45920.0,61.082462,109.40603620000002,6825798.96
45940.0,62.3590995,109.58722869999997,6825645.36
45960.0,63.6352127,109.79196339999999,6825497.62
45980.0,64.91071649999999,110.0238392,6825355.890000001
46000.0,66.1855077,110.28721940000003,6825220.3100000005
46020.0,67.4594602,110.587445,6825091.04
46040.0,68.732418,110.93112429999996,6824968.2
46060.0,70.00418599999999,111.32652989999997,6824851.94
46080.0,71.27451649999999,111.78415469999999,6824742.37
46100.0,72.5430903,112.3175043,6824639.63
46120.0,73.8094893,112.9442512,6824543.82
46140.0,75.0731546,113.6879571,6824455.05
46160.0,76.3333226,114.58071380000001,6824373.42
46180.0,77.58892259999999,115.6673169,6824299.01
46200.0,78.8384074,117.0120963,6824231.92
46220.0,80.0794609,118.71054349999997,6824172.2
46240.0,81.3084648,120.90999339999996,6824119.92
46260.0,82.5194724,123.84823440000002,6824075.15
46280.0,83.7020878,127.92914759999996,6824037.93
46300.0,84.8367591,133.87600369999996,6824008.3100000005
46320.0,85.8836405,143.03121339999996,6823986.3
46340.0,86.7565742,157.74325999999996,6823971.94
46360.0,87.2824156,-179.5954477,6823965.25
46380.0,87.2539505,-152.5119048,6823966.22
46400.0,86.68542939999999,-130.6070332,6823974.86
46420.0,85.79024679999999,-116.5464799,6823991.15
46440.0,84.7323921,-107.77753659999999,6824015.07
46460.0,83.5919308,-102.0518182,6824046.600000001
46480.0,82.4059929,-98.10324539999999,6824085.71
46500.0,81.1929341,-95.2487285,6824132.350000001
46520.0,79.9625865,-93.1049989,6824186.47
46540.0,78.7206101,-91.4452666,6824248.03
46560.0,77.4704666,-90.1283727,6824316.95
46580.0,76.2143818,-89.0624698,6824393.17
46600.0,74.9538479,-88.1854747,6824476.600000001
46620.0,73.6899006,-87.4540323,6824567.140000001
46640.0,72.42328069999999,-86.8370058,6824664.72
46660.0,71.15453149999999,-86.31148549999999,6824769.23
46680.0,69.8840602,-85.86025579999999,6824880.5600000005
46700.0,68.6121783,-85.4701384,6824998.59
46720.0,67.3391276,-85.1308801,6825123.22
46740.0,66.06509919999999,-84.8343864,6825254.3100000005
46760.0,64.7902458,-84.5741838,6825391.71
46780.0,63.514691,-84.3450348,6825535.29
46800.0,62.2385362,-84.14265639999999,6825684.890000001
46820.0,60.961864899999995,-83.9635132,6825840.34
46840.0,59.684746999999994,-83.8046608,6826001.5
46860.0,58.407241299999995,-83.6636276,6826168.18
46880.0,57.1293976,-83.53832349999999,6826340.2
46900.0,55.8512585,-83.4269691,6826517.38
46920.0,54.5728607,-83.32803969999999,6826699.53
46940.0,53.2942359,-83.2402216,6826886.46
46960.0,52.015411699999994,-83.16237629999999,6827077.96
46980.0,50.7364123,-83.0935123,6827273.82
47000.0,49.457259099999995,-83.0327621,6827473.84
47020.0,48.1779711,-82.9793631,6827677.8
47040.0,46.898565,-82.9326419,6827885.49
47060.0,45.6190559,-82.89200199999999,6828096.69
47080.0,44.339457499999995,-82.8569126,6828311.18
47100.0,43.059781799999996,-82.82689959999999,6828528.76
47120.0,41.7800399,-82.80153829999999,6828749.18
47140.0,40.500242,-82.780447,6828972.25
47160.0,39.220397,-82.7632814,6829197.72
47180.0,37.940513599999996,-82.74972989999999,6829425.390000001
47200.0,36.6605993,-82.7395099,6829655.03
47220.0,35.3806614,-82.7323643,6829886.42
47240.0,34.1007064,-82.7280584,6830119.33
47260.0,32.8207404,-82.7263773,6830353.55
47280.0,31.540769299999997,-82.7271241,6830588.86
47300.0,30.2607982,-82.73011729999999,6830825.05
47320.0,28.9808323,-82.73518969999999,6831061.890000001
47340.0,27.7008761,-82.7421866,6831299.17
47360.0,26.420934,-82.75096429999999,6831536.69
47380.0,25.1410104,-82.76138949999999,6831774.24
47400.0,23.861109,-82.77333759999999,6832011.61
47420.0,22.581233599999997,-82.78669239999999,6832248.59
47440.0,21.3013878,-82.8013447,6832484.99
47460.0,20.021575,-82.8171921,6832720.62
47480.0,18.7417984,-82.8341379,6832955.2700000005
47500.0,17.4620611,-82.8520906,6833188.75
47520.0,16.182366,-82.8709635,6833420.890000001
47540.0,14.9027161,-82.89067419999999,6833651.48
47560.0,13.623114099999999,-82.911144,6833880.36
47580.0,12.3435627,-82.93229749999999,6834107.350000001
47600.0,11.0640646,-82.9540622,6834332.28
47620.0,9.7846222,-82.97636849999999,6834555.01
47640.0,8.505238,-82.99914869999999,6834775.37
47660.0,7.2259142999999995,-83.0223374,6834993.22
47680.0,5.9466535,-83.0458707,6835208.43
47700.0,4.6674579,-83.06968619999999,6835420.86
47720.0,3.3883294999999998,-83.09372259999999,6835630.4
47740.0,2.1092706,-83.1179196,6835836.94
47760.0,0.8302830999999999,-83.14221739999999,6836040.36
47780.0,-0.4486309,-83.1665568,6836240.5600000005
47800.0,-1.7274695,-83.1908785,6836437.45
47820.0,-3.0062306999999997,-83.21512349999999,6836630.94
47840.0,-4.2849126,-83.2392323,6836820.94
47860.0,-5.5635135,-83.26314479999999,6837007.390000001
47880.0,-6.8420312999999995,-83.2868002,6837190.21
47900.0,-8.120464499999999,-83.31013689999999,6837369.33
47920.0,-9.398811,-83.3330915,6837544.71
47940.0,-10.6770693,-83.35559959999999,6837716.28
47960.0,-11.955237499999999,-83.3775945,6837884.01
47980.0,-13.2333137,-83.39900759999999,6838047.850000001
48000.0,-14.5112963,-83.4197678,6838207.76
48020.0,-15.789183399999999,-83.4398013,6838363.72
48040.0,-17.0669731,-83.4590308,6838515.7
48060.0,-18.3446636,-83.4773757,6838663.69
48080.0,-19.6222529,-83.4947514,6838807.67
48100.0,-20.899739099999998,-83.51106879999999,6838947.63
48120.0,-22.17712,-83.5262336,6839083.59
48140.0,-23.4543937,-83.5401462,6839215.53
48160.0,-24.731557799999997,-83.5527006,6839343.47
48180.0,-26.008609999999997,-83.56378409999999,6839467.43
48200.0,-27.285547899999997,-83.5732759,6839587.43
48220.0,-28.562368799999998,-83.5810472,6839703.49
48240.0,-29.839070099999997,-83.5869592,6839815.66
48260.0,-31.115648699999998,-83.5908625,6839923.97
48280.0,-32.392101499999995,-83.5925961,6840028.45
48300.0,-33.668425,-83.5919854,6840129.16
48320.0,-34.9446157,-83.5888411,6840226.15
48340.0,-36.2206693,-83.5829569,6840319.46
48360.0,-37.4965816,-83.574108,6840409.15
48380.0,-38.7723477,-83.5620483,6840495.28
48400.0,-40.0479622,-83.5465078,6840577.92
48420.0,-41.323419099999995,-83.5271892,6840657.11
48440.0,-42.598712,-83.5037645,6840732.93
48460.0,-43.8738333,-83.4758708,6840805.44
48480.0,-45.1487749,-83.4431048,6840874.71
48500.0,-46.4235274,-83.4050173,6840940.82
48520.0,-47.698080499999996,-83.3611062,6841003.84
48540.0,-48.9724223,-83.3108082,6841063.84
48560.0,-50.246539299999995,-83.2534889,6841120.91
48580.0,-51.5204163,-83.1884315,6841175.11
48600.0,-52.794035799999996,-83.1148221,6841226.53
48620.0,-54.067377699999994,-83.0317328,6841275.24
48640.0,-55.3404187,-82.93810119999999,6841321.33
48660.0,-56.6131319,-82.8327043,6841364.87
48680.0,-57.885486099999994,-82.7141272,6841405.94
48700.0,-59.1574445,-82.5807236,6841444.61
48720.0,-60.4289639,-82.4305667,6841480.97
48740.0,-61.699993,-82.261386,6841515.08
48760.0,-62.970470999999996,-82.0704879,6841547.03
48780.0,-64.2403242,-81.8546518,6841576.88
48800.0,-65.5094639,-81.6099952,6841604.7
48820.0,-66.7777814,-81.33179439999999,6841630.55
48840.0,-68.0451428,-81.0142455,6841654.5
48860.0,-69.3113809,-80.650137,6841676.62
48880.0,-70.5762848,-80.2303993,6841696.96
48900.0,-71.83958439999999,-79.7434686,6841715.57
48920.0,-73.1009289,-79.17437389999999,6841732.5200000005
48940.0,-74.3598542,-78.5033957,6841747.850000001
48960.0,-75.61573419999999,-77.7040451,6841761.61
48980.0,-76.8677046,-76.73993329999999,6841773.86
49000.0,-78.1145392,-75.5597622,6841784.640000001
49020.0,-79.35444269999999,-74.0890155,6841793.99
49040.0,-80.5846863,-72.21559859999999,6841801.96
49060.0,-81.8009304,-69.7638668,6841808.58
49080.0,-82.9958881,-66.4453142,6841813.88
49100.0,-84.1564961,-61.76065969999999,6841817.88
49120.0,-85.2574788,-54.8020597,6841820.600000001
49140.0,-86.2460126,-43.8951409,6841822.0600000005
49160.0,-87.0084739,-26.399329899999998,6841822.26
49180.0,-87.34257649999999,-1.2370276000000047,6841821.2
49200.0,-87.09648,24.7462625,6841818.91
49220.0,-86.3868529,43.524472599999996,6841815.350000001
49240.0,-85.42450559999999,55.2868977,6841810.53
49260.0,-84.33683479999999,62.73639109999999,6841804.43
49280.0,-83.1835648,67.70790219999998,6841797.0200000005
49300.0,-81.9929843,71.2031839,6841788.29
49320.0,-80.7795282,73.76977729999999,6841778.2
49340.0,-79.5511562,75.7214128,6841766.72
49360.0,-78.3125633,77.24755859999999,6841753.82
49380.0,-77.0666782,78.46827759999996,6841739.47
49400.0,-75.815415,79.46289890000003,6841723.65
49420.0,-74.56007369999999,80.28574950000001,6841706.29
49440.0,-73.3015664,80.97519469999997,6841687.38
49460.0,-72.0405511,81.55905419999999,6841666.84
49480.0,-70.7775139,82.05796829999997,6841644.640000001
49500.0,-69.5128211,82.4875611,6841620.72
49520.0,-68.2467541,82.85986909999997,6841595.0200000005
49540.0,-66.97953199999999,83.18431099999998,6841567.49
49560.0,-65.7113282,83.46835999999996,6841538.07
49580.0,-64.4422814,83.71801979999998,6841506.71
49600.0,-63.1725037,83.93816809999998,6841473.33
49620.0,-61.9020869,84.1328082,6841437.87
49640.0,-60.631106599999995,84.30525590000002,6841400.2700000005
49660.0,-59.359625599999994,84.45828130000001,6841360.44
49680.0,-58.087696699999995,84.5942162,6841318.32
49700.0,-56.8153643,84.7150378,6841273.83
49720.0,-55.542666,84.82243340000002,6841226.890000001
49740.0,-54.269633899999995,84.91785190000002,6841177.44
49760.0,-52.9962957,85.0025445,6841125.4
49780.0,-51.7226751,85.07759759999999,6841070.68
49800.0,-50.4487927,85.14395880000001,6841013.21
49820.0,-49.174666599999995,85.20245890000001,6840952.91
49840.0,-47.900312299999996,85.2538293,6840889.71
49860.0,-46.6257436,85.2987167,6840823.53
49880.0,-45.3509726,85.337695,6840754.3100000005
49900.0,-44.07601,85.37127559999999,6840681.97
49920.0,-42.8008653,85.3999154,6840606.44
49940.0,-41.5255468,85.42402470000002,6840527.66
49960.0,-40.250062299999996,85.44397249999997,6840445.5600000005
49980.0,-38.974418299999996,85.46009219999996,6840360.07
50000.0,-37.698620999999996,85.47268550000001,6840271.15
50020.0,-36.4226759,85.48202659999998,6840178.73
50040.0,-35.1465879,85.48836519999998,6840082.7700000005
50060.0,-33.8703615,85.49192949999997,6839983.19
50080.0,-32.5940009,85.4929285,6839879.97
50100.0,-31.317509899999997,85.49155400000001,6839773.0600000005
50120.0,-30.040892,85.48798290000002,6839662.41
50140.0,-28.7641504,85.48237840000002,6839547.98
50160.0,-27.487288099999997,85.47489159999998,6839429.75
50180.0,-26.210307999999998,85.46566280000002,6839307.7
50200.0,-24.9332127,85.45482249999998,6839181.79
50220.0,-23.6560047,85.44249279999997,6839052.0
50240.0,-22.3786865,85.4287875,6838918.34
50260.0,-21.101260099999998,85.41381380000001,6838780.78
50280.0,-19.823728,85.39767230000001,6838639.33
50300.0,-18.546091999999998,85.3804581,6838493.99
50320.0,-17.2683543,85.36226110000001,6838344.78
50340.0,-15.9905168,85.34316669999998,6838191.7
50360.0,-14.712581499999999,85.32325639999999,6838034.78
50380.0,-13.434550199999999,85.30260759999999,6837874.04
50400.0,-12.1564249,85.281295,6837709.53
50420.0,-10.8782073,85.25939,6837541.2700000005
50440.0,-9.5998992,85.23696180000002,6837369.3100000005
50460.0,-8.321502599999999,85.21407729999999,6837193.7
50480.0,-7.0430193,85.1908014,6837014.5
50500.0,-5.7644511,85.16719749999999,6836831.78
50520.0,-4.4857512,85.14337339999997,6836647.5600000005
50540.0,-3.2070190999999997,85.1192987,6836458.01
50560.0,-1.9282077999999998,85.09507919999999,6836265.16
50580.0,-0.6493190999999999,85.07077470000002,6836069.100000001
50600.0,0.629645,85.0464442,6835869.93
50620.0,1.9086824999999998,85.02214700000002,6835667.74
50640.0,3.1877914,84.99794229999998,6835462.640000001
50660.0,4.4669235,84.97384439999996,6835252.73
50680.0,5.7461692,84.9500041,6835042.16
50700.0,7.02548,84.92643729999998,6834829.03
50720.0,8.3048536,84.90320600000001,6834613.48
50740.0,9.5842876,84.88037380000003,6834395.640000001
50760.0,10.8637798,84.85800589999997,6834175.65
50780.0,12.1433276,84.83616940000002,6833953.66
50800.0,13.422928599999999,84.8149338,6833729.82
50820.0,14.7025802,84.79437080000002,6833504.29
50840.0,15.982279799999999,84.77455529999997,6833277.22
50860.0,17.2620245,84.75556540000002,6833048.79
50880.0,18.541811499999998,84.737483,6832819.15
50900.0,19.821637799999998,84.72039410000002,6832588.48
50920.0,21.1015002,84.70438919999998,6832356.94
50940.0,22.381395299999998,84.6895642,6832124.71
50960.0,23.6613197,84.6760208,6831892.0
50980.0,24.9412698,84.66386690000002,6831658.99
51000.0,26.2212419,84.65321770000003,6831425.88
51020.0,27.5012319,84.64419650000002,6831192.87
51040.0,28.7812359,84.63693519999998,6830960.140000001
51060.0,30.061249399999998,84.63157569999998,6830727.87
51080.0,31.3412674,84.62827099999998,6830496.26
51100.0,32.6212848,84.62718610000002,6830265.5
51120.0,33.9012962,84.62850029999998,6830035.83
51140.0,35.1812957,84.63240789999998,6829807.46
51160.0,36.461276999999995,84.63912099999999,6829580.62
51180.0,37.7412335,84.64887099999999,6829355.55
51200.0,39.021158199999995,84.66191140000001,6829132.49
51220.0,40.3010434,84.67852089999997,6828911.68
51240.0,41.5808811,84.69900619999999,6828693.34
51260.0,42.8606621,84.7237063,6828477.7
51280.0,44.140376599999996,84.7529968,6828264.96
51300.0,45.4200138,84.7872956,6828055.350000001
51320.0,46.6995618,84.82706859999996,6827849.0600000005
51340.0,47.9790071,84.87283730000001,6827646.3100000005
51360.0,49.2583352,84.92518789999997,6827447.3
51380.0,50.537529299999996,84.98478089999998,6827252.23
51400.0,51.8165708,85.05236439999999,6827061.29
51420.0,53.0954389,85.12878869999997,6826874.7
51440.0,54.3741096,85.21502479999998,6826692.640000001
51460.0,55.652555899999996,85.31218690000003,6826515.3100000005
51480.0,56.9307467,85.42155969999999,6826342.9
51500.0,58.208646099999996,85.54463279999999,6826175.600000001
51520.0,59.4862125,85.6831431,6826013.58
51540.0,60.7633972,85.83912880000003,6825857.03
51560.0,62.0401429,86.01499719999998,6825706.11
51580.0,63.3163816,86.21361289999999,6825560.99
51600.0,64.592032,86.4384111,6825421.82
51620.0,65.8669957,86.6935474,6825288.75
51640.0,67.1411529,86.98409559999999,6825161.93
51660.0,68.4143557,87.3163164,6825041.5
51680.0,69.6864197,87.69802299999998,6824927.600000001
51700.0,70.9571119,88.13909180000002,6824820.34
51720.0,72.22613299999999,88.6521861,6824719.86
51740.0,73.4930926,89.253805,6824626.26
51760.0,74.7574719,89.96583770000001,6824539.66
51780.0,76.0185657,90.8179308,6824460.15
51800.0,77.2753925,91.85119900000001,6824387.83
51820.0,78.52654489999999,93.12424379999999,6824322.76
51840.0,79.7699359,94.72329209999998,6824265.03
51860.0,81.0023422,96.78002529999998,6824214.69
51880.0,82.21853809999999,99.50445250000001,6824171.8
51900.0,83.4095382,103.24856239999997,6824136.41
51920.0,84.5587676,108.6346102,6824108.5600000005
51940.0,85.633118,116.81165420000002,6824088.28
51960.0,86.56166329999999,129.8583383,6824075.59
51980.0,87.1956234,150.47840559999997,6824070.51
52000.0,87.31732079999999,177.3318986,6824073.05
52020.0,86.8664926,-158.83118059999998,6824083.21
52040.0,86.03379149999999,-142.9902659,6824100.97
52060.0,85.00674889999999,-133.1515758,6824126.32
52080.0,83.88247899999999,-126.8138535,6824159.23
52100.0,82.70580559999999,-122.50033739999999,6824199.67
52120.0,81.4984642,-119.41578369999999,6824247.61
52140.0,80.2718707,-117.1194326,6824302.99
52160.0,79.0324871,-115.35392139999999,6824365.76
52180.0,77.78421,-113.96098529999999,6824435.86
52200.0,76.529516,-112.8387193,6824513.21
52220.0,75.2700493,-111.9188564,6824597.74
52240.0,74.0069419,-111.154088,6824689.350000001
52260.0,72.74099749999999,-110.5106618,6824787.96
52280.0,71.47280239999999,-109.96388549999999,6824893.47
52300.0,70.20279339999999,-109.4952967,6825005.75
52320.0,68.9313033,-109.090825,6825124.7
52340.0,67.6585894,-108.7395652,6825250.18
52360.0,66.3848541,-108.4329381,6825382.07
52380.0,65.11025889999999,-108.16410409999999,6825520.21
52400.0,63.8349341,-107.9275445,6825664.47
52420.0,62.558985899999996,-107.71875809999999,6825814.68
52440.0,61.282501999999994,-107.5340378,6825970.69
52460.0,60.0055555,-107.37030279999999,6826132.32
52480.0,58.7282076,-107.22497179999999,6826299.4
52500.0,57.4505103,-107.09586589999999,6826471.75
52520.0,56.1725078,-106.9811332,6826649.17
52540.0,54.894237999999994,-106.8791892,6826831.47
52560.0,53.615733999999996,-106.7886705,6827018.45
52580.0,52.3370241,-106.7083974,6827209.91
52600.0,51.0581336,-106.6373436,6827405.65
52620.0,49.7790843,-106.57461219999999,6827605.44
52640.0,48.499895699999996,-106.5194155,6827809.08
52660.0,47.2205851,-106.4710593,6828016.36
52680.0,45.9411681,-106.4289285,6828227.05
52700.0,44.6616584,-106.3924766,6828440.94
52720.0,43.3820686,-106.3612161,6828657.8100000005
52740.0,42.1024099,-106.33471039999999,6828877.44
52760.0,40.8226927,-106.31256739999999,6829099.62
52780.0,39.5429263,-106.2944338,6829324.12
52800.0,38.2631193,-106.2799902,6829550.74
52820.0,36.9832795,-106.268947,6829779.25
52840.0,35.7034142,-106.2610407,6830009.44
52860.0,34.4235301,-106.25603129999999,6830241.09
52880.0,33.1436334,-106.25369909999999,6830473.99
52900.0,31.863729699999997,-106.25384269999999,6830707.92
52920.0,30.5838246,-106.25627689999999,6830942.68
52940.0,29.3039229,-106.260831,6831178.05
52960.0,28.0240296,-106.2673471,6831413.8100000005
52980.0,26.7441489,-106.275679,6831649.7700000005
53000.0,25.4642852,-106.2856908,6831885.7
53020.0,24.1844423,-106.2972558,6832121.41
53040.0,22.9046242,-106.3102557,6832356.71
53060.0,21.6248343,-106.3245795,6832591.38
53080.0,20.345076199999998,-106.3401233,6832825.25
53100.0,19.065352999999998,-106.35678879999999,6833058.12
53120.0,17.7856679,-106.37448339999999,6833289.82
53140.0,16.506024,-106.3931192,6833520.15
53160.0,15.226424,-106.41261279999999,6833748.95
53180.0,13.9468708,-106.4328846,6833976.05
53200.0,12.667366999999999,-106.4538584,6834201.2700000005
53220.0,11.3879152,-106.4754612,6834424.46
53240.0,10.108517899999999,-106.4976226,6834645.47
53260.0,8.8291775,-106.5202745,6834864.13
53280.0,7.5498962999999994,-106.5433511,6835080.3100000005
53300.0,6.2706764999999995,-106.56678819999999,6835293.88
53320.0,4.9915205,-106.5905231,6835504.69
53340.0,3.7124302,-106.61449429999999,6835712.63
53360.0,2.4334078999999997,-106.63864129999999,6835917.57
53380.0,1.1544554999999999,-106.6629043,6836119.41
53400.0,-0.1244251,-106.687224,6836318.0200000005
53420.0,-1.4032318,-106.7115412,6836513.32
53440.0,-2.6819626999999997,-106.73579679999999,6836705.2
53460.0,-3.960616,-106.7599315,6836893.58
53480.0,-5.2391898999999995,-106.78388539999999,6837078.37
53500.0,-6.5176824,-106.807598,6837259.5
53520.0,-7.7960918999999995,-106.8310077,6837436.9
53540.0,-9.0744165,-106.8540519,6837610.5
53560.0,-10.352654399999999,-106.87666619999999,6837780.25
53580.0,-11.6308039,-106.8987847,6837946.100000001
53600.0,-12.9088631,-106.9203392,6838108.01
53620.0,-14.186830299999999,-106.9412593,6838265.93
53640.0,-15.4647036,-106.96147189999999,6838419.84
53660.0,-16.742481299999998,-106.98090049999999,6838569.71
53680.0,-18.020161299999998,-106.9994656,6838715.54
53700.0,-19.2977419,-107.01708339999999,6838857.29
53720.0,-20.575221,-107.03366589999999,6838994.98
53740.0,-21.8525966,-107.04912039999999,6839128.61
53760.0,-23.1298666,-107.06334849999999,6839258.18
53780.0,-24.4070288,-107.07624589999999,6839383.7
53800.0,-25.684081,-107.08770159999999,6839505.2
53820.0,-26.9610208,-107.097597,6839622.7
53840.0,-28.2378455,-107.1058053,6839736.22
53860.0,-29.514552499999997,-107.1121903,6839845.8100000005
53880.0,-30.7911389,-107.11660549999999,6839951.51
53900.0,-32.0676017,-107.11889289999999,6840053.34
53920.0,-33.3439374,-107.1188815,6840151.37
53940.0,-34.6201425,-107.1163857,6840245.65
53960.0,-35.896212999999996,-107.111204,6840336.22
53980.0,-37.172144599999996,-107.10311619999999,6840423.140000001
54000.0,-38.4479326,-107.091882,6840506.47
54020.0,-39.723571799999995,-107.07723759999999,6840586.28
54040.0,-40.9990564,-107.058893,6840662.63
54060.0,-42.2743799,-107.03652849999999,6840735.59
54080.0,-43.5495352,-107.00979009999999,6840805.22
54100.0,-44.8245144,-106.9782855,6840871.59
54120.0,-46.0993083,-106.9415777,6840934.79
54140.0,-47.373906899999994,-106.8991787,6840994.88
54160.0,-48.6482988,-106.85054149999999,6841051.94
54180.0,-49.9224708,-106.7950508,6841106.05
54200.0,-51.1964082,-106.7320118,6841157.29
54220.0,-52.4700941,-106.6606367,6841205.73
54240.0,-53.7435091,-106.5800283,6841251.45
54260.0,-55.0166307,-106.4891605,6841294.55
54280.0,-56.289432999999995,-106.3868536,6841335.08
54300.0,-57.5618859,-106.2717447,6841373.15
54320.0,-58.8339541,-106.14225049999999,6841408.8100000005
54340.0,-60.1055961,-105.99652019999999,6841442.17
54360.0,-61.376763,-105.83237749999999,6841473.29
54380.0,-62.647396199999996,-105.6472446,6841502.26
54400.0,-63.9174258,-105.4380458,6841529.140000001
54420.0,-65.1867673,-105.2010813,6841554.0200000005
54440.0,-66.4553174,-104.9318605,6841576.96
54460.0,-67.7229492,-104.6248801,6841598.03
54480.0,-68.98950479999999,-104.27332249999999,6841617.29
54500.0,-70.2547857,-103.86864059999999,6841634.82
54520.0,-71.51853849999999,-103.39997629999999,6841650.66
54540.0,-72.7804353,-102.853329,6841664.87
54560.0,-74.0400447,-102.21034189999999,6841677.51
54580.0,-75.2967874,-101.4464855,6841688.61
54600.0,-76.54986869999999,-100.5282637,6841698.24
54620.0,-77.7981693,-99.4087826,6841706.43
54640.0,-79.04006489999999,-98.02046969999999,6841713.23
54660.0,-80.27311069999999,-96.2626277,6841718.67
54680.0,-81.4934668,-93.979191,6841722.78
54700.0,-82.6947801,-90.91701499999999,6841725.61
54720.0,-83.8658616,-86.6439003,6841727.18
54740.0,-84.9854948,-80.38281719999999,6841727.51
54760.0,-86.0101387,-70.6952739,6841726.61
54780.0,-86.8458283,-55.138296800000006,6841724.5
54800.0,-87.3102688,-31.659808199999986,6841721.19
54820.0,-87.2113528,-4.8655570999999895,6841716.69
54840.0,-86.5978659,15.997729800000002,6841710.99
54860.0,-85.6839157,29.27670169999999,6841704.09
54880.0,-84.62051869999999,37.60517419999999,6841695.96
54900.0,-83.4803905,43.0860184,6841686.600000001
54920.0,-82.2975227,46.89157639999999,6841675.98
54940.0,-81.08891179999999,49.65774450000001,6841664.07
54960.0,-79.8637548,51.74409459999998,6841650.84
54980.0,-78.62739049999999,53.364957300000015,6841636.2700000005
55000.0,-77.3831055,54.65458189999998,6841620.33
55020.0,-76.1330243,55.7007873,6841602.97
55040.0,-74.8785767,56.56320160000001,6841584.16
55060.0,-73.6207581,57.283625,6841563.86
55080.0,-72.360282,57.892175899999984,6841542.01
55100.0,-71.0976723,58.41107729999999,6841518.57
55120.0,-69.8333221,58.8570699,6841493.49
55140.0,-68.5675317,59.24299579999999,6841466.7
55160.0,-67.3005345,59.578866000000005,6841438.15
55180.0,-66.0325144,59.872596999999985,6841407.78
55200.0,-64.7636179,60.13052920000001,6841375.53
55220.0,-63.493963599999994,60.3578,6841341.34
55240.0,-62.223647799999995,60.558615,6841305.16
55260.0,-60.952749999999995,60.7364503,6841266.91
55280.0,-59.681336099999996,60.89420329999999,6841226.53
55300.0,-58.409461,61.0343087,6841183.93
55320.0,-57.1371713,61.158827,6841139.0600000005
55340.0,-55.8645061,61.26951399999999,6841091.83
55360.0,-54.591499,61.367875,6841042.17
55380.0,-53.3181787,61.45520809999999,6840990.01
55400.0,-52.0445698,61.53263899999999,6840935.26
55420.0,-50.7706938,61.601148499999994,6840877.850000001
55440.0,-49.4965693,61.6615951,6840817.7
55460.0,-48.2222125,61.71473420000001,6840754.74
55480.0,-46.9476377,61.76123279999999,6840688.9
55500.0,-45.6728573,61.80168219999999,6840620.100000001
55520.0,-44.3978825,61.83660889999999,6840548.26
55540.0,-43.122723099999995,61.86648299999999,6840473.33
55560.0,-41.8473877,61.8917261,6840395.23
55580.0,-40.5718841,61.91271710000001,6840313.9
55600.0,-39.2962194,61.9297981,6840229.2700000005
55620.0,-38.0203996,61.94327849999999,6840141.29
55640.0,-36.7444306,61.953439300000014,6840049.88
55660.0,-35.4683174,61.96053599999999,6839954.99
55680.0,-34.192064699999996,61.96480220000001,6839856.57
55700.0,-32.9156768,61.96645139999998,6839754.5600000005
55720.0,-31.6391575,61.965679800000004,6839648.91
55740.0,-30.3625105,61.962667899999985,6839539.58
55760.0,-29.085739099999998,61.957582099999996,6839426.54
55780.0,-27.8088464,61.95057650000001,6839309.73
55800.0,-26.531835299999997,61.941794200000004,6839189.15
55820.0,-25.254708599999997,61.93136799999999,6839064.76
55840.0,-23.9774687,61.919422,6838936.53
55860.0,-22.7001182,61.90607209999999,6838804.46
55880.0,-21.4226592,61.8914269,6838668.5200000005
55900.0,-20.145094099999998,61.8755889,6838528.72
55920.0,-18.867425,61.85865419999999,6838385.05
55940.0,-17.5896539,61.840714100000014,6838237.5200000005
55960.0,-16.311783,61.821855,6838086.13
55980.0,-15.033814099999999,61.8021593,6837930.92
56000.0,-13.7557491,61.78170539999999,6837771.9
56020.0,-12.477590099999999,61.760568500000005,6837609.11
56040.0,-11.1993388,61.73882090000001,6837442.58
56060.0,-9.9209971,61.716532099999995,6837272.36
56080.0,-8.6425669,61.693769599999996,6837098.49
56100.0,-7.36405,61.6705987,6836921.04
56120.0,-6.0854482,61.6470832,6836740.07
56140.0,-4.8067633999999995,61.62328529999999,6836555.640000001
56160.0,-3.5279974999999997,61.59926630000001,6836367.84
56180.0,-2.2491523,61.5750864,6836176.74
56200.0,-0.9702297,61.5508054,6835982.44
56220.0,0.3087683,61.52648239999999,6835785.0200000005
56240.0,1.5878398,61.50217670000001,6835584.59
56260.0,2.8669827999999997,61.477947400000005,6835381.24
56280.0,4.1461953,61.45385400000001,6835175.09
56300.0,5.4254751,61.4299565,6834966.24
56320.0,6.7048201,61.40631589999998,6834754.82
56340.0,7.984228,61.38299380000001,6834540.95
56360.0,9.263696699999999,61.360053600000015,6834324.7700000005
56380.0,10.543223699999999,61.337559999999996,6834106.42
56400.0,11.8228067,61.31557960000001,6833886.04
56420.0,13.102443099999999,61.2941812,6833663.78
56440.0,14.3821304,61.273436000000004,6833439.79
56460.0,15.6618658,61.25341829999999,6833214.24
56480.0,16.9416467,61.23420519999999,6832987.29
56500.0,18.2214702,61.21587779999999,6832759.100000001
56520.0,19.5013331,61.198520900000005,6832529.86
56540.0,20.781232499999998,61.18222399999999,6832299.73
56560.0,22.0611651,61.167081499999995,6832068.9
56580.0,23.341127399999998,61.1531937,6831837.55
56600.0,24.6211159,61.140666899999985,6831605.87
56620.0,25.901126899999998,61.129614300000014,6831374.0600000005
56640.0,27.1811564,61.120157000000006,6831142.29
56660.0,28.461200299999998,61.112424799999985,6830910.78
56680.0,29.7412541,61.10655689999999,6830679.71
56700.0,31.021313,61.10270320000001,6830449.29
56720.0,32.301372199999996,61.10102599999999,6830219.74
56740.0,33.5814263,61.10170049999999,6829991.26
56760.0,34.8614695,61.10491719999999,6829764.07
56780.0,36.1414958,61.1108835,6829538.4
56800.0,37.4214987,61.1198258,6829314.47
56820.0,38.7014712,61.13199159999999,6829092.5200000005
56840.0,39.9814059,61.14765299999999,6828872.7700000005
56860.0,41.2612946,61.1671092,6828655.43
56880.0,42.5411285,61.1906908,6828440.74
56900.0,43.820898,61.21876370000001,6828228.890000001
56920.0,45.100592299999995,61.2517345,6828020.12
56940.0,46.3801998,61.29005619999998,6827814.640000001
56960.0,47.6597076,61.33423579999999,6827612.640000001
56980.0,48.939101199999996,61.384841800000004,6827414.350000001
57000.0,50.218364699999995,61.442515000000014,6827219.95
57020.0,51.497479999999996,61.5079801,6827029.66
57040.0,52.776426699999995,61.58206000000001,6826843.67
57060.0,54.0551819,61.66569319999999,6826662.16
57080.0,55.3337192,61.75995560000001,6826485.34
57100.0,56.6120088,61.866085999999996,6826313.390000001
57120.0,57.890015999999996,61.9855187,6826146.49
57140.0,59.167700599999996,62.11992379999998,6825984.82
57160.0,60.4450161,62.2712578,6825828.5600000005
57180.0,61.7219073,62.44182810000001,6825677.890000001
57200.0,62.9983091,62.6343746,6825532.97
57220.0,64.27414399999999,62.852176799999995,6825393.95
57240.0,65.5493182,63.09919289999999,6825261.01
57260.0,66.82371789999999,63.38024439999998,6825134.28
57280.0,68.097203,63.7012641,6825013.91
57300.0,69.3695994,64.0696346,6824900.04
57320.0,70.64068759999999,64.49465700000002,6824792.8100000005
57340.0,71.9101871,64.98821329999998,6824692.33
57360.0,73.1777335,65.56571969999999,6824598.72
57380.0,74.4428447,66.24753279999999,6824512.09
57400.0,75.70486939999999,67.06107500000002,6824432.54
57420.0,76.96290669999999,68.04414129999998,6824360.17
57440.0,78.2156746,69.25021620000001,6824295.04
57460.0,79.4612894,70.75734109999999,6824237.24
57480.0,80.69687259999999,72.6835375,6824186.83
57500.0,81.91781759999999,75.2149025,6824143.86
57520.0,83.1163266,78.6593679,6824108.390000001
57540.0,84.2782788,83.55421580000001,6824080.45
57560.0,85.37602869999999,90.88359530000002,6824060.07
57580.0,86.35115979999999,102.46076470000003,6824047.28
57600.0,87.07820629999999,121.01938810000001,6824042.100000001
57620.0,87.3448837,146.98578559999999,6824044.54
57640.0,87.02471609999999,172.45012780000002,6824054.600000001
57660.0,86.2657169,-169.7705139,6824072.28
57680.0,85.2748256,-158.710083,6824097.54
57700.0,84.16909299999999,-151.6761602,6824130.390000001
57720.0,83.0027564,-146.9536272,6824170.7700000005
57740.0,81.801645,-143.6152046,6824218.66
57760.0,80.5790545,-141.1527142,6824274.0
57780.0,79.34237879999999,-139.2734015,6824336.74
57800.0,78.0960115,-137.7994749,6824406.83
57820.0,76.842711,-136.6176963,6824484.19
57840.0,75.58429009999999,-135.6529109,6824568.73
57860.0,74.3219862,-134.8534507,6824660.37
57880.0,73.0566717,-134.1827051,6824759.01
57900.0,71.7889788,-133.6140495,6824864.54
57920.0,70.5193762,-133.1276789,6824976.850000001
57940.0,69.24821899999999,-132.7085682,6825095.79
57960.0,67.975781,-132.3451188,6825221.25
57980.0,66.70227659999999,-132.02823859999998,6825353.08
58000.0,65.4278762,-131.750702,6825491.13
58020.0,64.152717,-131.5066955,6825635.24
58040.0,62.876910699999996,-131.2914902,6825785.25
58060.0,61.6005493,-131.1012,6825941.0
58080.0,60.323708999999994,-130.9326025,6826102.32
58100.0,59.046453899999996,-130.7830033,6826269.04
58120.0,57.768838099999996,-130.6501319,6826440.98
58140.0,56.4909075,-130.53206169999999,6826617.96
58160.0,55.2127017,-130.42714709999998,6826799.8100000005
58180.0,53.9342547,-130.33397399999998,6826986.32
58200.0,52.6555961,-130.2513204,6827177.33
58220.0,51.3767518,-130.17812469999998,6827372.62
58240.0,50.097744399999996,-130.1134602,6827572.0
58260.0,48.818593899999996,-130.056514,6827775.28
58280.0,47.539318099999996,-130.0065701,6827982.26
58300.0,46.259932899999995,-129.9629952,6828192.71
58320.0,44.9804524,-129.92522689999998,6828406.44
58340.0,43.700889499999995,-129.892764,6828623.23
58360.0,42.421255599999995,-129.865158,6828842.87
58380.0,41.1415613,-129.8420066,6829065.140000001
58400.0,39.8618161,-129.8229474,6829289.83
58420.0,38.5820286,-129.8076532,6829516.72
58440.0,37.302206999999996,-129.7958275,6829745.59
58460.0,36.022358499999996,-129.7872007,6829976.24
58480.0,34.74249,-129.78152749999998,6830208.43
58500.0,33.4626077,-129.7785834,6830441.96
58520.0,32.182717499999995,-129.7781628,6830676.59
58540.0,30.9028249,-129.78007689999998,6830912.12
58560.0,29.622935,-129.7841516,6831148.33
58580.0,28.3430526,-129.790226,6831385.01
58600.0,27.0631822,-129.7981514,6831621.94
58620.0,25.7833282,-129.8077893,6831858.91
58640.0,24.5034946,-129.81901109999998,6832095.73
58660.0,23.223685099999997,-129.8316964,6832332.19
58680.0,21.9439034,-129.8457328,6832568.09
58700.0,20.664153,-129.86101449999998,6832803.23
58720.0,19.3844371,-129.8774421,6833037.43
58740.0,18.104758999999998,-129.89492149999998,6833270.49
58760.0,16.8251216,-129.9133639,6833502.24
58780.0,15.545527799999999,-129.9326848,6833732.49
58800.0,14.265980299999999,-129.95280359999998,6833961.08
58820.0,12.9864819,-129.9736434,6834187.83
58840.0,11.707035099999999,-129.9951304,6834412.57
58860.0,10.4276425,-130.0171937,6834635.15
58880.0,9.1483063,-130.0397647,6834855.41
58900.0,7.8690289,-130.06277699999998,6835073.19
58920.0,6.5898126999999995,-130.0861659,6835288.37
58940.0,5.3106598,-130.1098685,6835500.79
58960.0,4.0315723,-130.1338231,6835710.33
58980.0,2.7525523,-130.1579688,6835916.86
59000.0,1.4736019999999999,-130.18224569999998,6836120.25
59020.0,0.19472319999999999,-130.2065944,6836320.41
59040.0,-1.084082,-130.2309558,6836517.23
59060.0,-2.3628115999999997,-130.2552708,6836710.59
59080.0,-3.6414638999999998,-130.27948,6836900.43
59100.0,-4.9200368999999995,-130.3035239,6837086.65
59120.0,-6.1985288999999995,-130.32734209999998,6837269.18
59140.0,-7.476937899999999,-130.3508732,6837447.94
59160.0,-8.755262199999999,-130.374055,6837622.88
59180.0,-10.0335,-130.3968236,6837793.94
59200.0,-11.311649599999999,-130.4191134,6837961.08
59220.0,-12.589709099999999,-130.4408569,6838124.24
59240.0,-13.8676769,-130.4619844,6838283.390000001
59260.0,-15.145551,-130.4824233,6838438.51
59280.0,-16.4233297,-130.5020983,6838589.57
59300.0,-17.7010111,-130.5209305,6838736.5600000005
59320.0,-18.978593399999998,-130.5388374,6838879.45
59340.0,-20.2560747,-130.5557322,6839018.26
59360.0,-21.5334529,-130.5715234,6839152.98
59380.0,-22.8107261,-130.5861141,6839283.61
59400.0,-24.087892099999998,-130.59940179999998,6839410.16
59420.0,-25.364948599999998,-130.6112772,6839532.66
59440.0,-26.641893399999997,-130.62162379999998,6839651.12
59460.0,-27.9187239,-130.63031709999998,6839765.58
59480.0,-29.195437499999997,-130.6372233,6839876.0600000005
59500.0,-30.4720314,-130.64219889999998,6839982.59
59520.0,-31.7485027,-130.6450888,6840085.23
59540.0,-33.0248479,-130.6457256,6840184.0
59560.0,-34.3010637,-130.6439278,6840278.96
59580.0,-35.5771461,-130.639498,6840370.16
59600.0,-36.853091,-130.63222109999998,6840457.65
59620.0,-38.1288937,-130.6218623,6840541.49
59640.0,-39.4045492,-130.608164,6840621.75
59660.0,-40.6800518,-130.59084339999998,6840698.48
59680.0,-41.9553953,-130.5695887,6840771.7700000005
59700.0,-43.2305728,-130.5440553,6840841.66
59720.0,-44.5055765,-130.51386109999999,6840908.25
59740.0,-45.780397699999995,-130.47858109999999,6840971.59
59760.0,-47.0550266,-130.4377412,6841031.7700000005
59780.0,-48.3294521,-130.3908103,6841088.86
59800.0,-49.603661699999996,-130.3371915,6841142.94
59820.0,-50.8776412,-130.2762117,6841194.08
59840.0,-52.151374,-130.2071081,6841242.37
59860.0,-53.424841699999995,-130.1290134,6841287.88
59880.0,-54.6980225,-130.0409364,6841330.69
59900.0,-55.970891599999995,-129.9417393,6841370.890000001
59920.0,-57.24342,-129.8301091,6841408.55
59940.0,-58.5155737,-129.7045228,6841443.75
59960.0,-59.7873132,-129.5632028,6841476.58
59980.0,-61.0585914,-129.4040621,6841507.11
60000.0,-62.3293525,-129.2246333,6841535.44
60020.0,-63.599529999999994,-129.0219778,6841561.63
60040.0,-64.8690432,-128.7925685,6841585.7700000005
60060.0,-66.1377942,-128.5321341,6841607.92
60080.0,-67.4056629,-128.2354531,6841628.17
60100.0,-68.6725001,-127.8960752,6841646.57
60120.0,-69.9381188,-127.5059388,6841663.2
60140.0,-71.20228139999999,-127.0548377,6841678.11
60160.0,-72.4646815,-126.5296631,6841691.37
60180.0,-73.7249174,-125.9133025,6841703.0200000005
60200.0,-74.9824529,-125.1830023,6841713.13
60220.0,-76.2365567,-124.3078681,6841721.72
60240.0,-77.4862055,-123.2449312,6841728.86
60260.0,-78.7299261,-121.93274489999999,6841734.57
60280.0,-79.9655229,-120.2805499,6841738.91
60300.0,-81.1895861,-118.1491313,6841741.9
60320.0,-82.39655239999999,-115.31535459999999,6841743.57
60340.0,-83.5767855,-111.40321879999999,6841743.96
60360.0,-84.7123627,-105.7448465,6841743.08
60380.0,-85.7671976,-97.10633729999999,6841740.95
60400.0,-86.6638104,-83.2952878,6841737.59
60420.0,-87.24324179999999,-61.7544774,6841733.0
60440.0,-87.2934751,-34.8266136,6841727.19
60460.0,-86.7895698,-11.952983100000012,6841720.17
60480.0,-85.93250549999999,3.013245000000012,6841711.92
60500.0,-84.89722739999999,12.339566999999988,6841702.45
60520.0,-83.7719765,18.3926314,6841691.73
60540.0,-82.5976637,22.541283399999998,6841679.75
60560.0,-81.39434279999999,25.524811599999992,6841666.49
60580.0,-80.1726563,27.755948499999988,6841651.91
60600.0,-78.9386801,29.477457500000014,6841635.99
60620.0,-77.69610349999999,30.839587599999987,6841618.7
60640.0,-76.44728409999999,31.9396122,6841599.99
60660.0,-75.19379359999999,32.8429965,6841579.83
60680.0,-73.9367177,33.59528610000001,6841558.17
60700.0,-72.676829,34.229084,6841534.97
60720.0,-71.4146919,34.768310799999995,6841510.19
60740.0,-70.1507275,35.230896900000005,6841483.78
60760.0,-68.88525609999999,35.630537000000004,6841455.69
60780.0,-67.61852569999999,35.97786589999998,6841425.87
60800.0,-66.3507309,36.281264300000004,6841394.26
60820.0,-65.0820264,36.54742379999999,6841360.8100000005
60840.0,-63.8125369,36.781751299999996,6841325.45
60860.0,-62.542363699999996,36.98866179999999,6841288.12
60880.0,-61.271589999999996,37.171796099999995,6841248.75
60900.0,-60.0002846,37.33418259999999,6841207.28
60920.0,-58.7285051,37.478361199999995,6841163.62
60940.0,-57.4562998,37.6064777,6841117.7
60960.0,-56.1837095,37.720357500000006,6841069.45
60980.0,-54.910769099999996,37.821563200000014,6841018.79
61000.0,-53.6375083,37.911440700000014,6840965.640000001
61020.0,-52.3639527,37.99115499999999,6840909.93
61040.0,-51.090124499999995,38.06172029999999,6840851.58
61060.0,-49.816043,38.12402349999999,6840790.51
61080.0,-48.5417248,38.178843700000016,6840726.640000001
61100.0,-47.267184799999995,38.22686820000001,6840659.92
61120.0,-45.9924356,38.26870600000001,6840590.26
61140.0,-44.7174889,38.30489840000001,6840517.59
61160.0,-43.442354599999994,38.335928800000005,6840441.83
61180.0,-42.1670417,38.36223000000001,6840362.93
61200.0,-40.8915583,38.3841908,6840280.8100000005
61220.0,-39.615911499999996,38.40216169999999,6840195.41
61240.0,-38.3401078,38.41645990000001,6840106.69
61260.0,-37.064152899999996,38.427372899999995,6840014.58
61280.0,-35.788052199999996,38.43516199999999,6839919.0200000005
61300.0,-34.5118103,38.44006590000001,6839819.98
61320.0,-33.2354316,38.44230279999999,6839717.390000001
61340.0,-31.958920199999998,38.442072800000005,6839611.22
61360.0,-30.6822797,38.439560099999994,6839501.42
61380.0,-29.4055134,38.43493430000001,6839387.95
61400.0,-28.1286246,38.4283523,6839270.79
61420.0,-26.8516163,38.419959800000015,6839149.890000001
61440.0,-25.574491,38.40989189999999,6839025.24
61460.0,-24.2972516,38.3982747,6838896.8100000005
61480.0,-23.019900399999997,38.38522610000001,6838764.59
61500.0,-21.7424397,38.37085640000001,6838628.57
61520.0,-20.464872,38.3552693,6838488.73
61540.0,-19.1871992,38.33856270000001,6838345.09
61560.0,-17.9094236,38.320828800000015,6838197.65
61580.0,-16.631546999999998,38.30215529999998,6838046.41
61600.0,-15.353571599999999,38.2826254,6837891.4
61620.0,-14.0754991,38.2623184,6837732.640000001
61640.0,-12.7973315,38.24131030000001,6837570.140000001
61660.0,-11.5190706,38.219674,6837403.96
61680.0,-10.240718399999999,38.1974797,6837234.11
61700.0,-8.9622765,38.1747953,6837060.66
61720.0,-7.683746999999999,38.1516867,6836883.640000001
61740.0,-6.4051314999999995,38.128217800000016,6836703.11
61760.0,-5.126431999999999,38.104451299999994,6836519.13
61780.0,-3.8476504,38.08044860000001,6836331.7700000005
61800.0,-2.5687884,38.0562702,6836141.100000001
61820.0,-1.2898479999999999,38.03197589999999,6835947.2
61840.0,-0.0108313,38.00762499999999,6835750.15
61860.0,1.26826,37.98327660000001,6835550.05
61880.0,2.5474235999999997,37.958989900000006,6835347.01
61900.0,3.8266576,37.9348243,6835141.11
61920.0,5.105959899999999,37.9108396,6834932.48
61940.0,6.385328299999999,37.88709639999999,6834721.24
61960.0,7.664760599999999,37.86365649999999,6834507.5
61980.0,8.944254599999999,37.84058249999998,6834291.390000001
62000.0,10.2238078,37.8179389,6834073.05
62020.0,11.503417899999999,37.79579179999999,6833852.62
62040.0,12.783082199999999,37.77420939999999,6833630.24
62060.0,14.062798299999999,37.753262199999995,6833406.08
62080.0,15.3425634,37.73302369999999,6833180.28
62100.0,16.6223748,37.71357019999999,6832953.03
62120.0,17.9022296,37.694981600000006,6832724.48
62140.0,19.1821248,37.677341799999994,6832494.8100000005
62160.0,20.4620574,37.66073900000001,6832264.21
62180.0,21.742024,37.6452664,6832032.850000001
62200.0,23.0220213,37.6310225,6831800.92
62220.0,24.3020458,37.618111999999996,6831568.62
62240.0,25.582093699999998,37.60664639999999,6831336.140000001
62260.0,26.8621612,37.596744599999994,6831103.67
62280.0,28.1422442,37.588534100000004,6830871.42
62300.0,29.4223383,37.58215150000001,6830639.59
62320.0,30.702438899999997,37.577743999999996,6830408.390000001
62340.0,31.982541299999998,37.57547059999999,6830178.0200000005
62360.0,33.2626403,37.575503,6829948.7
62380.0,34.542730399999996,37.5780278,6829720.640000001
62400.0,35.822805699999996,37.5832479,6829494.04
62420.0,37.1028598,37.5913846,6829269.12
62440.0,38.382886,37.6026799,6829046.09
62460.0,39.6628768,37.61739940000001,6828825.15
62480.0,40.942824,37.635834999999986,6828606.53
62500.0,42.222718799999996,37.658309,6828390.46
62520.0,43.5025519,37.685177899999985,6828177.15
62540.0,44.7823127,37.7168375,6827966.84
62560.0,46.0619898,37.75372859999999,6827759.75
62580.0,47.3415707,37.796343500000006,6827556.100000001
62600.0,48.6210412,37.845234500000004,6827356.08
62620.0,49.900385899999996,37.9010231,6827159.93
62640.0,51.1795871,37.964411600000005,6826967.84
62660.0,52.4586252,38.0361968,6826780.0200000005
62680.0,53.737477899999995,38.11728640000001,6826596.66
62700.0,55.0161199,38.20871940000001,6826417.96
62720.0,56.294522099999995,38.311691199999984,6826244.12
62740.0,57.5726513,38.4275835,6826075.32
62760.0,58.850468799999994,38.5580032,6825911.74
62780.0,60.1279298,38.704829700000005,6825753.5600000005
62800.0,61.4049814,38.8702753,6825600.96
62820.0,62.6815614,39.05696280000001,6825454.09
62840.0,63.9575955,39.268025300000005,6825313.140000001
62860.0,65.2329945,39.507235699999995,6825178.24
62880.0,66.50765009999999,39.77917930000001,6825049.5600000005
62900.0,67.7814295,40.089483599999994,6824927.24
62920.0,69.05416799999999,40.44513119999999,6824811.41
62940.0,70.3256588,40.8548912,6824702.21
62960.0,71.5956386,41.329926,6824599.7700000005
62980.0,72.86376659999999,41.88466030000001,6824504.21
63000.0,74.1295943,42.5380552,6824415.640000001
63020.0,75.392519,43.315520899999996,6824334.16
63040.0,76.651712,44.2518719,6824259.850000001
63060.0,77.90600289999999,45.396036699999996,6824192.82
63080.0,79.1536864,46.81884049999999,6824133.13
63100.0,80.3921834,48.626395099999996,6824080.84
63120.0,81.61741669999999,50.98420619999999,6824036.03
63140.0,82.82258589999999,54.162749700000006,6823998.73
63160.0,83.9955933,58.62776969999999,6823968.99
63180.0,85.1132195,65.22368209999999,6823946.850000001
63200.0,86.12721409999999,75.5182658,6823932.33
63220.0,86.9330059,92.1024572,6823925.47
63240.0,87.3345593,116.63737559999998,6823926.26
63260.0,87.1552114,143.23860630000001,6823934.72
63280.0,86.4827317,163.05696139999998,6823950.84
63300.0,85.53462209999999,175.5061245,6823974.61
63320.0,84.4504011,-176.6650982,6824006.0
63340.0,83.2957878,-171.4812964,6824044.99
63360.0,82.101597,-167.86062819999998,6824091.54
63380.0,80.88337279999999,-165.2157822,6824145.600000001
63400.0,79.6496023,-163.2129117,6824207.12
63420.0,78.4052518,-161.6518496,6824276.04
63440.0,77.1533999,-160.40653179999998,6824352.28
63460.0,75.89604849999999,-159.3940951,6824435.75
63480.0,74.6345522,-158.5580396,6824526.390000001
63500.0,73.3698589,-157.8586139,6824624.08
63520.0,72.1026507,-157.2670849,6824728.72
63540.0,70.8334313,-156.7621926,6824840.21
63560.0,69.5625797,-156.32788299999999,6824958.4
63580.0,68.2903874,-155.95181399999998,6825083.18
63600.0,67.0170815,-155.62434589999998,6825214.390000001
63620.0,65.7428422,-155.33784269999998,6825351.9
63640.0,64.4678138,-155.08617909999998,6825495.54
63660.0,63.1921137,-154.8643852,6825645.16
63680.0,61.915838199999996,-154.66838719999998,6825800.59
63700.0,60.639067,-154.4948143,6825961.67
63720.0,59.361866899999995,-154.3408534,6826128.22
63740.0,58.084294099999994,-154.2041389,6826300.0600000005
63760.0,56.8063966,-154.0826664,6826477.01
63780.0,55.5282153,-153.97472679999998,6826658.88
63800.0,54.2497854,-153.87885359999999,6826845.48
63820.0,52.9711375,-153.7937811,6827036.63
63840.0,51.6922984,-153.7184112,6827232.12
63860.0,50.4132915,-153.6517864,6827431.76
63880.0,49.134137499999994,-153.5930679,6827635.33
63900.0,47.854854499999995,-153.5415175,6827842.66
63920.0,46.575459099999996,-153.4964829,6828053.51
63940.0,45.295965599999995,-153.4573855,6828267.7
63960.0,44.0163872,-153.4237099,6828485.0200000005
63980.0,42.7367357,-153.3949956,6828705.24
64000.0,41.4570218,-153.37082949999999,6828928.17
64020.0,40.1772553,-153.3508402,6829153.57
64040.0,38.897444899999996,-153.33469209999998,6829381.24
64060.0,37.617598799999996,-153.32208169999998,6829610.96
64080.0,36.3377246,-153.3127332,6829842.51
64100.0,35.0578291,-153.30639549999998,6830075.66
64120.0,33.7779186,-153.3028395,6830310.2
64140.0,32.497999199999995,-153.301855,6830545.91
64160.0,31.218076399999998,-153.3032494,6830782.5600000005
64180.0,29.9381554,-153.30684499999998,6831019.94
64200.0,28.658241099999998,-153.3124781,6831257.83
64220.0,27.378338,-153.3199969,6831496.0200000005
64240.0,26.098450399999997,-153.3292608,6831734.29
64260.0,24.818582499999998,-153.34013869999998,6831972.43
64280.0,23.538738199999997,-153.3525085,6832210.23
64300.0,22.2589211,-153.3662558,6832447.49
64320.0,20.9791349,-153.3812734,6832684.0200000005
64340.0,19.699382699999997,-153.3974604,6832919.62
64360.0,18.4196679,-153.41472149999998,6833154.09
64380.0,17.1399936,-153.4329665,6833387.2700000005
64400.0,15.860362599999998,-153.4521101,6833618.96
64420.0,14.580777699999999,-153.4720707,6833849.01
64440.0,13.3012418,-153.4927706,6834077.23
64460.0,12.0217572,-153.5141352,6834303.47
64480.0,10.7423266,-153.536093,6834527.57
64500.0,9.4629523,-153.5585748,6834749.350000001
64520.0,8.1836368,-153.5815137,6834968.69
64540.0,6.9043822,-153.6048449,6835185.42
64560.0,5.6251907,-153.6285049,6835399.41
64580.0,4.3460646999999994,-153.6524317,6835610.53
64600.0,3.0670062,-153.6765644,6835818.65
64620.0,1.7880171999999999,-153.7008428,6836023.65
64640.0,0.5090998,-153.72520749999998,6836225.41
64660.0,-0.7697440999999999,-153.7495994,6836423.84
64680.0,-2.0485124,-153.77395919999998,6836618.83
64700.0,-3.3272033,-153.798228,6836810.3100000005
64720.0,-4.6058148999999995,-153.8223461,6836998.17
64740.0,-5.8843454,-153.8462535,6837182.36
64760.0,-7.162793,-153.8698892,6837362.8
64780.0,-8.441155799999999,-153.893191,6837539.43
64800.0,-9.7194322,-153.9160958,6837712.2
64820.0,-10.9976203,-153.9385383,6837881.0600000005
64840.0,-12.275718399999999,-153.9604517,6838045.96
64860.0,-13.5537248,-153.9817668,6838206.87
64880.0,-14.8316377,-154.0024119,6838363.76
64900.0,-16.1094553,-154.0223124,6838516.600000001
64920.0,-17.387175799999998,-154.04139039999998,6838665.36
64940.0,-18.6647973,-154.0595645,6838810.04
64960.0,-19.9423179,-154.0767488,6838950.63
64980.0,-21.219735699999998,-154.0928533,6839087.12
65000.0,-22.4970486,-154.10778249999998,6839219.53
65020.0,-23.774254499999998,-154.1214353,6839347.850000001
65040.0,-25.0513512,-154.1337043,6839472.12
65060.0,-26.328336399999998,-154.14447479999998,6839592.34
65080.0,-27.605207699999998,-154.1536245,6839708.54
65100.0,-28.8819625,-154.161022,6839820.75
65120.0,-30.1585981,-154.1665263,6839929.0
65140.0,-31.4351113,-154.1699855,6840033.34
65160.0,-32.7114992,-154.1712354,6840133.79
65180.0,-33.9877581,-154.170098,6840230.42
65200.0,-35.263884399999995,-154.1663803,6840323.25
65220.0,-36.539873899999996,-154.15987189999998,6840412.36
65240.0,-37.815722099999995,-154.150343,6840497.8
65260.0,-39.0914241,-154.1375421,6840579.62
65280.0,-40.3669744,-154.1211931,6840657.9
65300.0,-41.6423668,-154.10099169999998,6840732.69
65320.0,-42.917594699999995,-154.07660199999998,6840804.0600000005
65340.0,-44.1926504,-154.04765179999998,6840872.09
65360.0,-45.467525599999995,-154.0137274,6840936.86
65380.0,-46.7422107,-153.9743676,6840998.43
65400.0,-48.016695,-153.92905639999998,6841056.88
65420.0,-49.2909663,-153.8772143,6841112.3100000005
65440.0,-50.565010799999996,-153.81818819999998,6841164.7700000005
65460.0,-51.8388128,-153.75123929999998,6841214.36
65480.0,-53.1123543,-153.6755277,6841261.16
65500.0,-54.3856143,-153.5900953,6841305.24
65520.0,-55.658569,-153.4938432,6841346.69
65540.0,-56.9311905,-153.3855051,6841385.58
65560.0,-58.203446199999995,-153.2636139,6841422.01
65580.0,-59.475298099999996,-153.1264602,6841456.03
65600.0,-60.746701099999996,-152.9720399,6841487.75
65620.0,-62.017602,-152.7979877,6841517.23
65640.0,-63.2879369,-152.6014922,6841544.5600000005
65660.0,-64.5576292,-152.3791851,6841569.82
65680.0,-65.8265856,-152.1269969,6841593.07
65700.0,-67.0946921,-151.8399648,6841614.4
65720.0,-68.3618077,-151.5119741,6841633.88
65740.0,-69.6277557,-151.1354053,6841651.58
65760.0,-70.8923128,-150.7006438,6841667.57
65780.0,-72.1551916,-150.19538609999998,6841681.9
65800.0,-73.4160176,-149.6036371,6841694.65
65820.0,-74.6742927,-148.9042297,6841705.84
65840.0,-75.9293414,-148.06857789999998,6841715.55
65860.0,-77.180225,-147.0571695,6841723.8
65880.0,-78.4256017,-145.8139053,6841730.63
65900.0,-79.6634897,-144.25661549999998,6841736.08
65920.0,-80.8908446,-142.26048699999998,6841740.18
65940.0,-82.1027627,-139.6277201,6841742.96
65960.0,-83.2908825,-136.0292019,6841744.45
65980.0,-84.4399354,-130.8876256,6841744.66
66000.0,-85.5197701,-123.14297149999999,6841743.61
66020.0,-86.4663575,-110.863147,6841741.3100000005
66040.0,-87.14399,-91.3331833,6841737.76
66060.0,-87.3386206,-64.9569956,6841732.98
66080.0,-86.9561403,-40.3261598,6841726.96
66100.0,-86.1655182,-23.533905300000015,6841719.71
66120.0,-85.16290359999999,-13.084055400000011,6841711.22
66140.0,-84.05458899999999,-6.389407900000009,6841701.48
66160.0,-82.8898255,-1.8611128999999949,6841690.47
66180.0,-81.6923152,1.3597383000000036,6841678.18
66200.0,-80.4743927,3.7471320999999875,6841664.57
66220.0,-79.2429816,5.576208199999996,6841649.63
66240.0,-78.0022267,7.015203500000013,6841633.3100000005
66260.0,-76.754746,8.171897599999994,6841615.59
66280.0,-75.5022676,9.118176000000005,6841596.42
66300.0,-74.24597589999999,9.903666299999998,6841575.76
66320.0,-72.9867077,10.56365919999999,6841553.55
66340.0,-71.7250707,11.123898499999996,6841529.76
66360.0,-70.4615159,11.603584699999999,6841504.33
66380.0,-69.1963852,12.017318700000004,6841477.23
66400.0,-67.9299418,12.37639440000001,6841448.4
66420.0,-66.6623919,12.689681500000006,6841417.78
66440.0,-65.3938986,12.964240100000012,6841385.33
66460.0,-64.12459319999999,13.205758599999996,6841350.97
66480.0,-62.854582099999995,13.418870700000014,6841314.65
66500.0,-61.583952399999994,13.60738839999999,6841276.29
66520.0,-60.3127761,13.774476099999987,6841235.83
66540.0,-59.0411133,13.922782500000011,6841193.2
66560.0,-57.769014299999995,14.054541300000011,6841148.33
66580.0,-56.496521599999994,14.171649800000012,6841101.15
66600.0,-55.2236712,14.275729500000011,6841051.57
66620.0,-53.9504941,14.368175000000008,6840999.54
66640.0,-52.6770168,14.45019210000001,6840944.96
66660.0,-51.4032621,14.52282919999999,6840887.76
66680.0,-50.1292501,14.587001799999996,6840827.86
66700.0,-48.854997999999995,14.643513500000012,6840765.19
66720.0,-47.580520899999996,14.693072400000005,6840699.69
66740.0,-46.305832099999996,14.736305399999992,6840631.2700000005
66760.0,-45.0309433,14.77376910000001,6840559.87
66780.0,-43.7558649,14.805960099999993,6840485.42
66800.0,-42.4806059,14.833322600000002,6840407.84
66820.0,-41.2051747,14.856255400000009,6840327.07
66840.0,-39.9295785,14.875117999999986,6840243.04
66860.0,-38.6538239,14.890234899999996,6840155.69
66880.0,-37.3779168,14.901900399999988,6840064.95
66900.0,-36.101862499999996,14.910381999999998,6839970.78
66920.0,-34.8256659,14.915923599999985,6839873.11
66940.0,-33.5493313,14.918747999999994,6839771.88
66960.0,-32.2728629,14.919059400000009,6839667.05
66980.0,-30.9962643,14.917045800000011,6839558.5600000005
67000.0,-29.7195389,14.912880000000001,6839446.37
67020.0,-28.4426901,14.906722099999996,6839330.44
67040.0,-27.165720699999998,14.898720099999991,6839210.73
67060.0,-25.888633499999997,14.889011600000003,6839087.2
67080.0,-24.6114312,14.877724699999987,6838959.84
67100.0,-23.3341164,14.864979199999993,6838828.62
67120.0,-22.0566912,14.850887,6838693.5200000005
67140.0,-20.7791581,14.835553500000003,6838554.54
67160.0,-19.5015192,14.819077700000008,6838411.67
67180.0,-18.2237766,14.801553100000007,6838264.91
67200.0,-16.9459323,14.78306839999999,6838114.28
67220.0,-15.6679882,14.763707799999992,6837959.79
67240.0,-14.3899464,14.74355159999999,6837801.45
67260.0,-13.1118086,14.722676400000012,6837639.3
67280.0,-11.8335768,14.701155900000003,6837473.350000001
67300.0,-10.5552528,14.679060899999996,6837303.65
67320.0,-9.2768386,14.6564597,6837130.24
67340.0,-7.998335999999999,14.633418599999999,6836953.18
67360.0,-6.7197469,14.610002100000003,6836772.54
67380.0,-5.4410731,14.586273000000006,6836588.390000001
67400.0,-4.1623164,14.562292899999989,6836400.79
67420.0,-2.8834787,14.538122600000008,6836209.83
67440.0,-1.6045618,14.51382190000001,6836015.600000001
67460.0,-0.32556769999999996,14.489450099999999,6835818.18
67480.0,0.9535018,14.46506629999999,6835617.67
67500.0,2.2326446,14.440729599999997,6835414.17
67520.0,3.5118587999999997,14.416499299999998,6835207.7700000005
67540.0,4.7911421999999995,14.3924351,6834998.59
67560.0,6.0704927,14.368597300000005,6834786.73
67580.0,7.3499080999999995,14.34504720000001,6834572.33
67600.0,8.6293861,14.321847300000002,6834355.5
67620.0,9.908924299999999,14.299061599999987,6834136.4
67640.0,11.1885202,14.276755699999995,6833915.16
67660.0,12.468171499999999,14.254997099999997,6833691.94
67680.0,13.747875599999999,14.233855900000009,6833466.890000001
67700.0,15.0276298,14.213404700000012,6833240.17
67720.0,16.307431299999998,14.19371910000001,6833011.95
67740.0,17.5872775,14.174878000000007,6832782.4
67760.0,18.867165399999998,14.156964399999993,6832551.69
67780.0,20.1470918,14.14006520000001,6832320.0
67800.0,21.4270537,14.124272399999995,6832087.51
67820.0,22.7070476,14.10968299999999,6831854.41
67840.0,23.98707,14.096400200000005,6831620.88
67860.0,25.2671173,14.084533700000009,6831387.12
67880.0,26.5471856,14.07420049999999,6831153.33
67900.0,27.8272709,14.065525699999995,6830919.71
67920.0,29.1073688,14.05864360000001,6830686.46
67940.0,30.387475,14.053698700000012,6830453.8100000005
67960.0,31.6675845,14.050846799999988,6830221.94
67980.0,32.9476924,14.050256399999995,6829991.09
68000.0,34.2277932,14.052110099999993,6829761.46
68020.0,35.5078812,14.056606399999993,6829533.2700000005
68040.0,36.787950099999996,14.06396190000001,6829306.72
68060.0,38.0679934,14.074413099999987,6829082.03
68080.0,39.3480038,14.088219400000014,6828859.42
68100.0,40.627973399999995,14.105666100000008,6828639.08
68120.0,41.907893699999995,14.127067299999993,6828421.24
68140.0,43.1877553,14.152770799999985,6828206.12
68160.0,44.467548199999996,14.183161899999988,6827993.92
68180.0,45.747260999999995,14.218669799999986,6827784.86
68200.0,47.026881499999995,14.259773200000012,6827579.16
68220.0,48.3063959,14.307008800000006,6827377.03
68240.0,49.585789,14.360979700000001,6827178.66
68260.0,50.8650436,14.422367000000008,6826984.29
68280.0,52.144140699999994,14.491942300000005,6826794.11
68300.0,53.4230586,14.57058409999999,6826608.33
68320.0,54.7017728,14.65929650000001,6826427.16
68340.0,55.980255299999996,14.759233300000005,6826250.79
68360.0,57.258474,14.87172670000001,6826079.42
68380.0,58.536391699999996,14.99832330000001,6825913.23
68400.0,59.8139652,15.140829800000006,6825752.41
68420.0,61.0911439,15.301369300000005,6825597.13
68440.0,62.367868099999995,15.482454600000011,6825447.57
68460.0,63.6440669,15.6870811,6825303.87
68480.0,64.9196551,15.918849200000011,6825166.21
68500.0,66.1945296,16.182124200000004,6825034.72
68520.0,67.46856439999999,16.482249999999993,6824909.55
68540.0,68.7416035,16.825839299999984,6824790.84
68560.0,70.01345189999999,17.22117080000001,6824678.72
68580.0,71.2838618,17.67874660000001,6824573.3100000005
68600.0,72.5525141,18.212085599999995,6824474.72
68620.0,73.8189908,18.8388808,6824383.07
68640.0,75.0827326,19.582725399999987,6824298.47
68660.0,76.34297579999999,20.475760699999995,6824221.0
68680.0,77.5986487,21.562862199999984,6824150.76
68700.0,78.84820289999999,22.908493599999986,6824087.83
68720.0,80.0893188,24.608377399999995,6824032.29
68740.0,81.3183723,26.81026779999999,6823984.21
68760.0,82.5294029,29.752752499999986,6823943.63
68780.0,83.7119841,33.84132579999999,6823910.600000001
68800.0,84.84648949999999,39.80268330000001,6823885.18
68820.0,85.8928803,48.98653279999999,6823867.4
68840.0,86.7645017,63.7536193,6823857.2700000005
68860.0,87.2873023,86.49152190000001,6823854.82
68880.0,87.2542276,113.59972429999999,6823860.0600000005
68900.0,86.6818612,135.45753560000003,6823872.98
68920.0,85.78442919999999,149.4673972,6823893.57
68940.0,84.7253245,158.20266249999997,6823921.83
68960.0,83.5841222,163.90733319999998,6823957.71
68980.0,82.3977089,167.8423345,6824001.2
69000.0,81.1843234,170.687677,6824052.23
69020.0,79.95373839999999,172.82492000000002,6824110.7700000005
69040.0,78.71158179999999,174.47988479999998,6824176.74
69060.0,77.4612966,175.793158,6824250.08
69080.0,76.20509729999999,176.85623450000003,6824330.7
69100.0,74.9444687,177.73097129999996,6824418.53
69120.0,73.6804417,178.46057299999995,6824513.47
69140.0,72.41375359999999,179.07607339999998,6824615.4
69160.0,71.1449453,179.6003096,6824724.23
69180.0,69.8744224,-179.9495552,6824839.84
69200.0,68.6024948,-179.5603815,6824962.09
69220.0,67.3294037,-179.221945,6825090.850000001
69240.0,66.05533919999999,-178.92617339999998,6825225.99
69260.0,64.7804535,-178.6666105,6825367.36
69280.0,63.50487,-178.43803219999998,6825514.8
69300.0,62.2286894,-178.2361664,6825668.16
69320.0,60.9519952,-178.0574862,6825827.2700000005
69340.0,59.6748571,-177.8990543,6825991.97
69360.0,58.397333499999995,-177.7584049,6826162.07
69380.0,57.1194743,-177.6334526,6826337.41
69400.0,55.8413219,-177.52242189999998,6826517.79
69420.0,54.5629128,-177.42379169999998,6826703.0200000005
69440.0,53.284278699999994,-177.336251,6826892.92
69460.0,52.0054472,-177.2586637,6827087.28
69480.0,50.726442399999996,-177.1900406,6827285.9
69500.0,49.447285699999995,-177.12951569999998,6827488.59
69520.0,48.1679958,-177.07632809999998,6827695.13
69540.0,46.888589499999995,-177.02980599999998,6827905.32
69560.0,45.6090818,-176.9893538,6828118.94
69580.0,44.3294862,-176.95444179999998,6828335.7700000005
69600.0,43.0498148,-176.9245971,6828555.62
69620.0,41.7700786,-176.8993956,6828778.2700000005
69640.0,40.490287599999995,-176.8784564,6829003.49
69660.0,39.2104508,-176.86143579999998,6829231.08
69680.0,37.930576599999995,-176.8480229,6829460.82
69700.0,36.6506727,-176.83793559999998,6829692.49
69720.0,35.370746,-176.8309172,6829925.850000001
69740.0,34.090803099999995,-176.8267333,6830160.71
69760.0,32.8108502,-176.8251697,6830396.82
69780.0,31.5308928,-176.8260295,6830633.98
69800.0,30.250936199999998,-176.82913159999998,6830871.97
69820.0,28.970985499999998,-176.83430919999998,6831110.57
69840.0,27.691045199999998,-176.8414076,6831349.55
69860.0,26.4111199,-176.8502837,6831588.72
69880.0,25.1312136,-176.8608041,6831827.86
69900.0,23.851330299999997,-176.87284459999998,6832066.76
69920.0,22.5714738,-176.8862891,6832305.23
69940.0,21.291647599999997,-176.90102869999998,6832543.0600000005
69960.0,20.0118552,-176.91696109999998,6832780.0600000005
69980.0,18.7320997,-176.93398969999998,6833016.04
70000.0,17.4523844,-176.95202319999999,6833250.8100000005
70020.0,16.1727121,-176.9709752,6833484.18
70040.0,14.893085699999999,-176.9907633,6833715.99
70060.0,13.613508099999999,-177.0113089,6833946.0600000005
70080.0,12.3339818,-177.0325368,6834174.22
70100.0,11.054509399999999,-177.0543748,6834400.32
70120.0,9.7750934,-177.07675319999998,6834624.19
70140.0,8.4957361,-177.09960479999998,6834845.69
70160.0,7.2164399999999995,-177.122864,6835064.67
70180.0,5.937207099999999,-177.1464672,6835280.99
70200.0,4.6580398,-177.1703522,6835494.53
70220.0,3.37894,-177.1944577,6835705.15
70240.0,2.09991,-177.21872349999998,6835912.73
70260.0,0.8209516,-177.2430901,6836117.16
70280.0,-0.457933,-177.2674983,6836318.33
70300.0,-1.736742,-177.2918889,6836516.140000001
70320.0,-3.0154736,-177.316203,6836710.51
70340.0,-4.2941256999999995,-177.3403811,6836901.33
70360.0,-5.5726967,-177.3643634,6837088.54
70380.0,-6.8511847999999995,-177.3880891,6837272.0600000005
70400.0,-8.1295881,-177.4114966,6837451.8100000005
70420.0,-9.407905,-177.4345227,6837627.73
70440.0,-10.6861338,-177.457103,6837799.76
70460.0,-11.9642726,-177.47917099999998,6837967.850000001
70480.0,-13.2423197,-177.5006582,6838131.93
70500.0,-14.5202733,-177.52149359999999,6838291.97
70520.0,-15.798131499999998,-177.5416032,6838447.92
70540.0,-17.0758926,-177.5609102,6838599.7700000005
70560.0,-18.3535547,-177.5793339,6838747.48
70580.0,-19.631115599999998,-177.59678979999998,6838891.04
70600.0,-20.9085736,-177.6131887,6839030.45
70620.0,-22.1859265,-177.62843669999998,6839165.71
70640.0,-23.4631723,-177.6424341,6839296.82
70660.0,-24.7403086,-177.6550752,6839423.8
70680.0,-26.017333299999997,-177.6662471,6839546.67
70700.0,-27.294243899999998,-177.6758296,6839665.45
70720.0,-28.5710378,-177.6836937,6839780.18
70740.0,-29.8477124,-177.6897007,6839890.890000001
70760.0,-31.1242646,-177.6937017,6839997.62
70780.0,-32.4006914,-177.6955355,6840100.42
70800.0,-33.6769894,-177.6950278,6840199.34
70820.0,-34.9531549,-177.69198939999998,6840294.43
70840.0,-36.2291838,-177.6862142,6840385.74
70860.0,-37.5050719,-177.6774777,6840473.33
70880.0,-38.780814299999996,-177.66553389999999,6840557.26
70900.0,-40.0564057,-177.65011289999998,6840637.600000001
70920.0,-41.3318401,-177.6309179,6840714.4
70940.0,-42.607110999999996,-177.60762119999998,6840787.74
70960.0,-43.882211,-177.5798599,6840857.69
70980.0,-45.157131899999996,-177.5472313,6840924.32
71000.0,-46.431864399999995,-177.5092865,6840987.73
71020.0,-47.7063983,-177.4655237,6841047.99
71040.0,-48.980721599999995,-177.4153801,6841105.19
71060.0,-50.2548211,-177.35822199999998,6841159.4
71080.0,-51.5286816,-177.29333269999998,6841210.73
71100.0,-52.802285499999996,-177.2198989,6841259.24
71120.0,-54.075613,-177.13699359999998,6841305.03
71140.0,-55.3486408,-177.04355479999998,6841348.17
71160.0,-56.621342299999995,-176.9383604,6841388.76
71180.0,-57.8936861,-176.819996,6841426.87
71200.0,-59.165635699999996,-176.6868166,6841462.59
71220.0,-60.437148,-176.5368958,6841495.98
71240.0,-61.708171899999996,-176.3679646,6841527.140000001
71260.0,-62.9786466,-176.1773302,6841556.12
71280.0,-64.2484988,-175.9617731,6841583.01
71300.0,-65.5176397,-175.717412,6841607.87
71320.0,-66.785961,-175.4395245,6841630.78
71340.0,-68.0533289,-175.12230699999998,6841651.8100000005
71360.0,-69.3195767,-174.7585488,6841671.04
71380.0,-70.5844936,-174.3391799,6841688.51
71400.0,-71.84781029999999,-173.8526346,6841704.3100000005
71420.0,-73.1091763,-173.2839378,6841718.48
71440.0,-74.3681282,-172.6133616,6841731.07
71460.0,-75.6240407,-171.8144017,6841742.15
71480.0,-76.87604999999999,-170.8506405,6841751.74
71500.0,-78.1229309,-169.670728,6841759.88
71520.0,-79.36288859999999,-168.20005079999999,6841766.62
71540.0,-80.5931942,-166.3263307,6841771.99
71560.0,-81.809506,-163.873559,6841776.0
71580.0,-83.00453019999999,-160.5524764,6841778.7
71600.0,-84.1651813,-155.86215149999998,6841780.09
71620.0,-85.26611779999999,-148.89096469999998,6841780.19
71640.0,-86.2543183,-137.95611599999998,6841779.01
71660.0,-87.0156172,-120.4043578,6841776.55
71680.0,-87.3469169,-95.1744286,6841772.83
71700.0,-87.0970595,-69.1824168,6841767.850000001
71720.0,-86.3845877,-50.44227789999999,6841761.600000001
71740.0,-85.42055409999999,-38.715928700000006,6841754.08
71760.0,-84.3318884,-31.2910138,6841745.29
71780.0,-83.17799219999999,-26.335691499999996,6841735.2
71800.0,-81.9869892,-22.851395999999994,6841723.8100000005
71820.0,-80.7732304,-20.2925659,6841711.09
71840.0,-79.5446304,-18.34662879999999,6841697.0200000005
71860.0,-78.3058585,-16.824805700000013,6841681.57
71880.0,-77.0598278,-15.607458600000001,6841664.69
71900.0,-75.80844259999999,-14.615530299999989,6841646.36
71920.0,-74.5529964,-13.794873899999999,6841626.53
71940.0,-73.2943971,-13.107247400000006,6841605.15
71960.0,-72.0332995,-12.524917700000003,6841582.17
71980.0,-70.7701874,-12.027307000000008,6841557.5600000005
72000.0,-69.5054257,-11.598837300000014,6841531.26
72020.0,-68.2392942,-11.227506699999992,6841503.22
72040.0,-66.97201129999999,-10.903922899999998,6841473.390000001
72060.0,-65.70374939999999,-10.620633300000009,6841441.72
72080.0,-64.4346467,-10.371650299999999,6841408.13
72100.0,-63.164814899999996,-10.152108999999996,6841372.5600000005
72120.0,-61.8943454,-9.958016600000008,6841334.96
72140.0,-60.6233134,-9.7860656,6841295.24
72160.0,-59.351781499999994,-9.633492899999993,6841253.33
72180.0,-58.0798023,-9.497972299999986,6841209.17
72200.0,-56.8074199,-9.377531500000003,6841162.67
72220.0,-55.5346718,-9.270487199999991,6841113.75
72240.0,-54.2615902,-9.175394000000011,6841062.34
72260.0,-52.9882025,-9.091003400000005,6841008.36
72280.0,-51.714532299999995,-9.016231800000014,6840951.74
72300.0,-50.4406003,-8.950133599999987,6840892.4
72320.0,-49.166424299999996,-8.891879899999992,6840830.26
72340.0,-47.8920198,-8.840740900000014,6840765.25
72360.0,-46.6174007,-8.79607150000001,6840697.3100000005
72380.0,-45.3425788,-8.757299100000012,6840626.350000001
72400.0,-44.0675649,-8.723913299999992,6840552.3100000005
72420.0,-42.7923684,-8.695458099999996,6840475.12
72440.0,-41.516997599999996,-8.671524299999987,6840394.71
72460.0,-40.2414602,-8.651743600000003,6840311.0200000005
72480.0,-38.9657627,-8.635783199999992,6840223.99
72500.0,-37.6899114,-8.623342100000002,6840133.5600000005
72520.0,-36.4139115,-8.614146599999998,6840039.66
72540.0,-35.137768099999995,-8.6079474,6839942.25
72560.0,-33.8614858,-8.604516999999987,6839841.28
72580.0,-32.5850684,-8.60364659999999,6839736.69
72600.0,-31.308519999999998,-8.605144899999999,6839628.44
72620.0,-30.0318439,-8.608835199999987,6839516.49
72640.0,-28.755043299999997,-8.614554800000008,6839400.79
72660.0,-27.478121299999998,-8.622152699999987,6839281.32
72680.0,-26.2010807,-8.631488999999988,6839158.04
72700.0,-24.923924099999997,-8.642433399999987,6839030.93
72720.0,-23.6466541,-8.654864199999992,6838899.97
72740.0,-22.3692729,-8.668667599999992,6838765.140000001
72760.0,-21.0917828,-8.683736799999991,6838626.43
72780.0,-19.8141861,-8.69997140000001,6838483.83
72800.0,-18.5364847,-8.717276400000003,6838337.350000001
72820.0,-17.2586807,-8.735562200000004,6838186.98
72840.0,-15.9807761,-8.754743399999995,6838032.76
72860.0,-14.7027728,-8.774739000000011,6837874.68
72880.0,-13.4246726,-8.79547149999999,6837712.7700000005
72900.0,-12.1464775,-8.816866500000003,6837547.07
72920.0,-10.8681892,-8.83885269999999,6837377.600000001
72940.0,-9.589809599999999,-8.86136110000001,6837204.41
72960.0,-8.3113405,-8.88432499999999,6837027.54
72980.0,-7.0327838,-8.9076795,6836847.05
73000.0,-5.754141199999999,-8.931361400000014,6836663.0
73020.0,-4.4754146,-8.955308800000012,6836475.44
73040.0,-3.196606,-8.979460799999998,6836284.45
73060.0,-1.9177172999999998,-9.00375729999999,6836090.11
73080.0,-0.6387503,-9.02813900000001,6835892.51
73100.0,0.6402928999999999,-9.0525466,6835691.74
73120.0,1.9194103,-9.076921199999987,6835487.91
73140.0,3.1986000999999997,-9.101203499999997,6835281.11
73160.0,4.47786,-9.12533400000001,6835071.46
73180.0,5.7571881,-9.149252499999989,6834859.07
73200.0,7.036582,-9.172898000000004,6834644.05
73220.0,8.3160396,-9.196208399999989,6834426.54
73240.0,9.5955584,-9.219120199999992,6834206.67
73260.0,10.8751362,-9.241568300000012,6833984.58
73280.0,12.1547703,-9.263485500000002,6833760.43
73300.0,13.4344582,-9.284802600000006,6833534.37
73320.0,14.7141974,-9.305447700000002,6833306.5600000005
73340.0,15.9939851,-9.325345999999996,6833077.18
73360.0,17.2738185,-9.344419399999992,6832846.41
73380.0,18.553694699999998,-9.362585999999993,6832614.41
73400.0,19.8336108,-9.379760000000005,6832381.36
73420.0,21.1135636,-9.395850700000011,6832147.46
73440.0,22.3935498,-9.410762500000004,6831912.890000001
73460.0,23.6735661,-9.424393699999996,6831677.84
73480.0,24.953608799999998,-9.436636399999998,6831442.5
73500.0,26.233674099999998,-9.447375599999987,6831207.08
73520.0,27.5137581,-9.456488000000007,6830971.76
73540.0,28.793856599999998,-9.463841699999989,6830736.75
73560.0,30.0739652,-9.4692948,6830502.26
73580.0,31.354079199999997,-9.472694399999995,6830268.5
73600.0,32.6341934,-9.473875399999997,6830035.66
73620.0,33.9143026,-9.472658499999994,6829803.98
73640.0,35.194401,-9.468849500000005,6829573.67
73660.0,36.4744826,-9.462236399999995,6829344.95
73680.0,37.754540899999995,-9.452587800000003,6829118.04
73700.0,39.0345686,-9.439650099999994,6828893.13
73720.0,40.3145582,-9.423144900000011,6828670.46
73740.0,41.5945014,-9.402765399999993,6828450.25
73760.0,42.8743889,-9.378172699999993,6828232.69
73780.0,44.1542108,-9.348991100000006,6828018.03
73800.0,45.4339563,-9.314803100000006,6827806.48
73820.0,46.7136132,-9.27514260000001,6827598.24
73840.0,47.993168499999996,-9.229488199999992,6827393.54
73860.0,49.272607099999995,-9.177254000000005,6827192.59
73880.0,50.551912699999995,-9.117779100000007,6826995.57
73900.0,51.8310665,-9.05031550000001,6826802.7
73920.0,53.110047599999994,-8.974012700000003,6826614.17
73940.0,54.388832199999996,-8.887899299999987,6826430.19
73960.0,55.6673932,-8.79086079999999,6826250.94
73980.0,56.9456996,-8.681611799999985,6826076.62
74000.0,58.223715399999996,-8.558661999999998,6825907.42
74020.0,59.5013991,-8.420273399999985,6825743.51
74040.0,60.778701999999996,-8.264406400000013,6825585.07
74060.0,62.055566799999994,-8.088651800000008,6825432.28
74080.0,63.3319255,-7.890142400000002,6825285.29
74100.0,64.6076968,-7.665439300000003,6825144.26
74120.0,65.8827823,-7.410382400000003,6825009.350000001
74140.0,67.1570622,-7.1198909000000015,6824880.71
74160.0,68.4303887,-6.787695200000002,6824758.47
74180.0,69.7025773,-6.405968800000011,6824642.78
74200.0,70.9733947,-5.964817100000005,6824533.76
74220.0,72.2425416,-5.4515499999999975,6824431.53
74240.0,73.50962729999999,-4.849629600000014,6824336.2
74260.0,74.7741322,-4.137108399999988,6824247.9
74280.0,76.0353502,-3.284250700000001,6824166.72
74300.0,77.2922976,-2.249801600000012,6824092.75
74320.0,78.543564,-0.9749318000000073,6824026.09
74340.0,79.78705599999999,0.626969900000006,6823966.82
74360.0,81.01953879999999,2.688262199999997,6823915.0
74380.0,82.2357631,5.4202094000000045,6823870.7
74400.0,83.42669289999999,9.177259899999996,6823833.97
74420.0,84.5756378,14.586750300000006,6823804.86
74440.0,85.64920339999999,22.808437499999997,6823783.41
74460.0,86.5757378,35.940318399999995,6823769.640000001
74480.0,87.2049794,56.690962299999995,6823763.58
74500.0,87.31874289999999,83.61567100000002,6823765.24
74520.0,86.860484,107.38128069999999,6823774.62
74540.0,86.02327,123.12466010000003,6823791.72
74560.0,84.99374689999999,132.89676880000002,6823816.53
74580.0,83.868028,139.193538,6823849.01
74600.0,82.6904272,143.48125779999998,6823889.15
74620.0,81.4824402,146.54875949999996,6823936.890000001
74640.0,80.255365,148.83329089999995,6823992.19
74660.0,79.0156011,150.5902643,6824054.99
74680.0,77.76700989999999,151.9768146,6824125.22
74700.0,76.51204709999999,153.0941633,6824202.8
74720.0,75.2523434,154.0101454,6824287.65
74740.0,73.9890223,154.77178659999998,6824379.67
74760.0,72.7228818,155.4126476,6824478.78
74780.0,71.4545037,155.95728699999995,6824584.850000001
74800.0,70.1843221,156.42407179999998,6824697.7700000005
74820.0,68.91266759999999,156.82700269999998,6824817.42
74840.0,67.6397959,157.1769326,6824943.66
74860.0,66.36590819999999,157.48240139999996,6825076.36
74880.0,65.091165,157.7502182,6825215.36
74900.0,63.815695899999994,157.9858779,6825360.5200000005
74920.0,62.5396067,158.19386250000002,6825511.67
74940.0,61.2629847,158.37786419999998,6825668.640000001
74960.0,59.985902499999995,158.5409515,6825831.2700000005
74980.0,58.7084213,158.68569560000003,6825999.390000001
75000.0,57.4305927,158.8142669,6826172.8
75020.0,56.1524608,158.92851059999998,6826351.33
75040.0,54.8740636,159.0300054,6826534.7700000005
75060.0,53.595433899999996,159.12010959999998,6826722.96
75080.0,52.316600199999996,159.199999,6826915.68
75100.0,51.0375874,159.2706961,6827112.74
75120.0,49.7584175,159.33309499999996,6827313.96
75140.0,48.4791099,159.3879806,6827519.12
75160.0,47.199681899999995,159.43604519999997,6827728.0200000005
75180.0,45.9201488,159.47790179999998,6827940.46
75200.0,44.6405246,159.51409509999996,6828156.21
75220.0,43.3608215,159.54511119999995,6828375.08
75240.0,42.081050999999995,159.5713854,6828596.850000001
75260.0,40.801223199999995,159.59330850000003,6828821.3
75280.0,39.5213475,159.61123279999998,6829048.22
75300.0,38.2414324,159.6254768,6829277.390000001
75320.0,36.9614857,159.6363293,6829508.600000001
75340.0,35.6815147,159.64405290000002,6829741.62
75360.0,34.401525899999996,159.648887,6829976.24
75380.0,33.1215257,159.65105069999998,6830212.24
75400.0,31.841519799999997,159.65074479999998,6830449.390000001
75420.0,30.561513599999998,159.6481539,6830687.48
75440.0,29.281512099999997,159.64344819999997,6830926.29
75460.0,28.001520199999998,159.63678529999999,6831165.61
75480.0,26.7215422,159.62831089999997,6831405.22
75500.0,25.441582399999998,159.6181606,6831644.92
75520.0,24.161644799999998,159.60646079999998,6831884.49
75540.0,22.881733099999998,159.59332940000002,6832123.73
75560.0,21.601851099999998,159.57887700000003,6832362.43
75580.0,20.3220022,159.56320749999998,6832600.390000001
75600.0,19.0421896,159.5464187,6832837.43
75620.0,17.762416599999998,159.5286033,6833073.350000001
75640.0,16.4826862,159.5098488,6833307.97
75660.0,15.2030012,159.49023850000003,6833541.100000001
75680.0,13.9233645,159.46985189999998,6833772.57
75700.0,12.6437788,159.44876499999998,6834002.22
75720.0,11.3642466,159.42705079999996,6834229.88
75740.0,10.0847705,159.4047794,6834455.38
75760.0,8.8053528,159.3820187,6834678.58
75780.0,7.5259958,159.35883460000002,6834899.33
75800.0,6.2467019,159.3352911,6835117.47
75820.0,4.9674733,159.3114508,6835332.88
75840.0,3.6883120999999996,159.28737509999996,6835545.42
75860.0,2.4092205,159.26312439999998,6835754.96
75880.0,1.1302003999999999,159.2387584,6835961.390000001
75900.0,-0.148746,159.2143365,6836164.61
75920.0,-1.427617,159.1899176,6836364.49
75940.0,-2.7064105,159.16556070000001,6836560.96
75960.0,-3.9851246999999996,159.1413253,6836753.91
75980.0,-5.2637577,159.1172709,6836943.25
76000.0,-6.542307699999999,159.09345829999995,6837128.91
76020.0,-7.8207729,159.06994880000002,6837310.8100000005
76040.0,-9.0991515,159.04680510000003,6837488.890000001
76060.0,-10.3774415,159.02409139999997,6837663.08
76080.0,-11.6556413,159.0018738,6837833.33
76100.0,-12.933748999999999,158.98022019999996,6837999.600000001
76120.0,-14.211762799999999,158.95920109999997,6838161.850000001
76140.0,-15.489680799999999,158.9388897,6838320.0600000005
76160.0,-16.767501199999998,158.91936220000002,6838474.19
76180.0,-18.045222199999998,158.90069819999997,6838624.23
76200.0,-19.322841699999998,158.8829814,6838770.18
76220.0,-20.600357799999998,158.8662997,6838912.0200000005
76240.0,-21.8777686,158.8507459,6839049.76
76260.0,-23.1550719,158.8364183,6839183.41
76280.0,-24.4322655,158.82342110000002,6839312.98
76300.0,-25.7093471,158.81186530000002,6839438.49
76320.0,-26.986314399999998,158.8018694,6839559.96
76340.0,-28.2631648,158.7935602,6839677.43
76360.0,-29.5398957,158.7870739,6839790.92
76380.0,-30.8165041,158.78255679999995,6839900.48
76400.0,-32.092987,158.78016709999997,6840006.140000001
76420.0,-33.3693411,158.78007560000003,6840107.96
76440.0,-34.6455627,158.78246790000003,6840205.98
76460.0,-35.921647899999996,158.7875456,6840300.26
76480.0,-37.1975924,158.7955288,6840390.86
76500.0,-38.4733915,158.80665779999998,6840477.84
76520.0,-39.749040099999995,158.82119649999999,6840561.26
76540.0,-41.0245323,158.83943490000001,6840641.19
76560.0,-42.299861799999995,158.86169280000001,6840717.7
76580.0,-43.5750215,158.88832409999998,6840790.850000001
76600.0,-44.8500035,158.91972139999996,6840860.73
76620.0,-46.1247987,158.95632179999996,6840927.390000001
76640.0,-47.399397199999996,158.99861350000003,6840990.92
76660.0,-48.673787399999995,159.04714379999996,6841051.390000001
76680.0,-49.9479566,159.1025282,6841108.88
76700.0,-51.2218899,159.165462,6841163.45
76720.0,-52.4955704,159.23673359999998,6841215.19
76740.0,-53.7689787,159.3172406,6841264.17
76760.0,-55.0420926,159.40801020000004,6841310.48
76780.0,-56.314886099999995,159.510223,6841354.19
76800.0,-57.5873292,159.6252434,6841395.390000001
76820.0,-58.8593866,159.7546565,6841434.15
76840.0,-60.131017,159.9003153,6841470.55
76860.0,-61.4021714,160.06439939999996,6841504.67
76880.0,-62.672791499999995,160.24949049999998,6841536.58
76900.0,-63.9428072,160.4586698,6841566.350000001
76920.0,-65.2121339,160.69564400000002,6841594.0600000005
76940.0,-66.4806686,160.9649131,6841619.79
76960.0,-67.7482842,161.27199310000003,6841643.61
76980.0,-69.01482279999999,161.62371889999997,6841665.58
77000.0,-70.28008559999999,162.0286615,6841685.7700000005
77020.0,-71.5438192,162.49771250000003,6841704.24
77040.0,-72.8056951,163.0449201,6841721.05
77060.0,-74.065281,163.68871079999997,6841736.25
77080.0,-75.32199659999999,164.45371769999997,6841749.890000001
77100.0,-76.5750448,165.37359500000002,6841762.03
77120.0,-77.8233027,166.49548549999997,6841772.68
77140.0,-79.0651391,167.88736689999996,6841781.91
77160.0,-80.2980972,169.6506233,6841789.73
77180.0,-81.5183139,171.9425397,6841796.18
77200.0,-82.7193897,175.0185404,6841801.2700000005
77220.0,-83.89003579999999,179.31532930000003,6841805.04
77240.0,-85.00880459999999,-174.3807685,6841807.5
77260.0,-86.03158479999999,-164.6125257,6841808.65
77280.0,-86.863047,-148.91105149999999,6841808.51
77300.0,-87.3188686,-125.2623974,6841807.07
77320.0,-87.20853319999999,-98.4593197,6841804.350000001
77340.0,-86.58650449999999,-77.7321118,6841800.34
77360.0,-85.6678532,-64.57403289999999,6841795.04
77380.0,-84.6019469,-56.3217253,6841788.43
77400.0,-83.4603918,-50.88741859999999,6841780.5200000005
77420.0,-82.2766527,-47.1114484,6841771.28
77440.0,-81.0674777,-44.365056400000014,6841760.7
77460.0,-79.8419389,-42.29254589999999,6841748.74
77480.0,-78.60530779999999,-40.681756199999995,6841735.4
77500.0,-77.3608323,-39.39970919999999,6841720.62
77520.0,-76.1106133,-38.359364400000004,6841704.37
77540.0,-74.8560656,-37.50159020000001,6841686.600000001
77560.0,-73.5981748,-36.78491460000001,6841667.28
77580.0,-72.3376476,-36.17944349999999,6841646.350000001
77600.0,-71.0750032,-35.6631108,6841623.78
77620.0,-69.8106311,-35.219289,6841599.49
77640.0,-68.5448291,-34.835218699999984,6841573.45
77660.0,-67.2778287,-34.50095110000001,6841545.58
77680.0,-66.009812,-34.208617000000004,6841515.83
77700.0,-64.7409246,-33.95191219999998,6841484.13
77720.0,-63.471283899999996,-33.7257281,6841450.4
77740.0,-62.2009858,-33.5258815,6841414.58
77760.0,-60.930108999999995,-33.34891479999999,6841376.59
77780.0,-59.658719,-33.191945000000004,6841336.36
77800.0,-58.3868705,-33.0525495,6841293.82
77820.0,-57.114609699999995,-32.92867770000001,6841248.9
77840.0,-55.841975399999995,-32.818582100000015,6841201.5200000005
77860.0,-54.569001099999994,-32.7207641,6841151.62
77880.0,-53.295715099999995,-32.633931399999994,6841099.13
77900.0,-52.022141999999995,-32.5569634,6841043.99
77920.0,-50.748303,-32.488883499999986,6840986.11
77940.0,-49.4742165,-32.428836399999994,6840925.44
77960.0,-48.1998986,-32.376070200000015,6840861.9
77980.0,-46.9253633,-32.329920500000014,6840795.42
78000.0,-45.650622999999996,-32.289798099999985,6840725.93
78020.0,-44.3756886,-32.255178900000004,6840653.37
78040.0,-43.100569799999995,-32.2255945,6840577.67
78060.0,-41.8252751,-32.200624800000014,6840498.74
78080.0,-40.5498123,-32.179892499999994,6840416.54
78100.0,-39.2741882,-32.163056600000004,6840330.98
78120.0,-37.998408999999995,-32.1498091,6840242.01
78140.0,-36.7224802,-32.13986990000001,6840149.57
78160.0,-35.446407,-32.132984300000004,6840053.59
78180.0,-34.1701939,-32.12891969999998,6839954.0200000005
78200.0,-32.8938451,-32.12746329999999,6839850.8100000005
78220.0,-31.617364499999997,-32.128419699999995,6839743.9
78240.0,-30.340755599999998,-32.131609,6839633.26
78260.0,-29.064021699999998,-32.13686530000001,6839518.850000001
78280.0,-27.787165899999998,-32.14403490000001,6839400.62
78300.0,-26.5101911,-32.1529754,6839278.55
78320.0,-25.233099799999998,-32.16355440000001,6839152.63
78340.0,-23.955894699999998,-32.17564820000001,6839022.82
78360.0,-22.678577999999998,-32.189141199999995,6838889.11
78380.0,-21.401152,-32.203925,6838751.49
78400.0,-20.1236189,-32.21989769999999,6838609.96
78420.0,-18.8459808,-32.23696330000001,6838464.5
78440.0,-17.5682396,-32.2550306,6838315.13
78460.0,-16.2903974,-32.27401359999999,6838161.850000001
78480.0,-15.0124561,-32.293830000000014,6838004.68
78500.0,-13.7344175,-32.31440169999999,6837843.640000001
78520.0,-12.456283599999999,-32.33565340000001,6837678.76
78540.0,-11.1780562,-32.3575132,6837510.08
78560.0,-9.899737,-32.37991149999999,6837337.63
78580.0,-8.621327899999999,-32.40278119999999,6837161.47
78600.0,-7.3428306999999995,-32.426057000000014,6836981.65
78620.0,-6.0642473,-32.44967510000001,6836798.21
78640.0,-4.7855793,-32.473573499999986,6836611.24
78660.0,-3.5068287999999996,-32.49769090000001,6836420.79
78680.0,-2.2279975999999997,-32.521967200000006,6836226.94
78700.0,-0.9490875999999999,-32.5463427,6836029.78
78720.0,0.3298993,-32.5707582,6835829.390000001
78740.0,1.6089611,-32.595154699999995,6835625.87
78760.0,2.8880957,-32.619473,6835419.32
78780.0,4.1673010999999995,-32.64365359999999,6835209.850000001
78800.0,5.4465751,-32.66763660000001,6834997.57
78820.0,6.7259155999999996,-32.69136119999999,6834782.61
78840.0,8.0053203,-32.7147655,6834565.11
78860.0,9.2847869,-32.737786400000005,6834345.2
78880.0,10.5643131,-32.76035909999999,6834123.04
78900.0,11.8438965,-32.7824172,6833898.7700000005
78920.0,13.123534699999999,-32.80389170000001,6833672.54
78940.0,14.4032251,-32.82471150000001,6833444.53
78960.0,15.682965,-32.844802500000014,6833214.88
78980.0,16.9627519,-32.86408739999999,6832983.76
79000.0,18.2425827,-32.882485299999985,6832751.350000001
79020.0,19.5224545,-32.899911299999985,6832517.82
79040.0,20.8023642,-32.91627599999998,6832283.350000001
79060.0,22.0823085,-32.93148500000001,6832048.13
79080.0,23.362284199999998,-32.94543809999999,6831812.350000001
79100.0,24.6422875,-32.958029100000005,6831576.2
79120.0,25.9223149,-32.969144700000015,6831339.890000001
79140.0,27.2023625,-32.9786637,6831103.61
79160.0,28.4824262,-32.9864566,6830867.5600000005
79180.0,29.7625016,-32.992384000000015,6830631.94
79200.0,31.0425842,-32.996295799999984,6830396.96
79220.0,32.3226689,-32.99803,6830162.82
79240.0,33.6027506,-32.997410900000006,6829929.73
79260.0,34.8828238,-32.994247900000005,6829697.9
79280.0,36.1628823,-32.9883337,6829467.53
79300.0,37.4429197,-32.9794416,6829238.84
79320.0,38.7229291,-32.9673238,6829012.05
79340.0,40.002902999999996,-32.9517079,6828787.37
79360.0,41.282833,-32.93229439999999,6828565.0200000005
79380.0,42.5627105,-32.908752600000014,6828345.22
79400.0,43.842525599999995,-32.880715899999984,6828128.18
79420.0,45.122267799999996,-32.84777750000001,6827914.13
79440.0,46.4019252,-32.80948359999999,6827703.28
79460.0,47.6814849,-32.76532700000001,6827495.84
79480.0,48.9609324,-32.714738100000005,6827292.03
79500.0,50.240251799999996,-32.6570753,6827092.05
79520.0,51.519424799999996,-32.59161309999999,6826896.11
79540.0,52.7984313,-32.51752719999999,6826704.43
79560.0,54.0772481,-32.4338774,6826517.18
79580.0,55.355849,-32.33958630000001,6826334.58
79600.0,56.634204,-32.23341260000001,6826156.8100000005
79620.0,57.9122785,-32.11391929999999,6825984.0600000005
79640.0,59.1900323,-31.979432799999984,6825816.5200000005
79660.0,60.467418699999996,-31.827992199999983,6825654.37
79680.0,61.7443825,-31.657285099999996,6825497.7700000005
79700.0,63.0208586,-31.464564499999994,6825346.91
79720.0,64.2967692,-31.246542500000004,6825201.94
79740.0,65.5720204,-30.999249899999995,6825063.03
79760.0,66.84649809999999,-30.717850900000002,6824930.32
79780.0,68.1200619,-30.396393700000004,6824803.95
79800.0,69.3925373,-30.027470499999993,6824684.07
79820.0,70.663704,-29.601746100000014,6824570.8100000005
79840.0,71.9332807,-29.107291299999986,6824464.3100000005
79860.0,73.2009016,-28.52862350000001,6824364.67
79880.0,74.4660827,-27.845290699999993,6824272.01
79900.0,75.72816999999999,-27.0297305,6824186.45
79920.0,76.9862581,-26.04393540000001,6824108.09
79940.0,78.2390583,-24.834089699999993,6824037.0200000005
79960.0,79.484675,-23.32161400000001,6823973.32
79980.0,80.7202101,-21.387577399999998,6823917.0600000005
80000.0,81.9410197,-18.84426830000001,6823868.33
80020.0,83.1392333,-15.380731499999996,6823827.16
80040.0,84.3005761,-10.453725899999995,6823793.600000001
80060.0,85.3970497,-3.0670677999999896,6823767.71
80080.0,86.3693923,8.614236800000015,6823749.5
80100.0,87.09037099999999,27.33579420000001,6823739.0
80120.0,87.3465021,53.41444869999998,6823736.24
80140.0,87.0156003,78.7906304,6823741.2
80160.0,86.249973,96.42228219999998,6823753.9
80180.0,85.2556128,107.3813179,6823774.33
80200.0,84.1479809,114.3552214,6823802.45
80220.0,82.980498,119.04158949999999,6823838.25
80240.0,81.7786259,122.35707500000001,6823881.69
80260.0,80.555488,124.8042441,6823932.73
80280.0,79.31839099999999,126.6728488,6823991.3
80300.0,78.0716814,128.13900079999996,6824057.34
80320.0,76.8180903,129.31495189999998,6824130.79
80340.0,75.55941399999999,130.27525029999998,6824211.5600000005
80360.0,74.2968795,131.07117649999998,6824299.5600000005
80380.0,73.0313522,131.7390841,6824394.7
80400.0,71.7634595,132.30542249999996,6824496.88
80420.0,70.493667,132.7898735,6824605.98
80440.0,69.2223273,133.2073737,6824721.88
80460.0,67.9497126,133.569457,6824844.46
80480.0,66.676036,133.8851669,6824973.57
80500.0,65.4014668,134.16169230000003,6825109.08
80520.0,64.1261415,134.4048181,6825250.83
80540.0,62.8501713,134.61925109999999,6825398.68
80560.0,61.5736474,134.8088596,6825552.45
80580.0,60.296645899999994,134.97685179999996,6825711.98
80600.0,59.0192303,135.12591069999996,6825877.100000001
80620.0,57.7414546,135.25829720000002,6826047.61
80640.0,56.4633645,135.37593019999997,6826223.33
80660.0,55.184999399999995,135.4804489,6826404.07
80680.0,53.9063932,135.573262,6826589.640000001
80700.0,52.6275755,135.65558699999997,6826779.84
80720.0,51.348571899999996,135.7284815,6826974.47
80740.0,50.0694052,135.79286909999996,6827173.32
80760.0,48.7900953,135.84956,6827376.2
80780.0,47.510659999999994,135.89926760000003,6827582.88
80800.0,46.2311151,135.94262329999998,6827793.15
80820.0,44.9514748,135.9801877,6828006.8100000005
80840.0,43.6717519,136.01246049999997,6828223.63
80860.0,42.391957999999995,136.03988879999997,6828443.4
80880.0,41.1121036,136.06287369999995,6828665.9
80900.0,39.8321982,136.08177669999998,6828890.91
80920.0,38.5522505,136.09692389999998,6829118.21
80940.0,37.2722686,136.1086113,6829347.57
80960.0,35.99226,136.11710749999997,6829578.78
80980.0,34.7122314,136.12265739999998,6829811.61
81000.0,33.432189199999996,136.1254849,6830045.84
81020.0,32.152139399999996,136.12579499999998,6830281.2700000005
81040.0,30.872087399999998,136.12377619999995,6830517.67
81060.0,29.5920384,136.11960220000003,6830754.84
81080.0,28.311997299999998,136.11343349999999,6830992.5600000005
81100.0,27.0319686,136.10541869999997,6831230.63
81120.0,25.7519566,136.0956958,6831468.84
81140.0,24.471965299999997,136.08439320000002,6831706.97
81160.0,23.1919987,136.0716311,6831944.850000001
81180.0,21.912060399999998,136.0575217,6832182.25
81200.0,20.6321539,136.04217059999996,6832419.0
81220.0,19.3522824,136.0256769,6832654.890000001
81240.0,18.0724494,136.0081346,6832889.75
81260.0,16.7926576,135.98963229999998,6833123.38
81280.0,15.512910199999999,135.9702545,6833355.61
81300.0,14.233209899999999,135.9500814,6833586.26
81320.0,12.953559499999999,135.92918980000002,6833815.17
81340.0,11.673961499999999,135.90765349999998,6834042.15
81360.0,10.394418499999999,135.8855433,6834267.07
81380.0,9.1149329,135.8629277,6834489.75
81400.0,7.8355071,135.8398729,6834710.05
81420.0,6.5561435999999995,135.8164435,6834927.8100000005
81440.0,5.2768444,135.7927024,6835142.91
81460.0,3.9976117999999996,135.76871140000003,6835355.21
81480.0,2.718448,135.74453119999998,6835564.58
81500.0,1.4393551999999998,135.72022149999998,6835770.9
81520.0,0.16033519999999998,135.69584199999997,6835974.0600000005
81540.0,-1.1186097,135.67145170000003,6836173.95
81560.0,-2.3974775999999998,135.6471097,6836370.48
81580.0,-3.6762664999999997,135.62287530000003,6836563.5600000005
81600.0,-4.9549746,135.5988084,6836753.09
81620.0,-6.2335999,135.5749692,6836939.0200000005
81640.0,-7.5121405999999995,135.551419,6837121.2700000005
81660.0,-8.7905948,135.5282203,6837299.78
81680.0,-10.0689607,135.5054369,6837474.48
81700.0,-11.3472365,135.48313429999996,6837645.34
81720.0,-12.6254204,135.46138009999999,6837812.3
81740.0,-13.9035104,135.44024409999997,6837975.34
81760.0,-15.181504799999999,135.4197989,6838134.42
81780.0,-16.4594016,135.40011979999997,6838289.5200000005
81800.0,-17.737199,135.38128589999997,6838440.640000001
81820.0,-19.014895,135.36337979999996,6838587.75
81840.0,-20.292487599999998,135.34648830000003,6838730.87
81860.0,-21.5699749,135.33070320000002,6838869.99
81880.0,-22.847354799999998,135.3161215,6839005.13
81900.0,-24.124624999999998,135.30284589999997,6839136.29
81920.0,-25.4017832,135.2909858,6839263.49
81940.0,-26.678827199999997,135.28065800000002,6839386.78
81960.0,-27.955754499999998,135.27198729999998,6839506.17
81980.0,-29.232562299999998,135.26510759999996,6839621.69
82000.0,-30.5092479,135.2601628,6839733.390000001
82020.0,-31.785808199999998,135.25730829999998,6839841.3
82040.0,-33.062239999999996,135.2567118,6839945.47
82060.0,-34.3385396,135.2585555,6840045.94
82080.0,-35.6147032,135.263037,6840142.7700000005
82100.0,-36.8907267,135.2703719,6840236.0200000005
82120.0,-38.1666053,135.28079579999996,6840325.74
82140.0,-39.442333999999995,135.29456649999997,6840412.01
82160.0,-40.7179072,135.3119679,6840494.87
82180.0,-41.9933188,135.3333123,6840574.390000001
82200.0,-43.2685616,135.35894539999998,6840650.640000001
82220.0,-44.543628,135.3892502,6840723.68
82240.0,-45.8185092,135.42465300000003,6840793.57
82260.0,-47.0931954,135.4656293,6840860.38
82280.0,-48.367675399999996,135.51271180000003,6840924.19
82300.0,-49.6419366,135.56649930000003,6840985.07
82320.0,-50.915964699999996,135.62766720000002,6841043.08
82340.0,-52.189743299999996,135.69698089999997,6841098.3
82360.0,-53.4632534,135.77531090000002,6841150.8100000005
82380.0,-54.736473499999995,135.863652,6841200.69
82400.0,-56.0093786,135.96314659999996,6841248.0200000005
82420.0,-57.2819395,136.07511290000002,6841292.86
82440.0,-58.554122199999995,136.2010805,6841335.3100000005
82460.0,-59.8258868,136.3428346,6841375.43
82480.0,-61.0971863,136.502472,6841413.3100000005
82500.0,-62.3679645,136.68247199999996,6841449.03
82520.0,-63.6381543,136.8857878,6841482.65
82540.0,-64.907675,137.11596550000002,6841514.26
82560.0,-66.176428,137.3773,6841543.91
82580.0,-67.4442925,137.67504359999998,6841571.67
82600.0,-68.7111185,138.01568659999998,6841597.600000001
82620.0,-69.9767177,138.40734399999997,6841621.7700000005
82640.0,-71.2408507,138.8602935,6841644.23
82660.0,-72.50320909999999,139.387742,6841665.04
82680.0,-73.7633879,140.0069398,6841684.26
82700.0,-75.0208466,140.7408368,6841701.94
82720.0,-76.2748471,141.62061599999998,6841718.13
82740.0,-77.5243562,142.68968189999998,6841732.87
82760.0,-78.7678847,144.01016199999998,6841746.2
82780.0,-80.0032105,145.673921,6841758.16
82800.0,-81.2268781,147.82204809999996,6841768.76
82820.0,-82.43323989999999,150.6810175,6841778.04
82840.0,-83.61249339999999,154.6330939,6841786.0
82860.0,-84.7463633,160.3584012,6841792.66
82880.0,-85.7979598,169.11440979999998,6841798.04
82900.0,-86.6879763,-176.8731518,6841802.13
82920.0,-87.2545076,-155.0829477,6841804.95
82940.0,-87.28673649999999,-128.1211231,6841806.5
82960.0,-86.7686368,-105.47496079999999,6841806.7700000005
82980.0,-85.9039683,-90.72160819999999,6841805.76
83000.0,-84.8649107,-81.524717,6841803.46
83020.0,-83.7376706,-75.5464717,6841799.850000001
83040.0,-82.56222869999999,-71.44283879999999,6841794.93
83060.0,-81.3582254,-68.4879165,6841788.67
83080.0,-80.1361075,-66.2758991,6841781.05
83100.0,-78.90185079999999,-64.5677333,6841772.03
83120.0,-77.65908999999999,-63.2152593,6841761.600000001
83140.0,-76.4101508,-62.122438200000005,6841749.69
83160.0,-75.15658549999999,-61.22456729999999,6841736.2700000005
83180.0,-73.8994672,-60.47659089999999,6841721.29
83200.0,-72.6395605,-59.84623099999999,6841704.69
83220.0,-71.3774239,-59.309789800000004,6841686.42
83240.0,-70.1134746,-58.84949309999999,6841666.42
83260.0,-68.8480302,-58.4517582,6841644.63
83280.0,-67.58133649999999,-58.1060327,6841620.99
83300.0,-66.3135866,-57.8039972,6841595.44
83320.0,-65.044934,-57.539006400000005,6841567.890000001
83340.0,-63.7755024,-57.3056893,6841538.29
83360.0,-62.5053926,-57.099658500000004,6841506.57
83380.0,-61.234687199999996,-56.9172954,6841472.640000001
83400.0,-59.9634546,-56.75558889999999,6841436.45
83420.0,-58.691751999999994,-56.612013399999995,6841397.92
83440.0,-57.419627299999995,-56.4844344,6841356.97
83460.0,-56.147121299999995,-56.3710361,6841313.55
83480.0,-54.8742685,-56.27026359999999,6841267.58
83500.0,-53.6010985,-56.18077769999999,6841218.99
83520.0,-52.3276367,-56.10141859999999,6841167.72
83540.0,-51.0539049,-56.0311767,6841113.68
83560.0,-49.779922299999996,-55.969169199999996,6841056.8100000005
83580.0,-48.5057055,-55.91462010000001,6840997.04
83600.0,-47.231269,-55.866845,6840934.3
83620.0,-45.9566255,-55.82523739999999,6840868.51
83640.0,-44.6817862,-55.789257899999996,6840799.61
83660.0,-43.4067611,-55.75842499999999,6840727.5200000005
83680.0,-42.131558899999995,-55.73230770000001,6840652.18
83700.0,-40.8561876,-55.7105184,6840573.5
83720.0,-39.5806541,-55.692707799999994,6840491.43
83740.0,-38.3049647,-55.67855979999999,6840405.88
83760.0,-37.029125199999996,-55.66778790000001,6840316.79
83780.0,-35.753140699999996,-55.660131500000006,6840224.100000001
83800.0,-34.4770159,-55.6553526,6840127.74
83820.0,-33.200755,-55.65323359999999,6840027.67
83840.0,-31.9243621,-55.6535751,6839923.82
83860.0,-30.6478406,-55.6561933,6839816.16
83880.0,-29.371194,-55.66091900000001,6839704.63
83900.0,-28.094425299999997,-55.66759569999999,6839589.21
83920.0,-26.8175375,-55.6760783,6839469.86
83940.0,-25.540533099999998,-55.686231899999996,6839346.5600000005
83960.0,-24.2634148,-55.69793060000001,6839219.28
83980.0,-22.986184899999998,-55.7110572,6839088.0
84000.0,-21.708845699999998,-55.7255014,6838952.72
84020.0,-20.4313994,-55.7411597,6838813.42
84040.0,-19.153848099999998,-55.7579346,6838670.100000001
84060.0,-17.8761938,-55.775734,6838522.76
84080.0,-16.5984384,-55.79447049999999,6838371.4
84100.0,-15.320583999999998,-55.81406089999999,6838216.0600000005
84120.0,-14.0426325,-55.8344259,6838056.74
84140.0,-12.7645856,-55.855489899999995,6837893.47
84160.0,-11.4864453,-55.87717979999999,6837726.3
84180.0,-10.2082134,-55.899425699999995,6837555.2700000005
84200.0,-8.9298916,-55.922159699999995,6837380.41
84220.0,-7.6514818,-55.94531599999999,6837201.79
84240.0,-6.3729857999999995,-55.9688307,6837019.48
84260.0,-5.0944053,-55.9926411,6836833.5200000005
84280.0,-3.8157424,-56.016685800000005,6836644.01
84300.0,-2.5369986,-56.040904499999996,6836451.0200000005
84320.0,-1.258176,-56.06523730000001,6836254.62
84340.0,0.0207235,-56.089625100000006,6836054.92
84360.0,1.299698,-56.114008600000005,6835852.01
84380.0,2.5787454999999997,-56.138328900000005,6835645.99
84400.0,3.8578639,-56.1625265,6835436.98
84420.0,5.1370512,-56.18654169999999,6835225.09
84440.0,6.4163051,-56.210313799999994,6835010.45
84460.0,7.6956235,-56.233781199999996,6834793.2
84480.0,8.9750041,-56.25688109999999,6834573.46
84500.0,10.254444699999999,-56.2795491,6834351.41
84520.0,11.5339428,-56.3017191,6834127.18
84540.0,12.8134961,-56.323322700000006,6833900.94
84560.0,14.093102,-56.3442895,6833672.84
84580.0,15.372758099999999,-56.364545899999996,6833443.04
84600.0,16.652461499999998,-56.384015399999996,6833211.73
84620.0,17.9322096,-56.40261799999999,6832979.0600000005
84640.0,19.2119993,-56.420269700000006,6832745.22
84660.0,20.4918278,-56.43688230000001,6832510.37
84680.0,21.771691699999998,-56.45236249999999,6832274.72
84700.0,23.0515878,-56.46661159999999,6832038.44
84720.0,24.3315125,-56.47952480000001,6831801.73
84740.0,25.6114622,-56.49099039999999,6831564.79
84760.0,26.891433199999998,-56.5008893,6831327.83
84780.0,28.1714213,-56.509094000000005,6831091.04
84800.0,29.4514222,-56.5154675,6830854.63
84820.0,30.731431599999997,-56.519862399999994,6830618.8
84840.0,32.0114444,-56.5221195,6830383.76
84860.0,33.2914556,-56.522066699999996,6830149.73
84880.0,34.5714597,-56.51951729999999,6829916.91
84900.0,35.851450799999995,-56.5142678,6829685.5200000005
84920.0,37.1314226,-56.506096600000006,6829455.78
84940.0,38.4113683,-56.4947612,6829227.9
84960.0,39.6912805,-56.47999540000001,6829002.100000001
84980.0,40.971151299999995,-56.46150660000001,6828778.61
85000.0,42.250972,-56.4389719,6828557.62
85020.0,43.5307331,-56.4120339,6828339.36
85040.0,44.8104243,-56.3802958,6828124.05
85060.0,46.0900341,-56.34331589999999,6827911.88
85080.0,47.3695497,-56.30060040000001,6827703.07
85100.0,48.6489572,-56.2515956,6827497.83
85120.0,49.9282409,-56.1956783,6827296.36
85140.0,51.207383099999994,-56.13214429999999,6827098.890000001
85160.0,52.486364099999996,-56.060194800000005,6826905.600000001
85180.0,53.7651617,-55.97891920000001,6826716.71
85200.0,55.0437503,-55.88727549999999,6826532.4
85220.0,56.322100899999995,-55.78406469999999,6826352.88
85240.0,57.6001802,-55.6679005,6826178.33
85260.0,58.8779495,-55.53717090000001,6826008.93
85280.0,60.155363599999994,-55.38998989999999,6825844.86
85300.0,61.4323698,-55.2241372,6825686.3
85320.0,62.7089054,-55.036979900000006,6825533.4
85340.0,63.9848959,-54.825373,6825386.34
85360.0,65.26025179999999,-54.5855277,6825245.26
85380.0,66.5348642,-54.312838799999994,6825110.33
85400.0,67.8085998,-54.001653399999995,6824981.67
85420.0,69.0812931,-53.64495529999999,6824859.44
85440.0,70.3527362,-53.233931,6824743.7700000005
85460.0,71.62266439999999,-52.7573582,6824634.78
85480.0,72.89073499999999,-52.200729499999994,6824532.600000001
85500.0,74.1564965,-51.544968299999994,6824437.33
85520.0,75.4193423,-50.76449789999998,6824349.08
85540.0,76.6784376,-49.8242583,6824267.95
85560.0,77.93260289999999,-48.6749471,6824194.03
85580.0,79.1801182,-47.24514930000001,6824127.41
85600.0,80.4183801,-45.427785,6824068.140000001
85620.0,81.6432687,-43.0556838,6824016.32
85640.0,82.8479036,-39.85536020000001,6823971.99
85660.0,84.0200267,-35.355350200000004,6823935.21
85680.0,85.1360704,-28.700054800000004,6823906.01
85700.0,86.1469857,-18.301465399999984,6823884.43
85720.0,86.9465039,-1.551818499999996,6823870.51
85740.0,87.33688339999999,23.124230399999988,6823864.24
85760.0,87.1450425,49.65037179999999,6823865.65
85780.0,86.4645209,69.29039469999998,6823874.74
85800.0,85.5123876,81.61249069999997,6823891.48
85820.0,84.42614019999999,89.36820620000003,6823915.88
85840.0,83.270415,94.50981539999998,6823947.9
85860.0,82.0755555,98.10482769999999,6823987.51
85880.0,80.8568952,100.7331929,6824034.67
85900.0,79.6228196,102.72495149999997,6824089.33
85920.0,78.3782421,104.27821019999999,6824151.42
85940.0,77.1262121,105.51785819999998,6824220.890000001
85960.0,75.8687143,106.5260563,6824297.66
85980.0,74.60709279999999,107.35886590000001,6824381.65
86000.0,73.3422885,108.05575440000001,6824472.75
86020.0,72.0749794,108.64526490000003,6824570.88
86040.0,70.8056658,109.14852659999997,6824675.92
86060.0,69.5347249,109.58150130000001,6824787.76
86080.0,68.2624465,109.9564646,6824906.26
86100.0,66.9890569,110.28300719999999,6825031.3100000005
86120.0,65.7147351,110.56872850000002,6825162.7700000005
86140.0,64.4396252,110.81972630000001,6825300.49
86160.0,63.163843799999995,111.04094900000001,6825444.33
86180.0,61.887487,111.23645379999999,6825594.15
86200.0,60.610634,111.40959850000002,6825749.7700000005
86220.0,59.3333515,111.5631856,6825911.03
86240.0,58.0556954,111.69957269999998,6826077.7700000005
86260.0,56.777713399999996,111.82075700000001,6826249.78
86280.0,55.4994465,111.92844230000003,6826426.9
86300.0,54.2209297,112.02409039999998,6826608.92
86320.0,52.942193599999996,112.10896309999998,6826795.66
86340.0,51.663264899999994,112.18415540000001,6826986.92
86360.0,50.3841669,112.25062209999999,6827182.49
86380.0,49.104920299999996,112.3091996,6827382.18
