seconds,lat,lon,radius
0.0,-76.5082343,-49.7993098,6895313.74
20.0,-75.2629475,-49.0507451,6895299.92
40.0,-74.01511719999999,-48.42933110000001,6895284.67
60.0,-72.76528859999999,-47.907621199999994,6895267.93
80.0,-71.51386,-47.4654965,6895249.66
100.0,-70.26112859999999,-47.08788340000001,6895229.8
120.0,-69.0073204,-46.76327119999999,6895208.3
140.0,-67.7526103,-46.48272159999999,6895185.11
160.0,-66.4971358,-46.239189899999985,6895160.15
180.0,-65.24100589999999,-46.027049799999986,6895133.37
200.0,-63.9843087,-45.841754699999996,6895104.69
220.0,-62.7271155,-45.6795903,6895074.05
240.0,-61.4694849,-45.5374932,6895041.38
260.0,-60.2114656,-45.412914,6895006.61
280.0,-58.953098,-45.303714299999996,6894969.66
300.0,-57.694416,-45.2080866,6894930.48
320.0,-56.4354484,-45.124493099999995,6894888.98
340.0,-55.176219499999995,-45.051616499999994,6894845.11
360.0,-53.916750199999996,-44.98832249999998,6894798.8
380.0,-52.657058199999994,-44.9336285,6894749.97
400.0,-51.397159099999996,-44.88667889999999,6894698.57
420.0,-50.137066,-44.84672560000001,6894644.53
440.0,-48.8767906,-44.813111100000015,6894587.78
460.0,-47.616343,-44.78525500000001,6894528.25
480.0,-46.355731899999995,-44.76264330000001,6894465.88
500.0,-45.0949652,-44.744818899999984,6894400.59
520.0,-43.8340497,-44.73137349999999,6894332.32
540.0,-42.5729914,-44.7219417,6894261.0
560.0,-41.3117957,-44.71619479999998,6894186.5600000005
580.0,-40.050467399999995,-44.71383689999999,6894108.94
600.0,-38.7890108,-44.7145998,6894028.07
620.0,-37.5274298,-44.71824090000001,6893943.890000001
640.0,-36.2657279,-44.7245389,6893856.350000001
660.0,-35.0039083,-44.733292500000005,6893765.38
680.0,-33.741973699999996,-44.74431709999999,6893670.93
700.0,-32.479926999999996,-44.757443800000004,6893572.94
720.0,-31.2177704,-44.7725169,6893471.38
740.0,-29.9555063,-44.789393200000006,6893366.2
760.0,-28.6931367,-44.807940099999996,6893257.350000001
780.0,-27.430663499999998,-44.82803480000001,6893144.8100000005
800.0,-26.168088599999997,-44.84956310000001,6893028.54
820.0,-24.9054137,-44.87241879999999,6892908.5
840.0,-23.6426405,-44.8965025,6892784.69
860.0,-22.379770399999998,-44.92172120000001,6892657.07
880.0,-21.116805,-44.947987600000005,6892525.63
900.0,-19.8537458,-44.97521929999999,6892390.37
920.0,-18.590594199999998,-45.0033387,6892251.28
940.0,-17.3273515,-45.03227229999999,6892108.37
960.0,-16.0640192,-45.06195020000001,6891961.66
980.0,-14.8005985,-45.092305899999985,6891811.15
1000.0,-13.5370908,-45.12327579999999,6891656.86
1020.0,-12.2734974,-45.154799,6891498.83
1040.0,-11.0098196,-45.1868168,6891337.08
1060.0,-9.746058699999999,-45.219272700000005,6891171.66
1080.0,-8.4822162,-45.25211189999999,6891002.600000001
1100.0,-7.2182932,-45.285281199999986,6890829.97
1120.0,-5.9542912999999995,-45.31872870000001,6890653.82
1140.0,-4.6902116,-45.3524036,6890474.21
1160.0,-3.4260558,-45.38625619999999,6890291.22
1180.0,-2.161825,-45.42023710000001,6890104.91
1200.0,-0.8975209,-45.454297699999984,6889915.37
1220.0,0.3668552,-45.488389600000005,6889722.69
1240.0,1.6313016,-45.522464600000006,6889526.95
1260.0,2.8958168,-45.5564742,6889328.25
1280.0,4.1603992,-45.59037000000001,6889126.71
1300.0,5.4250473,-45.6241029,6888922.44
1320.0,6.6897592,-45.657623099999995,6888715.5600000005
1340.0,7.9545334,-45.690880100000015,6888506.18
1360.0,9.219368,-45.723822299999995,6888294.45
1380.0,10.4842614,-45.756396800000005,6888080.5
1400.0,11.7492115,-45.788549399999994,6887864.46
1420.0,13.0142166,-45.82022380000001,6887646.47
1440.0,14.2792747,-45.85136219999998,6887426.68
1460.0,15.5443837,-45.881904099999986,6887205.25
1480.0,16.809541499999998,-45.9117866,6886982.33
1500.0,18.0747458,-45.940944099999996,6886758.09
1520.0,19.3399946,-45.96930750000001,6886532.68
1540.0,20.605285199999997,-45.996804199999985,6886306.29
1560.0,21.8706154,-46.0233576,6886079.07
1580.0,23.135982499999997,-46.0488867,6885851.22
1600.0,24.4013839,-46.07330539999998,6885622.92
1620.0,25.6668167,-46.096522100000016,6885394.34
1640.0,26.932278,-46.11843920000001,6885165.68
1660.0,28.197764799999998,-46.13895199999999,6884937.13
1680.0,29.4632738,-46.15794840000001,6884708.88
1700.0,30.7288015,-46.175307799999985,6884481.13
1720.0,31.9943444,-46.1909,6884254.07
1740.0,33.2598985,-46.20458429999999,6884027.92
1760.0,34.5254599,-46.2162084,6883802.87
1780.0,35.7910241,-46.22560629999998,6883579.140000001
1800.0,37.056586599999996,-46.232597699999985,6883356.91
1820.0,38.3221424,-46.236985000000004,6883136.41
1840.0,39.5876861,-46.23855209999999,6882917.83
1860.0,40.853212,-46.23706149999998,6882701.4
1880.0,42.118713799999995,-46.2322513,6882487.3
1900.0,43.3841849,-46.22383239999999,6882275.74
1920.0,44.6496177,-46.211483999999984,6882066.93
1940.0,45.9150041,-46.194849500000004,6881861.0600000005
1960.0,47.180335299999996,-46.173531,6881658.34
1980.0,48.4456013,-46.14708329999999,6881458.97
2000.0,49.710791099999994,-46.11500569999998,6881263.15
2020.0,50.975892699999996,-46.076733899999994,6881071.07
2040.0,52.2408924,-46.031628600000005,6880882.94
2060.0,53.505774699999996,-45.978963300000004,6880698.94
2080.0,54.770522299999996,-45.917907799999995,6880519.26
2100.0,56.035115299999994,-45.84750940000001,6880344.09
2120.0,57.2995312,-45.7666696,6880173.61
2140.0,58.563743699999996,-45.674114,6880007.99
2160.0,59.8277225,-45.56835649999999,6879847.41
2180.0,61.091432299999994,-45.44765269999999,6879692.04
2200.0,62.354831399999995,-45.3099412,6879542.03
2220.0,63.617870399999994,-45.1527686,6879397.54
2240.0,64.88049029999999,-44.9731907,6879258.73
2260.0,66.1426197,-44.76764449999999,6879125.74
2280.0,67.40417169999999,-44.531776199999996,6878998.72
2300.0,68.665039,-44.260209799999984,6878877.8
2320.0,69.9250879,-43.9462293,6878763.12
2340.0,71.1841493,-43.5813354,6878654.8
2360.0,72.4420057,-43.15461450000001,6878552.97
2380.0,73.6983735,-42.651821600000005,6878457.72
2400.0,74.95287499999999,-42.0540144,6878369.17
2420.0,76.2049961,-41.33546200000001,6878287.42
2440.0,77.4540191,-40.4603424,6878212.55
2460.0,78.6989119,-39.377333899999996,6878144.65
2480.0,79.9381362,-38.010385799999995,6878083.79
2500.0,81.1693003,-36.2421908,6878030.0600000005
2520.0,82.3884868,-33.882897799999995,6877983.49
2540.0,83.5888535,-30.607026899999994,6877944.16
2560.0,84.7574516,-25.817525399999994,6877912.100000001
2580.0,85.867238,-18.337821899999994,6877887.36
2600.0,86.8553127,-5.7574453000000005,6877869.95
2620.0,87.568468,16.0232522,6877859.9
2640.0,87.7307259,47.00060159999998,6877857.23
2660.0,87.2430395,73.98749240000001,6877861.94
2680.0,86.35774529999999,90.38229139999999,6877874.0200000005
2700.0,85.2941367,99.87161070000002,6877893.47
2720.0,84.1486589,105.73610489999999,6877920.2700000005
2740.0,82.9611714,109.63071209999998,6877954.38
2760.0,81.7497973,112.37230869999996,6877995.78
2780.0,80.5236958,114.39111509999998,6878044.42
2800.0,79.2879263,115.93042830000002,6878100.24
2820.0,78.0454901,117.1367108,6878163.2
2840.0,76.7982729,118.10287519999997,6878233.21
2860.0,75.547516,118.8904943,6878310.22
2880.0,74.29406879999999,119.5418924,6878394.12
2900.0,73.0385316,120.08707709999999,6878484.83
2920.0,71.7813401,120.54789240000002,6878582.26
2940.0,70.5228186,120.94060639999998,6878686.3
2960.0,69.2632131,121.27757689999999,6878796.84
2980.0,68.0027138,121.56835569999998,6878913.75
3000.0,66.7414699,121.82044020000001,6879036.91
3020.0,65.4796004,122.0397964,6879166.19
3040.0,64.2172011,122.23122969999997,6879301.46
3060.0,62.9543502,122.3986539,6879442.57
3080.0,61.6911121,122.54528859999999,6879589.37
3100.0,60.427540699999994,122.67380630000002,6879741.7
3120.0,59.163680799999995,122.78644380000003,6879899.4
3140.0,57.8995708,122.88508780000001,6880062.28
3160.0,56.6352431,122.97134039999997,6880230.18
3180.0,55.3707259,123.0465714,6880402.92
3200.0,54.106043299999996,123.11195880000002,6880580.3
3220.0,52.841216599999996,123.16852119999999,6880762.15
3240.0,51.576264099999996,123.21714399999996,6880948.26
3260.0,50.311202099999996,123.25860109999996,6881138.46
3280.0,49.046045199999995,123.29357110000001,6881332.54
3300.0,47.7808062,123.32265269999999,6881530.3
3320.0,46.515496399999996,123.34637529999998,6881731.54
3340.0,45.2501265,123.36520940000003,6881936.0600000005
3360.0,43.9847055,123.37957469999998,6882143.65
3380.0,42.719242099999995,123.3898466,6882354.11
3400.0,41.4537439,123.39636229999996,6882567.23
3420.0,40.1882181,123.39942529999996,6882782.8
3440.0,38.922671,123.39931009999998,6883000.61
3460.0,37.657108799999996,123.3962654,6883220.45
3480.0,36.3915369,123.39051710000001,6883442.12
3500.0,35.1259605,123.38227130000001,6883665.41
3520.0,33.8603844,123.3717163,6883890.11
3540.0,32.594813,123.3590246,6884116.0200000005
3560.0,31.329250599999998,123.34435480000002,6884342.92
3580.0,30.063701,123.327853,6884570.63
3600.0,28.7981679,123.30965420000001,6884798.93
3620.0,27.532654899999997,123.28988340000001,6885027.62
3640.0,26.2671653,123.26865650000002,6885256.51
3660.0,25.001702299999998,123.24608169999999,6885485.4
3680.0,23.7362687,123.2222597,6885714.100000001
3700.0,22.4708676,123.19728509999999,6885942.42
3720.0,21.2055015,123.1712463,6886170.17
3740.0,19.9401731,123.14422669999999,6886397.18
3760.0,18.6748849,123.11630489999999,6886623.24
3780.0,17.4096393,123.08755550000001,6886848.19
3800.0,16.1444385,123.05804899999998,6887071.850000001
3820.0,14.8792849,123.02785269999998,6887294.04
3840.0,13.6141805,122.9970308,6887514.600000001
3860.0,12.3491275,122.96564490000003,6887733.36
3880.0,11.0841279,122.93375400000002,6887950.17
3900.0,9.8191837,122.90141519999997,6888164.86
3920.0,8.5542968,122.8686836,6888377.3
3940.0,7.2894691,122.83561279999998,6888587.34
3960.0,6.0247024,122.802255,6888794.84
3980.0,4.759998599999999,122.76866100000001,6888999.69
4000.0,3.4953594,122.7348811,6889201.7700000005
4020.0,2.2307864,122.70096460000002,6889400.96
4040.0,0.9662813,122.66696030000003,6889597.16
4060.0,-0.2981542,122.63291649999996,6889790.2700000005
4080.0,-1.5625186,122.59888169999999,6889980.2
4100.0,-2.8268104999999997,122.5649042,6890166.86
4120.0,-4.0910282,122.53103240000002,6890350.17
4140.0,-5.3551703,122.49731539999999,6890530.0600000005
4160.0,-6.6192353,122.4638028,6890706.46
4180.0,-7.8832217,122.43054489999997,6890879.3100000005
4200.0,-9.1471283,122.39759319999996,6891048.57
4220.0,-10.4109535,122.36500030000002,6891214.2
4240.0,-11.6746962,122.33282029999998,6891376.15
4260.0,-12.938355,122.30110889999997,6891534.4
4280.0,-14.201928599999999,122.26992380000002,6891688.9
4300.0,-15.4654156,122.23932489999999,6891839.640000001
4320.0,-16.7288148,122.20937459999999,6891986.600000001
4340.0,-17.992124699999998,122.18013810000002,6892129.75
4360.0,-19.2553441,122.15168349999999,6892269.11
4380.0,-20.5184715,122.1240828,6892404.67
4400.0,-21.7815056,122.09741159999999,6892536.43
4420.0,-23.0444449,122.07175000000001,6892664.4
4440.0,-24.307288,122.0471829,6892788.61
4460.0,-25.5700333,122.02380069999998,6892909.07
4480.0,-26.8326793,122.00169970000002,6893025.82
4500.0,-28.095224199999997,121.98098279999999,6893138.87
4520.0,-29.357666199999997,121.96176059999999,6893248.2700000005
4540.0,-30.620003699999998,121.94415170000002,6893354.05
4560.0,-31.882234399999998,121.92828409999998,6893456.26
4580.0,-33.1443563,121.91429599999998,6893554.93
4600.0,-34.406366999999996,121.90233710000001,6893650.140000001
4620.0,-35.6682641,121.8925701,6893741.91
4640.0,-36.9300448,121.8851722,6893830.32
4660.0,-38.1917061,121.88033669999999,6893915.42
4680.0,-39.4532447,121.8782754,6893997.26
4700.0,-40.7146569,121.87922070000002,6894075.9
4720.0,-41.9759387,121.8834286,6894151.4
4740.0,-43.2370854,121.8911817,6894223.83
4760.0,-44.4980919,121.90279320000002,6894293.23
4780.0,-45.7589525,121.91861059999997,6894359.68
4800.0,-47.0196605,121.93902179999998,6894423.24
4820.0,-48.280208599999995,121.96446029999998,6894483.99
4840.0,-49.5405885,121.9954128,6894541.98
4860.0,-50.8007905,122.03242749999998,6894597.3
4880.0,-52.060803799999995,122.07612460000001,6894650.01
4900.0,-53.3206159,122.12720819999998,6894700.19
4920.0,-54.5802122,122.18648189999999,6894747.9
4940.0,-55.839576,122.25486610000002,6894793.23
4960.0,-57.0986881,122.33342140000002,6894836.24
4980.0,-58.357525599999995,122.4233754,6894877.0200000005
5000.0,-59.616062,122.52615779999996,6894915.63
5020.0,-60.874265799999996,122.64344349999999,6894952.15
5040.0,-62.1320999,122.77720779999999,6894986.65
5060.0,-63.3895196,122.92979689999999,6895019.21
5080.0,-64.6464714,123.10401939999997,6895049.88
5100.0,-65.90289,123.30326559999997,6895078.73
5120.0,-67.1586957,123.53166669999996,6895105.82
5140.0,-68.4137899,123.79430789999998,6895131.22
5160.0,-69.66804909999999,124.09751990000001,6895154.99
5180.0,-70.92131739999999,124.4492836,6895177.17
5200.0,-72.17339439999999,124.8598025,6895197.82
5220.0,-73.4240188,125.34232929999996,6895217.0
5240.0,-74.6728442,125.9143884,6895234.7700000005
5260.0,-75.919401,126.59963149999999,6895251.16
5280.0,-77.1630374,127.43074059999998,6895266.22
5300.0,-78.40282359999999,128.4541301,6895279.99
5320.0,-79.63738699999999,129.73786810000001,6895292.5
5340.0,-80.8646199,131.38565259999996,6895303.78
5360.0,-82.0811234,133.5628135,6895313.87
5380.0,-83.2810776,136.54771900000003,6895322.7700000005
5400.0,-84.45374129999999,140.8403151,6895330.51
5420.0,-85.577364,147.40486369999996,6895337.09
5440.0,-86.6029409,158.2058558,6895342.54
5460.0,-87.4112105,176.929421,6895346.850000001
5480.0,-87.75386259999999,-153.98355479999998,6895350.0200000005
5500.0,-87.43681819999999,-124.5767406,6895352.07
5520.0,-86.642004,-105.4288711,6895352.97
5540.0,-85.6223447,-94.3855104,6895352.74
5560.0,-84.5015335,-87.6940386,6895351.34
5580.0,-83.3303669,-83.33094129999999,6895348.78
5600.0,-82.1312919,-80.3038662,6895345.03
5620.0,-80.9153465,-78.0997975,6895340.07
5640.0,-79.6884911,-76.4339103,6895333.86
5660.0,-78.4541966,-75.1374585,6895326.390000001
5680.0,-77.2146108,-74.1048203,6895317.61
5700.0,-75.9711295,-73.2667843,6895307.49
5720.0,-74.7246971,-72.576225,6895295.96
5740.0,-73.4759748,-72.0000002,6895283.0
5760.0,-72.22543809999999,-71.5141508,6895268.53
5780.0,-70.9734381,-71.1009406,6895252.5200000005
5800.0,-69.7202386,-70.7469674,6895234.9
5820.0,-68.4660423,-70.4419198,6895215.62
5840.0,-67.21100679999999,-70.17773749999999,6895194.61
5860.0,-65.9552566,-69.9480303,6895171.82
5880.0,-64.6988913,-69.7476678,6895147.17
5900.0,-63.4419912,-69.572484,6895120.61
5920.0,-62.184622,-69.4190613,6895092.0600000005
5940.0,-60.926837799999994,-69.2845695,6895061.46
5960.0,-59.668683599999994,-69.1666454,6895028.74
5980.0,-58.410196799999994,-69.06329989999999,6894993.83
6000.0,-57.151408999999994,-68.97284669999999,6894956.65
6020.0,-55.8923469,-68.8938469,6894917.140000001
6040.0,-54.633033399999995,-68.8250654,6894875.22
6060.0,-53.3734879,-68.7654354,6894830.8100000005
6080.0,-52.1137271,-68.71403099999999,6894783.850000001
6100.0,-50.853765599999996,-68.6700443,6894734.26
6120.0,-49.593615799999995,-68.6327673,6894681.95
6140.0,-48.3332887,-68.6015767,6894626.87
6160.0,-47.0727938,-68.5759214,6894568.92
6180.0,-45.8121394,-68.5553125,6894508.05
6200.0,-44.551333,-68.5393143,6894444.16
6220.0,-43.290381,-68.5275372,6894377.19
6240.0,-42.0292892,-68.519632,6894307.07
6260.0,-40.768062799999996,-68.51528429999999,6894233.73
6280.0,-39.5067063,-68.5142102,6894157.100000001
6300.0,-38.2452237,-68.5161526,6894077.12
6320.0,-36.983618899999996,-68.52087829999999,6893993.72
6340.0,-35.7218952,-68.52817449999999,6893906.84
6360.0,-34.4600554,-68.5378472,6893816.43
6380.0,-33.198102399999996,-68.5497185,6893722.43
6400.0,-31.9360388,-68.5636253,6893624.79
6420.0,-30.673866699999998,-68.5794172,6893523.45
6440.0,-29.4115883,-68.59695549999999,6893418.38
6460.0,-28.1492056,-68.616112,6893309.53
6480.0,-26.8867205,-68.6367673,6893196.86
6500.0,-25.6241347,-68.65881089999999,6893080.33
6520.0,-24.3614499,-68.6821392,6892959.93
6540.0,-23.0986676,-68.7066558,6892835.61
6560.0,-21.8357893,-68.73227,6892707.38
6580.0,-20.5728166,-68.7588967,6892575.21
6600.0,-19.3097507,-68.7864555,6892439.09
6620.0,-18.0465931,-68.8148707,6892299.03
6640.0,-16.783345,-68.8440703,6892155.0200000005
6660.0,-15.5200079,-68.8739859,6892007.07
6680.0,-14.256583099999999,-68.9045524,6891855.2
6700.0,-12.993071899999999,-68.9357072,6891699.43
6720.0,-11.7294757,-68.9673906,6891539.8
6740.0,-10.4657957,-68.9995447,6891376.34
6760.0,-9.2020333,-69.03211379999999,6891209.11
6780.0,-7.9381897,-69.0650437,6891038.15
6800.0,-6.674266299999999,-69.0982818,6890863.5200000005
6820.0,-5.4102643,-69.1317768,6890685.29
6840.0,-4.1461852,-69.1654782,6890503.51
6860.0,-2.8820303,-69.1993365,6890318.26
6880.0,-1.6178009999999998,-69.2333027,6890129.63
6900.0,-0.3534987,-69.2673282,6889937.69
6920.0,0.910875,-69.3013648,6889742.53
6940.0,2.1753187,-69.33536409999999,6889544.26
6960.0,3.4398307999999997,-69.3692777,6889342.98
6980.0,4.7044096,-69.4030568,6889138.8
7000.0,5.969053499999999,-69.4366521,6888931.84
7020.0,7.2337608,-69.4700136,6888722.22
7040.0,8.4985298,-69.5030902,6888510.07
7060.0,9.7633587,-69.5358298,6888295.54
7080.0,11.028245499999999,-69.56817889999999,6888078.7700000005
7100.0,12.2931885,-69.6000825,6887859.9
7120.0,13.5581856,-69.6314835,6887639.100000001
7140.0,14.8232349,-69.662323,6887416.5200000005
7160.0,16.0883344,-69.6925396,6887192.33
7180.0,17.3534819,-69.7220691,6886966.7
7200.0,18.6186751,-69.7508443,6886739.8
7220.0,19.883911899999998,-69.7787949,6886511.8100000005
7240.0,21.149189699999997,-69.8058465,6886282.9
7260.0,22.4145061,-69.8319204,6886053.28
7280.0,23.6798586,-69.8569337,6885823.11
7300.0,24.9452444,-69.8807977,6885592.59
7320.0,26.2106607,-69.90341839999999,6885361.91
7340.0,27.476104499999998,-69.924695,6885131.2700000005
7360.0,28.7415727,-69.9445198,6884900.850000001
7380.0,30.0070621,-69.962777,6884670.87
7400.0,31.272568999999997,-69.9793419,6884441.51
7420.0,32.5380898,-69.9940799,6884212.99
7440.0,33.803620599999995,-70.0068454,6883985.5
7460.0,35.0691573,-70.0174802,6883759.24
7480.0,36.3346953,-70.0258125,6883534.43
7500.0,37.600229899999995,-70.0316544,6883311.2700000005
7520.0,38.865756,-70.0348008,6883089.96
7540.0,40.131268,-70.0350265,6882870.7
7560.0,41.3967601,-70.03208359999999,6882653.71
7580.0,42.6622256,-70.0256988,6882439.17
7600.0,43.927657499999995,-70.0155698,6882227.3
7620.0,45.1930481,-70.00136069999999,6882018.3
7640.0,46.458388799999994,-69.9826977,6881812.390000001
7660.0,47.723670399999996,-69.959163,6881609.76
7680.0,48.988882399999994,-69.93028819999999,6881410.62
7700.0,50.2540136,-69.8955464,6881215.18
7720.0,51.519050899999996,-69.854342,6881023.63
7740.0,52.7839801,-69.8059995,6880836.18
7760.0,54.048784899999994,-69.7497494,6880653.0200000005
7780.0,55.313447,-69.6847112,6880474.34
7800.0,56.5779454,-69.6098719,6880300.32
7820.0,57.8422558,-69.5240608,6880131.16
7840.0,59.1063506,-69.4259167,6879967.01
7860.0,60.370197299999994,-69.3138479,6879808.0600000005
7880.0,61.6337579,-69.1859808,6879654.47
7900.0,62.8969877,-69.0400945,6879506.4
7920.0,64.1598333,-68.87353689999999,6879364.0
7940.0,65.42223059999999,-68.6831141,6879227.42
7960.0,66.6841021,-68.4649453,6879096.8
7980.0,67.94535259999999,-68.21426749999999,6878972.28
8000.0,69.2058643,-67.9251712,6878853.98
8020.0,70.4654892,-67.590234,6878742.03
8040.0,71.72403919999999,-67.2000058,6878636.53
8060.0,72.9812707,-66.7422699,6878537.600000001
8080.0,74.2368633,-66.2009574,6878445.34
8100.0,75.4903866,-65.5545128,6878359.84
8120.0,76.7412485,-64.7733581,6878281.2
8140.0,77.9886125,-63.81582979999999,6878209.5
8160.0,79.2312578,-62.62140969999999,6878144.82
8180.0,80.4673339,-61.098945,6878087.23
8200.0,81.6939019,-59.1050654,6878036.8
8220.0,82.9060231,-56.4022454,6877993.58
8240.0,84.09478899999999,-52.57180349999999,6877957.61
8260.0,85.2426533,-46.821553800000004,6877928.93
8280.0,86.31122769999999,-37.55061230000001,6877907.58
8300.0,87.2079344,-21.56808670000001,6877893.58
8320.0,87.7200582,4.935856199999989,6877886.94
8340.0,87.5886592,36.062402599999984,6877887.67
8360.0,86.89437339999999,58.343289,6877895.78
8380.0,85.9147608,71.2457866,6877911.25
8400.0,84.8089184,78.89512500000001,6877934.07
8420.0,83.6423803,83.77759989999998,6877964.22
8440.0,82.4432061,87.1083595,6878001.67
8460.0,81.22476859999999,89.50233889999998,6878046.38
8480.0,79.9941058,91.29372109999997,6878098.3
8500.0,78.7552345,92.676894,6878157.390000001
8520.0,77.5106007,93.77168710000001,6878223.57
8540.0,76.26177419999999,94.65563409999999,6878296.79
8560.0,75.0098065,95.38097140000002,6878376.95
8580.0,73.75542779999999,95.98410899999999,6878463.99
8600.0,72.49916019999999,96.49116879999997,6878557.79
8620.0,71.2413871,96.92136110000001,6878658.2700000005
8640.0,69.98239629999999,97.28911949999997,6878765.3
8660.0,68.7224078,97.60549349999997,6878878.78
8680.0,67.461593,97.87908219999997,6878998.58
8700.0,66.20008729999999,98.11667620000003,6879124.58
8720.0,64.93799899999999,98.32370830000002,6879256.63
8740.0,63.6754161,98.50457599999999,6879394.61
8760.0,62.412410599999994,98.66287649999998,6879538.37
8780.0,61.149042099999996,98.80158080000001,6879687.76
8800.0,59.885360399999996,98.92316419999997,6879842.63
8820.0,58.6214077,99.02970549999998,6880002.8100000005
8840.0,57.3572196,99.12296309999999,6880168.13
8860.0,56.092826499999994,99.20443510000001,6880338.42
8880.0,54.828255,99.2754051,6880513.51
8900.0,53.563527699999995,99.3369798,6880693.21
8920.0,52.2986648,99.39011879999998,6880877.33
8940.0,51.0336837,99.43565749999999,6881065.68
8960.0,49.7686,99.4743277,6881258.07
8980.0,48.5034275,99.50677259999998,6881454.3100000005
9000.0,47.2381783,99.53356009999999,6881654.2
9020.0,45.9728636,99.55519370000002,6881857.54
9040.0,44.707493199999995,99.57212149999998,6882064.140000001
9060.0,43.4420761,99.58474360000002,6882273.79
9080.0,42.1766204,99.5934186,6882486.3
9100.0,40.9111335,99.59846909999999,6882701.45
9120.0,39.6456223,99.60018559999997,6882919.04
9140.0,38.3800928,99.5988314,6883138.86
9160.0,37.1145509,99.5946452,6883360.68
9180.0,35.8490019,99.5878442,6883584.3
9200.0,34.583450899999995,99.57862669999997,6883809.49
9220.0,33.317902499999995,99.56717420000001,6884036.03
9240.0,32.0523611,99.553653,6884263.72
9260.0,30.786830899999998,99.53821629999999,6884492.350000001
9280.0,29.5213158,99.5210055,6884721.7
9300.0,28.2558194,99.50215120000001,6884951.57
9320.0,26.990345299999998,99.48177450000003,6885181.78
9340.0,25.7248968,99.4599882,6885412.12
9360.0,24.459476799999997,99.43689719999998,6885642.4
9380.0,23.1940885,99.41259960000002,6885872.43
9400.0,21.928734499999997,99.3871873,6886102.03
9420.0,20.6634176,99.36074669999999,6886331.01
9440.0,19.398140299999998,99.33335920000002,6886559.19
9460.0,18.1329052,99.3051016,6886786.38
9480.0,16.8677146,99.27604680000002,6887012.42
9500.0,15.6025707,99.24626390000003,6887237.12
9520.0,14.337475699999999,99.21581909999998,6887460.34
9540.0,13.0724319,99.18477530000001,6887681.890000001
9560.0,11.8074411,99.15319310000001,6887901.63
9580.0,10.542505499999999,99.12113069999998,6888119.4
9600.0,9.2776268,99.08864440000002,6888335.04
9620.0,8.0128071,99.05578860000003,6888548.42
9640.0,6.748048,99.0226164,6888759.38
9660.0,5.4833514999999995,98.98917940000001,6888967.8100000005
9680.0,4.2187192,98.95552829999997,6889173.5600000005
9700.0,2.9541527999999997,98.92171289999999,6889376.51
9720.0,1.689654,98.88778230000003,6889576.5600000005
9740.0,0.4252244,98.8537852,6889773.59
9760.0,-0.8391343,98.81977,6889967.51
9780.0,-2.1034205999999998,98.78578499999998,6890158.22
9800.0,-3.3676329,98.7518786,6890345.640000001
9820.0,-4.6317699,98.71809960000002,6890529.7
9840.0,-5.8958299,98.68449720000001,6890710.33
9860.0,-7.1598117,98.65112110000001,6890887.46
9880.0,-8.4237138,98.6180223,6891061.04
9900.0,-9.6875348,98.58525259999999,6891231.01
9920.0,-10.9512734,98.552865,6891397.34
9940.0,-12.2149284,98.5209145,6891559.99
9960.0,-13.4784983,98.48945730000003,6891718.92
9980.0,-14.741981899999999,98.45855219999999,6891874.100000001
10000.0,-16.005378,98.4282599,6892025.53
10020.0,-17.2686851,98.39864390000002,6892173.18
10040.0,-18.531902,98.36977079999997,6892317.04
10060.0,-19.7950275,98.3417101,6892457.11
10080.0,-21.0580601,98.31453540000001,6892593.38
10100.0,-22.320998499999998,98.28832419999998,6892725.86
10120.0,-23.5838413,98.2631586,6892854.55
10140.0,-24.846587099999997,98.23912569999999,6892979.46
10160.0,-26.1092342,98.2163185,6893100.600000001
10180.0,-27.3717811,98.19483600000001,6893218.01
10200.0,-28.634225999999998,98.1747843,6893331.69
10220.0,-29.8965672,98.1562773,6893441.67
10240.0,-31.1588028,98.13943749999999,6893548.0
10260.0,-32.4209306,98.12439719999998,6893650.71
10280.0,-33.6829485,98.11129940000001,6893749.83
10300.0,-34.944854,98.1002992,6893845.42
10320.0,-36.2066446,98.09156530000001,6893937.5200000005
10340.0,-37.4683174,98.08528160000003,6894026.17
10360.0,-38.729869199999996,98.08164899999997,6894111.44
10380.0,-39.9912966,98.0808879,6894193.37
10400.0,-41.2525956,98.08324060000001,6894272.0200000005
10420.0,-42.5137621,98.08897409999997,6894347.45
10440.0,-43.774791099999995,98.09838350000001,6894419.71
10460.0,-45.035677299999996,98.1117964,6894488.88
10480.0,-46.2964147,98.1295768,6894555.0200000005
10500.0,-47.5569962,98.15213159999996,6894618.19
10520.0,-48.817414199999995,98.17991599999999,6894678.46
10540.0,-50.0776597,98.21344219999997,6894735.9
10560.0,-51.337722799999995,98.25328789999998,6894790.58
10580.0,-52.5975918,98.30010749999997,6894842.59
10600.0,-53.8572534,98.35464609999997,6894891.98
10620.0,-55.1166923,98.41775469999999,6894938.83
10640.0,-56.3758907,98.490411,6894983.23
10660.0,-57.6348279,98.57374329999999,6895025.23
10680.0,-58.8934797,98.66906119999999,6895064.92
10700.0,-60.1518174,98.77789339999998,6895102.37
10720.0,-61.4098074,98.90203600000001,6895137.66
10740.0,-62.6674096,99.04361340000003,6895170.850000001
10760.0,-63.9245756,99.2051568,6895202.01
10780.0,-65.1812472,99.38970719999998,6895231.21
10800.0,-66.4373536,99.60094939999999,6895258.5
10820.0,-67.69280739999999,99.8433923,6895283.96
10840.0,-68.9475002,100.12261189999998,6895307.63
10860.0,-70.2012958,100.44558610000001,6895329.59
10880.0,-71.4540208,100.82116229999997,6895349.87
10900.0,-72.7054512,101.2607251,6895368.55
10920.0,-73.9552928,101.77917049999996,6895385.66
10940.0,-75.20315219999999,102.3963602,6895401.2700000005
10960.0,-76.4484906,103.13935879999997,6895415.41
10980.0,-77.6905523,104.04598199999998,6895428.12
11000.0,-78.9282436,105.1706365,6895439.45
11020.0,-80.159925,106.59434479999999,6895449.43
11040.0,-81.3830286,108.44281839999996,6895458.09
11060.0,-82.59331379999999,110.92092650000001,6895465.47
11080.0,-83.7832998,114.38274430000001,6895471.58
11100.0,-84.9386591,119.48348179999999,6895476.47
11120.0,-86.0290626,127.52287810000001,6895480.13
11140.0,-86.9832447,141.14074979999998,6895482.59
11160.0,-87.6304993,164.43184309999998,6895483.86
11180.0,-87.6957687,-164.3648108,6895483.94
11200.0,-87.1389415,-138.97096539999998,6895482.82
11220.0,-86.2260003,-123.82108459999999,6895480.5200000005
11240.0,-85.1542003,-114.9730541,6895477.01
11260.0,-84.0081873,-109.4385485,6895472.3
11280.0,-82.8234207,-105.7265506,6895466.36
11300.0,-81.6163081,-103.0936478,6895459.17
11320.0,-80.3952647,-101.14360789999999,6895450.72
11340.0,-79.16499259999999,-99.65000099999999,6895440.96
11360.0,-77.9283062,-98.4753348,6895429.88
11380.0,-76.68698599999999,-97.5317649,6895417.44
11400.0,-75.4422104,-96.76073369999999,6895403.59
11420.0,-74.1947888,-96.121791,6895388.29
11440.0,-72.9452946,-95.5861383,6895371.51
11460.0,-71.6941451,-95.13273679999999,6895353.19
11480.0,-70.4416509,-94.7458699,6895333.28
11500.0,-69.1880477,-94.4135668,6895311.74
11520.0,-67.93351729999999,-94.1265528,6895288.5200000005
11540.0,-66.6782022,-93.87753269999999,6895263.54
11560.0,-65.4222156,-93.6606911,6895236.7700000005
11580.0,-64.1656484,-93.4713357,6895208.13
11600.0,-62.9085743,-93.305639,6895177.55
11620.0,-61.6510537,-93.16044839999999,6895144.98
11640.0,-60.3931367,-93.0331436,6895110.33
11660.0,-59.134864799999995,-92.92152899999999,6895073.55
11680.0,-57.8762729,-92.8237509,6895034.5600000005
11700.0,-56.6173904,-92.7382331,6894993.28
11720.0,-55.358242399999995,-92.66362749999999,6894949.65
11740.0,-54.0988501,-92.5987734,6894903.59
11760.0,-52.8392318,-92.5426664,6894855.0200000005
11780.0,-51.5794034,-92.49443269999999,6894803.87
11800.0,-50.3193784,-92.45330849999999,6894750.0600000005
11820.0,-49.0591686,-92.41862309999999,6894693.53
11840.0,-47.7987845,-92.3897848,6894634.2
11860.0,-46.538235,-92.3662698,6894571.99
11880.0,-45.2775282,-92.3476124,6894506.83
11900.0,-44.016670999999995,-92.3333973,6894438.65
11920.0,-42.7556697,-92.3232524,6894367.390000001
11940.0,-41.4945297,-92.31684369999999,6894292.96
11960.0,-40.233256,-92.3138701,6894215.32
11980.0,-38.971852999999996,-92.3140595,6894134.4
12000.0,-37.7103246,-92.3171651,6894050.12
12020.0,-36.4486743,-92.3229626,6893962.45
12040.0,-35.1869054,-92.3312473,6893871.32
12060.0,-33.9250208,-92.3418324,6893776.67
12080.0,-32.6630231,-92.3545462,6893678.47
12100.0,-31.4009148,-92.3692312,6893576.65
12120.0,-30.1386981,-92.3857421,6893471.18
12140.0,-28.876375099999997,-92.4039446,6893362.01
12160.0,-27.6139478,-92.4237145,6893249.11
12180.0,-26.351418,-92.44493609999999,6893132.45
12200.0,-25.0887875,-92.467502,6893011.99
12220.0,-23.826057799999997,-92.49131159999999,6892887.71
12240.0,-22.5632306,-92.51627099999999,6892759.600000001
12260.0,-21.3003075,-92.54229199999999,6892627.640000001
12280.0,-20.0372898,-92.5692914,6892491.84
12300.0,-18.7741789,-92.5971909,6892352.17
12320.0,-17.5109763,-92.6259161,6892208.66
12340.0,-16.2476833,-92.65539679999999,6892061.3100000005
12360.0,-14.984301299999998,-92.6855657,6891910.140000001
12380.0,-13.7208315,-92.7163588,6891755.17
12400.0,-12.4572752,-92.74771469999999,6891596.42
12420.0,-11.193633799999999,-92.7795744,6891433.93
12440.0,-9.9299086,-92.81188089999999,6891267.73
12460.0,-8.6661009,-92.8445792,6891097.88
12480.0,-7.402212,-92.87761569999999,6890924.42
12500.0,-6.1382432,-92.91093839999999,6890747.4
12520.0,-4.8741959,-92.94449619999999,6890566.890000001
12540.0,-3.6100714999999997,-92.9782389,6890382.96
12560.0,-2.3458712999999998,-93.0121174,6890195.67
12580.0,-1.0815967,-93.0460827,6890005.11
12600.0,0.1827507,-93.0800864,6889811.350000001
12620.0,1.4471694,-93.11408,6889614.49
12640.0,2.711658,-93.1480153,6889414.61
12660.0,3.9762147999999997,-93.1818436,6889211.83
12680.0,5.2408382,-93.21551579999999,6889006.24
12700.0,6.505526499999999,-93.2489824,6888797.97
12720.0,7.7702781,-93.28219279999999,6888587.12
12740.0,9.035091,-93.3150955,6888373.83
12760.0,10.2999636,-93.3476379,6888158.22
12780.0,11.5648939,-93.3797658,6887940.44
12800.0,12.8298799,-93.4114232,6887720.63
12820.0,14.0949197,-93.4425524,6887498.94
12840.0,15.3600111,-93.4730933,6887275.5200000005
12860.0,16.625152099999998,-93.5029833,6887050.54
12880.0,17.8903403,-93.53215709999999,6886824.15
12900.0,19.1555735,-93.5605461,6886596.54
12920.0,20.4208492,-93.5880782,6886367.890000001
12940.0,21.686165,-93.6146773,6886138.38
12960.0,22.9515183,-93.64026299999999,6885908.2
12980.0,24.2169064,-93.6647498,6885677.54
13000.0,25.4823266,-93.688047,6885446.600000001
13020.0,26.7477761,-93.7100577,6885215.57
13040.0,28.013251699999998,-93.7306782,6884984.65
13060.0,29.278750199999998,-93.74979739999999,6884754.03
13080.0,30.5442683,-93.7672959,6884523.91
13100.0,31.8098024,-93.78304469999999,6884294.49
13120.0,33.0753485,-93.7969048,6884065.98
13140.0,34.340902799999995,-93.80872509999999,6883838.58
13160.0,35.6064609,-93.8183419,6883612.5
13180.0,36.8720181,-93.8255765,6883387.94
13200.0,38.1375696,-93.83023399999999,6883165.13
13220.0,39.4031101,-93.83210079999999,6882944.26
13240.0,40.668633799999995,-93.83094229999999,6882725.5600000005
13260.0,41.9341345,-93.82650029999999,6882509.22
13280.0,43.1996056,-93.8184892,6882295.46
13300.0,44.4650396,-93.80659299999999,6882084.49
13320.0,45.730428599999996,-93.79046009999999,6881876.5
13340.0,46.9957637,-93.76969849999999,6881671.71
13360.0,48.261035199999995,-93.74386969999999,6881470.3100000005
13380.0,49.526232099999994,-93.71248109999999,6881272.53
13400.0,50.7913425,-93.67497759999999,6881078.55
13420.0,52.0563528,-93.63073089999999,6880888.58
13440.0,53.321248,-93.57902709999999,6880702.82
13460.0,54.586010699999996,-93.5190513,6880521.47
13480.0,55.8506216,-93.44986899999999,6880344.73
13500.0,57.115058399999995,-93.370403,6880172.78
13520.0,58.379295299999995,-93.2794052,6880005.82
13540.0,59.6433028,-93.1754213,6879844.01
13560.0,60.907046199999996,-93.05674549999999,6879687.55
13580.0,62.1704848,-92.9213644,6879536.58
13600.0,63.4335702,-92.7668841,6879391.28
13620.0,64.69624499999999,-92.5904357,6879251.8
13640.0,65.9584395,-92.38855149999999,6879118.2700000005
13660.0,67.22006929999999,-92.1570004,6878990.850000001
13680.0,68.48102999999999,-91.89056649999999,6878869.66
13700.0,69.74119209999999,-91.5827451,6878754.83
13720.0,71.0003917,-91.2253209,6878646.48
13740.0,72.2584191,-90.80776829999999,6878544.72
13760.0,73.5150008,-90.3163835,6878449.640000001
13780.0,74.7697743,-89.73299659999999,6878361.350000001
13800.0,76.0222473,-89.0330074,6878279.93
13820.0,77.2717359,-88.1822995,6878205.47
13840.0,78.5172606,-87.1322149,6878138.04
13860.0,79.7573701,-85.8110335,6878077.72
13880.0,80.98982319999999,-84.1088311,6878024.5600000005
13900.0,82.21097929999999,-81.8490645,6877978.62
13920.0,83.4145456,-78.7318411,6877939.95
13940.0,84.5887668,-74.2128741,6877908.59
13960.0,85.7094762,-67.2306698,6877884.57
13980.0,86.7213273,-55.6118616,6877867.91
14000.0,87.4890698,-35.430086200000005,6877858.63
14020.0,87.7474828,-5.247653700000001,6877856.76
14040.0,87.34351989999999,23.120486,6877862.2700000005
14060.0,86.4994402,40.895773099999985,6877875.19
14080.0,85.4541328,51.14319760000001,6877895.48
14100.0,84.3175864,57.4088285,6877923.13
14120.0,83.1349711,61.5303371,6877958.11
14140.0,81.9265097,64.4100311,6878000.390000001
14160.0,80.7022783,66.51831090000002,6878049.92
14180.0,79.4677784,68.1186262,6878106.67
14200.0,78.2262432,69.36825870000001,6878170.57
14220.0,76.979689,70.3662937,6878241.55
14240.0,75.7294349,71.17801409999998,6878319.55
14260.0,74.47637859999999,71.84807569999998,6878404.48
14280.0,73.221152,72.40800709999999,6878496.25
14300.0,71.9642121,72.88067799999999,6878594.76
14320.0,70.7058979,73.2830677,6878699.91
14340.0,69.44646589999999,73.62803930000001,6878811.58
14360.0,68.1861136,73.9255116,6878929.66
14380.0,66.9249962,74.1832537,6879054.01
14400.0,65.66323659999999,74.4074358,6879184.5
14420.0,64.40093399999999,74.6030197,6879320.99
14440.0,63.1381692,74.77404039999999,6879463.350000001
14460.0,61.875008699999995,74.9238124,6879611.42
14480.0,60.6115078,75.0550835,6879765.04
14500.0,59.3477128,75.1701511,6879924.0600000005
14520.0,58.0836629,75.27095070000001,6880088.3100000005
14540.0,56.819391599999996,75.3591246,6880257.62
14560.0,55.5549276,75.4360754,6880431.8100000005
14580.0,54.290295799999996,75.50300820000001,6880610.7
14600.0,53.0255176,75.56096459999998,6880794.12
14620.0,51.760611999999995,75.6108491,6880981.86
14640.0,50.4955958,75.65345159999998,6881173.74
14660.0,49.2304835,75.6894648,6881369.57
14680.0,47.965288199999996,75.71949860000001,6881569.15
14700.0,46.700021799999995,75.74409299999999,6881772.29
14720.0,45.4346946,75.7637269,6881978.7700000005
14740.0,44.1693162,75.7788276,6882188.41
14760.0,42.903895,75.78977709999998,6882400.98
14780.0,41.638439,75.7969181,6882616.2700000005
14800.0,40.3729552,75.8005593,6882834.07
14820.0,39.107450199999995,75.80097940000002,6883054.17
14840.0,37.8419301,75.79843110000002,6883276.34
14860.0,36.5764005,75.7931437,6883500.37
14880.0,35.3108666,75.7853265,6883726.03
14900.0,34.045333299999996,75.77517039999998,6883953.12
14920.0,32.7798053,75.76285039999999,6884181.42
14940.0,31.5142869,75.7485274,6884410.73
14960.0,30.248782199999997,75.73234930000001,6884640.850000001
14980.0,28.983295,75.71445269999998,6884871.59
15000.0,27.717828899999997,75.69496420000002,6885102.76
15020.0,26.4523872,75.6740011,6885334.15
15040.0,25.1869731,75.6516728,6885565.57
15060.0,23.921589599999997,75.6280811,6885796.83
15080.0,22.6562397,75.60332160000002,6886027.74
15100.0,21.3909263,75.57748370000002,6886258.100000001
15120.0,20.1256518,75.55065159999998,6886487.75
15140.0,18.860419,75.52290479999999,6886716.51
15160.0,17.5952303,75.4943183,6886944.21
15180.0,16.330088099999998,75.46496350000001,6887170.67
15200.0,15.0649945,75.4349081,6887395.75
15220.0,13.799951799999999,75.4042169,6887619.28
15240.0,12.534962,75.37295169999999,6887841.12
15260.0,11.2700272,75.34117220000002,6888061.100000001
15280.0,10.0051493,75.3089357,6888279.09
15300.0,8.7403301,75.27629759999999,6888494.95
15320.0,7.4755715,75.24331169999999,6888708.54
15340.0,6.2108753,75.2100304,6888919.74
15360.0,4.946243099999999,75.17650499999999,6889128.42
15380.0,3.6816766,75.1427856,6889334.45
15400.0,2.4171774999999998,75.1089217,6889537.73
15420.0,1.1527471999999999,75.07496229999998,6889738.140000001
15440.0,-0.1116127,75.0409558,6889935.58
15460.0,-1.3759006,75.00695059999998,6890129.94
15480.0,-2.6401152999999997,74.972995,6890321.15
15500.0,-3.9042551,74.93913750000002,6890509.100000001
15520.0,-5.1683188,74.9054271,6890693.71
15540.0,-6.4323049999999995,74.8719132,6890874.91
15560.0,-7.6962123,74.83864599999998,6891052.62
15580.0,-8.9600394,74.80567689999998,6891226.78
15600.0,-10.223785,74.77305810000001,6891397.32
15620.0,-11.487447699999999,74.74084349999998,6891564.19
15640.0,-12.751026399999999,74.7090887,6891727.34
15660.0,-14.0145196,74.67785079999999,6891886.73
15680.0,-15.2779262,74.6471895,6892042.3100000005
15700.0,-16.5412447,74.61716669999998,6892194.0600000005
15720.0,-17.804474,74.5878472,6892341.95
15740.0,-19.0676126,74.5592987,6892485.96
15760.0,-20.3306593,74.53159260000001,6892626.07
15780.0,-21.5936126,74.50480390000001,6892762.28
15800.0,-22.8564711,74.47901200000001,6892894.59
15820.0,-24.1192335,74.4543012,6893023.0
15840.0,-25.381898099999997,74.43076099999999,6893147.5200000005
15860.0,-26.6444634,74.40848679999999,6893268.15
15880.0,-27.9069278,74.38758050000001,6893384.93
15900.0,-29.169289499999998,74.36815159999998,6893497.88
15920.0,-30.431546599999997,74.35031750000002,6893607.0200000005
15940.0,-31.6936973,74.33420459999999,6893712.4
15960.0,-32.9557393,74.3199496,6893814.04
15980.0,-34.217670399999996,74.30770059999998,6893912.0
16000.0,-35.4794881,74.2976181,6894006.3100000005
16020.0,-36.7411898,74.28987710000001,6894097.03
16040.0,-38.0027723,74.28466839999999,6894184.22
16060.0,-39.2642325,74.28220089999999,6894267.92
16080.0,-40.5255668,74.2827039,6894348.2
16100.0,-41.786771099999996,74.28642959999999,6894425.11
16120.0,-43.047841,74.2936565,6894498.72
16140.0,-44.3087714,74.30469269999998,6894569.100000001
16160.0,-45.5695568,74.31988079999999,6894636.3
16180.0,-46.830190699999996,74.33960189999999,6894700.390000001
16200.0,-48.090666,74.36428239999998,6894761.45
16220.0,-49.3509744,74.39440050000002,6894819.54
16240.0,-50.6111067,74.4304947,6894874.74
16260.0,-51.8710521,74.47317369999999,6894927.100000001
16280.0,-53.1307986,74.5231282,6894976.72
16300.0,-54.3903319,74.58114569999998,6895023.67
16320.0,-55.6496358,74.64812789999999,6895068.0200000005
16340.0,-56.908691399999995,74.72511270000001,6895109.84
16360.0,-58.1674766,74.81330070000001,6895149.23
16380.0,-59.425965399999995,74.91408869999998,6895186.24
16400.0,-60.684127399999994,75.0291116,6895220.96
16420.0,-61.9419263,75.1602954,6895253.45
16440.0,-63.1993187,75.3099253,6895283.79
16460.0,-64.4562526,75.4807333,6895312.0600000005
16480.0,-65.71266469999999,75.67601309999998,6895338.3100000005
16500.0,-66.9684777,75.8997721,6895362.61
16520.0,-68.2235963,76.1569351,6895385.03
16540.0,-69.4779013,76.45362209999996,6895405.62
16560.0,-70.7312421,76.79753310000001,6895424.43
16580.0,-71.983426,77.19848990000003,6895441.54
16600.0,-73.2342024,77.6692175,6895456.98
16620.0,-74.4832395,78.22649369999999,6895470.8100000005
16640.0,-75.7300894,78.8928874,6895483.08
16660.0,-76.9741329,79.69946600000003,6895493.83
16680.0,-78.2144903,80.69015309999997,6895503.11
16700.0,-79.4498705,81.92902620000001,6895510.95
16720.0,-80.6783038,83.51309359999999,6895517.390000001
16740.0,-81.8966397,85.59586189999999,6895522.46
16760.0,-83.0995372,88.43347489999996,6895526.19
16780.0,-84.2772629,92.48114550000003,6895528.62
16800.0,-85.4104079,98.6072934,6895529.7700000005
16820.0,-86.45595929999999,108.57240330000002,6895529.67
16840.0,-87.3097817,125.79436579999998,6895528.34
16860.0,-87.74268359999999,153.54102899999998,6895525.79
16880.0,-87.5231421,-176.07562579999998,6895522.0200000005
16900.0,-86.7820299,-155.31852609999999,6895517.04
16920.0,-85.7860906,-143.32432749999998,6895510.850000001
16940.0,-84.6764689,-136.1349132,6895503.43
16960.0,-83.5112204,-131.4967847,6895494.79
16980.0,-82.3156025,-128.3060995,6895484.9
17000.0,-81.1018421,-125.99808469999999,6895473.76
17020.0,-79.8764556,-124.26249139999999,6895461.34
17040.0,-78.6431989,-122.9171969,6895447.61
17060.0,-77.4043761,-121.84908399999999,6895432.53
17080.0,-76.1614748,-120.98450539999999,6895416.09
17100.0,-74.9154958,-120.2735865,6895398.23
17120.0,-73.6671361,-119.6814117,6895378.91
17140.0,-72.4168955,-119.1828389,6895358.100000001
17160.0,-71.1651412,-118.7593193,6895335.75
17180.0,-69.9121486,-118.39687769999999,6895311.8100000005
17200.0,-68.65812869999999,-118.08479009999999,6895286.23
17220.0,-67.403245,-117.8146927,6895258.96
17240.0,-66.1476267,-117.5799682,6895229.93
17260.0,-64.89137649999999,-117.3753136,6895199.09
17280.0,-63.634577699999994,-117.1964299,6895166.38
17300.0,-62.377297999999996,-117.03979559999999,6895131.72
17320.0,-61.1195929,-116.9024986,6895095.05
17340.0,-59.861508699999995,-116.7821101,6895056.3
17360.0,-58.603083899999994,-116.67658809999999,6895015.4
17380.0,-57.344350999999996,-116.5842035,6894972.2700000005
17400.0,-56.0853374,-116.5034822,6894926.84
17420.0,-54.8260666,-116.4331598,6894879.04
17440.0,-53.5665583,-116.3721454,6894828.79
17460.0,-52.30683,-116.31949279999999,6894776.0200000005
17480.0,-51.0468963,-116.274377,6894720.65
17500.0,-49.7867702,-116.2360755,6894662.61
17520.0,-48.5264628,-116.2039528,6894601.83
17540.0,-47.265983999999996,-116.17744719999999,6894538.24
17560.0,-46.005342299999995,-116.1560605,6894471.76
17580.0,-44.7445453,-116.1393495,6894402.34
17600.0,-43.4835995,-116.1269178,6894329.9
17620.0,-42.2225111,-116.11841009999999,6894254.38
17640.0,-40.9612851,-116.113507,6894175.71
17660.0,-39.6999262,-116.11192009999999,6894093.83
17680.0,-38.4384388,-116.11338839999999,6894008.69
17700.0,-37.1768265,-116.11767499999999,6893920.22
17720.0,-35.915092699999995,-116.12456429999999,6893828.37
17740.0,-34.6532406,-116.13385939999999,6893733.08
17760.0,-33.3912729,-116.1453801,6893634.3100000005
17780.0,-32.1291923,-116.15896099999999,6893532.0
17800.0,-30.867001,-116.17444979999999,6893426.11
17820.0,-29.6047014,-116.19170629999999,6893316.59
17840.0,-28.342295399999998,-116.2106003,6893203.42
17860.0,-27.0797849,-116.23101159999999,6893086.55
17880.0,-25.8171718,-116.2528279,6892965.95
17900.0,-24.5544577,-116.275945,6892841.600000001
17920.0,-23.2916442,-116.30026509999999,6892713.48
17940.0,-22.028733,-116.32569679999999,6892581.57
17960.0,-20.7657255,-116.35215409999999,6892445.850000001
17980.0,-19.5026232,-116.379556,6892306.33
18000.0,-18.2394276,-116.4078258,6892163.0
18020.0,-16.9761399,-116.4368911,6892015.86
18040.0,-15.712761599999999,-116.4666829,6891864.93
18060.0,-14.449294,-116.4971353,6891710.23
18080.0,-13.185738599999999,-116.5281856,6891551.7700000005
18100.0,-11.9220966,-116.55977329999999,6891389.600000001
18120.0,-10.6583694,-116.5918404,6891223.74
18140.0,-9.3945584,-116.6243308,6891054.23
18160.0,-8.1306649,-116.6571901,6890881.140000001
18180.0,-6.866690299999999,-116.6903655,6890704.51
18200.0,-5.6026359999999995,-116.7238052,6890524.4
18220.0,-4.3385034,-116.75745889999999,6890340.890000001
18240.0,-3.0742938,-116.7912767,6890154.04
18260.0,-1.8100089,-116.8252095,6889963.94
18280.0,-0.54565,-116.85920879999999,6889770.66
18300.0,0.7187813,-116.893226,6889574.3100000005
18320.0,1.9832834,-116.9272129,6889374.98
18340.0,3.2478548,-116.9611211,6889172.7700000005
18360.0,4.5124939,-116.9949017,6888967.8
18380.0,5.7771989,-117.0285055,6888760.18
18400.0,7.0419681999999995,-117.06188259999999,6888550.03
18420.0,8.3067999,-117.094982,6888337.48
18440.0,9.571692299999999,-117.1277518,6888122.67
18460.0,10.8366436,-117.1601386,6887905.73
18480.0,12.1016517,-117.1920876,6887686.82
18500.0,13.3667147,-117.22354209999999,6887466.07
18520.0,14.6318307,-117.25444329999999,6887243.65
18540.0,15.8969974,-117.2847302,6887019.71
18560.0,17.162212699999998,-117.3143391,6886794.41
18580.0,18.427474399999998,-117.3432031,6886567.92
18600.0,19.6927801,-117.3712523,6886340.42
18620.0,20.9581274,-117.3984129,6886112.08
18640.0,22.223513699999998,-117.424607,6885883.08
18660.0,23.4889364,-117.44975219999999,6885653.600000001
18680.0,24.754392799999998,-117.47376089999999,6885423.82
18700.0,26.01988,-117.49653959999999,6885193.94
18720.0,27.2853949,-117.5179888,6884964.15
18740.0,28.5509345,-117.5380017,6884734.640000001
18760.0,29.816495399999997,-117.5564637,6884505.600000001
18780.0,31.0820741,-117.57325159999999,6884277.24
18800.0,32.3476669,-117.5882322,6884049.74
18820.0,33.6132699,-117.6012616,6883823.33
18840.0,34.8788789,-117.6121835,6883598.18
18860.0,36.1444894,-117.62082799999999,6883374.51
18880.0,37.4100967,-117.6270098,6883152.53
18900.0,38.6756957,-117.6305263,6882932.42
18920.0,39.9412808,-117.63115529999999,6882714.390000001
18940.0,41.2068462,-117.6286526,6882498.66
18960.0,42.4723853,-117.6227486,6882285.41
18980.0,43.7378912,-117.6131455,6882074.87
19000.0,45.0033561,-117.59951249999999,6881867.23
19020.0,46.268771799999996,-117.58148179999999,6881662.7
19040.0,47.5341289,-117.55864249999999,6881461.49
19060.0,48.7994172,-117.53053399999999,6881263.8
19080.0,50.0646255,-117.4966384,6881069.82
19100.0,51.329741,-117.4563711,6880879.76
19120.0,52.594749699999994,-117.40906919999999,6880693.8100000005
19140.0,53.859635499999996,-117.35397789999999,6880512.17
19160.0,55.1243803,-117.2902342,6880335.03
19180.0,56.388963399999994,-117.2168463,6880162.57
19200.0,57.6533613,-117.13266829999999,6879994.98
19220.0,58.9175465,-117.0363696,6879832.44
19240.0,60.181487399999995,-116.9263952,6879675.13
19260.0,61.445146799999996,-116.80091669999999,6879523.21
19280.0,62.7084811,-116.65776919999999,6879376.86
19300.0,63.971438199999994,-116.49437019999999,6879236.22
19320.0,65.2339557,-116.3076136,6879101.46
19340.0,66.4959583,-116.0937306,6878972.72
19360.0,67.7573535,-115.8481029,6878850.13
19380.0,69.0180274,-115.56500969999999,6878733.84
19400.0,70.2778368,-115.2372798,6878623.98
19420.0,71.5366003,-114.85580159999999,6878520.66
19440.0,72.7940836,-114.40882459999999,6878424.0
19460.0,74.0499794,-113.88093459999999,6878334.100000001
19480.0,75.3038761,-113.2515183,6878251.0600000005
19500.0,76.55520949999999,-112.492392,6878174.98
19520.0,77.80318609999999,-111.56402059999999,6878105.93
19540.0,79.0466537,-110.40925849999999,6878043.98
19560.0,80.2838762,-108.9425306,6877989.19
19580.0,81.5121175,-107.0301731,6877941.640000001
19600.0,82.72682139999999,-104.4525846,6877901.350000001
19620.0,83.9198639,-100.82649219999999,6877868.390000001
19640.0,85.0754716,-95.4345687,6877842.7700000005
19660.0,86.1596955,-86.8388435,6877824.53
19680.0,87.0915718,-72.1307502,6877813.68
19700.0,87.6796463,-47.23171769999999,6877810.25
19720.0,87.6498508,-15.80894570000001,6877814.23
19740.0,87.02066719999999,8.12872920000001,6877825.62
19760.0,86.070154,22.14209679999999,6877844.41
19780.0,84.97755389999999,30.372737,6877870.59
19800.0,83.81775069999999,35.56922079999998,6877904.11
19820.0,82.62237429999999,39.0827065,6877944.96
19840.0,81.4062605,41.5906598,6877993.09
19860.0,80.1771122,43.45734049999999,6878048.45
19880.0,78.93927819999999,44.892637699999995,6878110.99
19900.0,77.69538349999999,46.024911799999984,6878180.65
19920.0,76.4471009,46.936668699999984,6878257.36
19940.0,75.1955444,47.68318679999999,6878341.04
19960.0,73.94148369999999,48.302816699999994,6878431.600000001
19980.0,72.6854669,48.82296249999999,6878528.95
20000.0,71.4278953,49.26370850000001,6878632.99
20020.0,70.1690686,49.640099599999985,6878743.600000001
20040.0,68.909216,49.96362339999999,6878860.67
20060.0,67.648515,50.243199000000004,6878984.07
20080.0,66.3871059,50.48585539999999,6879113.67
20100.0,65.1251005,50.697205800000006,6879249.32
20120.0,63.862589699999994,50.88178590000001,6879390.890000001
20140.0,62.599647499999996,51.0433008,6879538.21
20160.0,61.336335299999995,51.1848061,6879691.140000001
20180.0,60.0727043,51.30884470000001,6879849.5
20200.0,58.8087977,51.41754929999999,6880013.15
20220.0,57.5446519,51.51272259999999,6880181.890000001
20240.0,56.2802984,51.59589829999999,6880355.57
20260.0,55.0157641,51.668389899999994,6880533.99
20280.0,53.751072199999996,51.73132859999998,6880716.99
20300.0,52.4862433,51.78569429999999,6880904.37
20320.0,51.2212952,51.83234010000001,6881095.96
20340.0,49.9562436,51.872012100000006,6881291.5600000005
20360.0,48.6911025,51.90536589999999,6881490.98
20380.0,47.4258844,51.93298010000001,6881694.03
20400.0,46.1606002,51.955367300000006,6881900.5
20420.0,44.895260199999996,51.972983400000004,6882110.19
20440.0,43.6298733,51.986235300000004,6882322.88
20460.0,42.3644477,51.995487499999996,6882538.38
20480.0,41.0989911,52.00106769999999,6882756.46
20500.0,39.8335102,52.003271100000006,6882976.91
20520.0,38.5680115,52.00236480000001,6883199.5200000005
20540.0,37.302500699999996,51.99859119999999,6883424.08
20560.0,36.0369832,51.99217060000001,6883650.350000001
20580.0,34.7714643,51.983304000000004,6883878.12
20600.0,33.505948499999995,51.97217549999999,6884107.17
20620.0,32.2404405,51.9589536,6884337.3
20640.0,30.974944299999997,51.94379359999999,6884568.3
20660.0,29.7094639,51.9268385,6884799.97
20680.0,28.4440031,51.908220400000005,6885032.12
20700.0,27.178565199999998,51.8880618,6885264.55
20720.0,25.9131535,51.8664766,6885497.07
20740.0,24.6477711,51.84357069999999,6885729.51
20760.0,23.3824209,51.819443199999995,6885961.65
20780.0,22.1171057,51.794186800000006,6886193.32
20800.0,20.8518281,51.767888700000015,6886424.33
20820.0,19.5865907,51.740630899999985,6886654.5
20840.0,18.321396,51.712490900000006,6886883.62
20860.0,17.056246299999998,51.68354210000001,6887111.53
20880.0,15.7911439,51.65385409999999,6887338.05
20900.0,14.526091,51.6234934,6887563.0
20920.0,13.2610899,51.592523400000005,6887786.22
20940.0,11.996142599999999,51.561004999999994,6888007.5600000005
20960.0,10.7312511,51.52899669999999,6888226.86
20980.0,9.4664174,51.496555,6888444.0
21000.0,8.2016434,51.46373460000001,6888658.83
21020.0,6.9369307,51.43058859999999,6888871.23
21040.0,5.6722811,51.39716899999999,6889081.07
21060.0,4.4076963,51.3635266,6889288.24
21080.0,3.1431777999999997,51.32971119999999,6889492.61
21100.0,1.8787273,51.295772,6889694.08
21120.0,0.6143462,51.26175789999999,6889892.53
21140.0,-0.6499640999999999,51.2277172,6890087.87
21160.0,-1.914202,51.1936982,6890279.99
21180.0,-3.1783661,51.15974940000001,6890468.8100000005
21200.0,-4.4424551,51.12591929999999,6890654.24
21220.0,-5.7064676,51.0922573,6890836.2
21240.0,-6.9704023,51.05881289999999,6891014.62
21260.0,-8.2342578,51.025636899999995,6891189.43
21280.0,-9.498032799999999,50.99278100000001,6891360.57
21300.0,-10.7617262,50.960297999999995,6891527.99
21320.0,-12.0253366,50.92824250000001,6891691.640000001
21340.0,-13.2888627,50.89667079999998,6891851.47
21360.0,-14.5523033,50.86564089999999,6892007.45
21380.0,-15.8156571,50.83521339999999,6892159.55
21400.0,-17.0789228,50.80545139999998,6892307.74
21420.0,-18.3420992,50.776420900000005,6892452.01
21440.0,-19.605184899999998,50.748191099999985,6892592.34
21460.0,-20.8681786,50.720834800000006,6892728.74
21480.0,-22.1310789,50.6944288,6892861.19
21500.0,-23.3938845,50.669054700000004,6892989.71
21520.0,-24.656593899999997,50.6447986,6893114.3100000005
21540.0,-25.919205599999998,50.621752500000014,6893234.99
21560.0,-27.181718099999998,50.60001460000001,6893351.8
21580.0,-28.444129699999998,50.57968979999998,6893464.73
21600.0,-29.7064387,50.56089059999999,6893573.83
21620.0,-30.9686432,50.5437383,6893679.12
21640.0,-32.2307412,50.52836350000001,6893780.63
21660.0,-33.4927305,50.5149074,6893878.41
21680.0,-34.7546088,50.503523099999995,6893972.49
21700.0,-36.0163736,50.4943772,6894062.92
21720.0,-37.278022,50.48765079999998,6894149.75
21740.0,-38.5395508,50.48354230000001,6894233.03
21760.0,-39.8009568,50.48226869999999,6894312.82
21780.0,-41.062236,50.484068699999995,6894389.17
21800.0,-42.3233843,50.489205,6894462.16
21820.0,-43.5843971,50.49796839999999,6894531.850000001
21840.0,-44.8452689,50.510680699999995,6894598.3100000005
21860.0,-46.105993999999995,50.5277002,6894661.600000001
21880.0,-47.3665655,50.54942639999999,6894721.8
21900.0,-48.626976,50.57630660000001,6894778.98
21920.0,-49.887216699999996,50.608843500000006,6894833.22
21940.0,-51.1472779,50.6476036,6894884.59
21960.0,-52.407148199999995,50.69322890000001,6894933.17
21980.0,-53.6668148,50.74644889999999,6894979.04
22000.0,-54.926262599999994,50.80809719999999,6895022.26
22020.0,-56.1854744,50.8791301,6895062.93
22040.0,-57.444429899999996,50.96065060000001,6895101.12
22060.0,-58.7031055,51.053937899999994,6895136.9
22080.0,-59.9614736,51.16048380000001,6895170.36
22100.0,-61.2195014,51.28203930000001,6895201.57
22120.0,-62.4771496,51.42067320000001,6895230.59
22140.0,-63.7343718,51.578847800000005,6895257.51
22160.0,-64.99111119999999,51.75951739999999,6895282.390000001
22180.0,-66.2472993,51.9662568,6895305.28
22200.0,-67.5028517,52.20343389999999,6895326.26
22220.0,-68.7576636,52.47644109999999,6895345.390000001
22240.0,-70.0116038,52.79201380000001,6895362.71
22260.0,-71.26450539999999,53.158674399999995,6895378.3
22280.0,-72.5161534,53.5873637,6895392.2
22300.0,-73.76626639999999,54.092358700000005,6895404.48
22320.0,-75.01446849999999,54.6926388,6895415.18
22340.0,-76.2602477,55.41397660000001,6895424.36
22360.0,-77.502888,56.29223769999999,6895432.0600000005
22380.0,-78.74135869999999,57.37878029999999,6895438.32
22400.0,-79.97412349999999,58.749662,6895443.18
22420.0,-81.1987935,60.5221085,6895446.69
22440.0,-82.4114574,62.885643500000015,6895448.86
22460.0,-83.6052907,66.1647346,6895449.73
22480.0,-84.76739789999999,70.9534271,6895449.33
22500.0,-85.8709137,78.41912500000001,6895447.68
22520.0,-86.8535836,90.94437119999998,6895444.82
22540.0,-87.56446389999999,112.56870370000001,6895440.75
22560.0,-87.73173229999999,143.34543940000003,6895435.5
22580.0,-87.254176,170.3280664,6895429.07
22600.0,-86.3784814,-173.1901612,6895421.47
22620.0,-85.3231818,-163.63044979999998,6895412.68
22640.0,-84.1852502,-157.7191067,6895402.71
22660.0,-83.00489139999999,-153.7930905,6895391.55
22680.0,-81.8004006,-151.029566,6895379.2
22700.0,-80.5810243,-148.9948056,6895365.63
22720.0,-79.351868,-147.4434614,6895350.82
22740.0,-78.1159586,-146.2278304,6895334.75
22760.0,-76.8751964,-145.2542186,6895317.390000001
22780.0,-75.6308311,-144.4605418,6895298.71
22800.0,-74.38371649999999,-143.8041292,6895278.67
22820.0,-73.134455,-143.2547314,6895257.23
22840.0,-71.8834834,-142.7903306,6895234.36
22860.0,-70.6311254,-142.3945314,6895210.01
22880.0,-69.3776263,-142.0548806,6895184.12
22900.0,-68.1231746,-141.7617535,6895156.640000001
22920.0,-66.867918,-141.5075961,6895127.51
22940.0,-65.61197349999999,-141.2863983,6895096.67
22960.0,-64.3554346,-141.09331899999998,6895064.05
22980.0,-63.0983776,-140.92441599999998,6895029.600000001
23000.0,-61.840864499999995,-140.77644659999999,6894993.23
23020.0,-60.582946699999994,-140.646719,6894954.88
23040.0,-59.324667,-140.5329805,6894914.47
23060.0,-58.0660611,-140.4333312,6894871.94
23080.0,-56.8071592,-140.3461576,6894827.21
23100.0,-55.547987,-140.2700805,6894780.21
23120.0,-54.2885662,-140.20391379999998,6894730.86
23140.0,-53.0289157,-140.1466319,6894679.09
23160.0,-51.7690516,-140.09734319999998,6894624.82
23180.0,-50.5089878,-140.0552689,6894568.0
23200.0,-49.2487364,-140.0197255,6894508.54
23220.0,-47.9883081,-139.99011059999998,6894446.37
23240.0,-46.727712,-139.9658912,6894381.43
23260.0,-45.4669563,-139.9465935,6894313.640000001
23280.0,-44.2060481,-139.93179519999998,6894242.94
23300.0,-42.9449939,-139.9211186,6894169.25
23320.0,-41.683799199999996,-139.9142242,6894092.51
23340.0,-40.422469,-139.9108066,6894012.66
23360.0,-39.1610079,-139.9105894,6893929.63
23380.0,-37.8994199,-139.9133226,6893843.36
23400.0,-36.637708599999996,-139.91877879999998,6893753.8
23420.0,-35.3758774,-139.9267505,6893660.88
23440.0,-34.1139291,-139.93704839999998,6893564.55
23460.0,-32.851866699999995,-139.94949889999998,6893464.7700000005
23480.0,-31.5896926,-139.9639424,6893361.49
23500.0,-30.327409,-139.980232,6893254.66
23520.0,-29.0650183,-139.998232,6893144.25
23540.0,-27.8025223,-140.0178166,6893030.22
23560.0,-26.539922999999998,-140.0388692,6892912.54
23580.0,-25.277222199999997,-140.06128099999998,6892791.19
23600.0,-24.014421499999997,-140.0849507,6892666.15
23620.0,-22.7515225,-140.1097834,6892537.390000001
23640.0,-21.488526699999998,-140.13568999999998,6892404.9
23660.0,-20.2254357,-140.16258679999999,6892268.69
23680.0,-18.9622509,-140.19039469999998,6892128.73
23700.0,-17.6989737,-140.21903899999998,6891985.04
23720.0,-16.4356054,-140.24844869999998,6891837.62
23740.0,-15.1721475,-140.2785562,6891686.48
23760.0,-13.908601299999999,-140.3092972,6891531.640000001
23780.0,-12.644967999999999,-140.3406099,6891373.12
23800.0,-11.3812492,-140.3724348,6891210.95
23820.0,-10.117446,-140.40471499999998,6891045.17
23840.0,-8.85356,-140.43739499999998,6890875.8100000005
23860.0,-7.5895923,-140.47042109999998,6890702.91
23880.0,-6.3255444999999995,-140.5037412,6890526.54
23900.0,-5.061418,-140.5373041,6890346.73
23920.0,-3.7972142,-140.57105959999998,6890163.57
23940.0,-2.5329346,-140.6049583,6889977.13
23960.0,-1.2685806,-140.6389515,6889787.47
23980.0,-0.0041538,-140.6729906,6889594.68
24000.0,1.2603442,-140.7070273,6889398.86
24020.0,2.5249118,-140.7410133,6889200.11
24040.0,3.7895474,-140.7749001,6888998.5200000005
24060.0,5.0542494,-140.8086387,6888794.22
24080.0,6.3190159,-140.8421797,6888587.3100000005
24100.0,7.5838453999999995,-140.87547279999998,6888377.92
24120.0,8.8487359,-140.9084666,6888166.19
24140.0,10.1136856,-140.9411088,6887952.24
24160.0,11.3786927,-140.9733454,6887736.21
24180.0,12.6437552,-141.0051208,6887518.26
24200.0,13.908871,-141.03637759999998,6887298.5200000005
24220.0,15.1740382,-141.06705599999998,6887077.16
24240.0,16.4392545,-141.097094,6886854.34
24260.0,17.704517799999998,-141.1264267,6886630.22
24280.0,18.969825699999998,-141.15498599999998,6886404.98
24300.0,20.2351758,-141.1827003,6886178.78
24320.0,21.5005658,-141.2094943,6885951.8
24340.0,22.765992999999998,-141.2352883,6885724.22
24360.0,24.031454699999998,-141.25999769999999,6885496.23
24380.0,25.296948099999998,-141.2835326,6885268.0200000005
24400.0,26.562470299999998,-141.30579699999998,6885039.76
24420.0,27.8280182,-141.3266885,6884811.67
24440.0,29.0935885,-141.3460972,6884583.93
24460.0,30.359177799999998,-141.363905,6884356.75
24480.0,31.6247826,-141.3799846,6884130.32
24500.0,32.8903989,-141.39419859999998,6883904.87
24520.0,34.156022899999996,-141.4063978,6883680.58
24540.0,35.421650199999995,-141.4164207,6883457.68
24560.0,36.6872762,-141.424091,6883236.36
24580.0,37.9528961,-141.4292164,6883016.84
24600.0,39.2185047,-141.43158649999998,6882799.33
24620.0,40.4840963,-141.43097,6882584.03
24640.0,41.7496648,-141.4271125,6882371.15
24660.0,43.0152037,-141.4197331,6882160.88
24680.0,44.2807056,-141.4085206,6881953.45
24700.0,45.546162599999995,-141.3931292,6881749.04
24720.0,46.811566199999994,-141.3731736,6881547.850000001
24740.0,48.076906699999995,-141.3482228,6881350.09
24760.0,49.3421734,-141.3177933,6881155.94
24780.0,50.6073546,-141.2813401,6880965.61
24800.0,51.8724369,-141.23824679999998,6880779.2700000005
24820.0,53.1374056,-141.1878137,6880597.12
24840.0,54.4022438,-141.1292423,6880419.34
24860.0,55.6669323,-141.0616178,6880246.100000001
24880.0,56.9314494,-140.9838864,6880077.600000001
24900.0,58.1957698,-140.8948282,6879913.99
24920.0,59.459864499999995,-140.7930226,6879755.46
24940.0,60.7236997,-140.6768054,6879602.15
24960.0,61.9872355,-140.5442141,6879454.25
24980.0,63.2504249,-140.39291749999998,6879311.890000001
25000.0,64.5132118,-140.2201254,6879175.25
25020.0,65.7755287,-140.02246979999998,6879044.47
25040.0,67.0372934,-139.7958466,6878919.7
25060.0,68.29840519999999,-139.5352046,6878801.09
25080.0,69.5587388,-139.23425509999998,6878688.7700000005
25100.0,70.8181362,-138.8850712,6878582.88
25120.0,72.0763958,-138.4775185,6878483.54
25140.0,73.3332554,-137.9984347,6878390.87
25160.0,74.58836819999999,-137.4304162,6878304.97
25180.0,75.84126499999999,-136.74997539999998,6878225.95
25200.0,77.0912963,-135.92465819999998,6878153.890000001
25220.0,78.3375362,-134.9083761,6878088.87
25240.0,79.57861989999999,-133.6335399,6878030.97
25260.0,80.8124532,-131.99717959999998,6877980.24
25280.0,82.03566119999999,-129.83511009999998,6877936.74
25300.0,83.2424668,-126.87082529999999,6877900.5200000005
25320.0,84.42220909999999,-122.6074493,6877871.62
25340.0,85.5532908,-116.0854342,6877850.0600000005
25360.0,86.58698129999999,-105.3439008,6877835.86
25380.0,87.40419729999999,-86.6728005,6877829.05
25400.0,87.75462399999999,-57.51113799999999,6877829.63
25420.0,87.4388953,-27.914240699999993,6877837.600000001
25440.0,86.6398202,-8.669124899999986,6877852.95
25460.0,85.6140748,2.398517599999991,6877875.67
25480.0,84.4867601,9.090792700000009,6877905.73
25500.0,83.3090223,13.448588400000006,6877943.100000001
25520.0,82.103394,16.46929689999999,6877987.74
25540.0,80.8809346,18.667348800000013,6878039.600000001
25560.0,79.6476088,20.32790750000001,6878098.640000001
25580.0,78.4068881,21.619733699999983,6878164.7700000005
25600.0,77.1609203,22.64837220000001,6878237.95
25620.0,75.9111015,23.482941600000004,6878318.08
25640.0,74.658377,24.170481199999983,6878405.100000001
25660.0,73.4034088,24.74405999999999,6878498.9
25680.0,72.1466744,25.227576599999992,6878599.390000001
25700.0,70.8885262,25.638717999999983,6878706.48
25720.0,69.62923049999999,25.9908461,6878820.04
25740.0,68.36899199999999,26.29423940000001,6878939.95
25760.0,67.1079705,26.556931099999986,6879066.100000001
25780.0,65.846293,26.785289299999988,6879198.350000001
25800.0,64.5840614,26.984425799999997,6879336.5600000005
25820.0,63.321358599999996,27.158491200000014,6879480.600000001
25840.0,62.0582529,27.31089,6879630.3
25860.0,60.7948008,27.444441299999994,6879785.53
25880.0,59.531049599999996,27.561499099999992,6879946.11
25900.0,58.267039399999994,27.6640443,6880111.88
25920.0,57.002804399999995,27.753756399999986,6880282.66
25940.0,55.738373599999996,27.832068099999987,6880458.2700000005
25960.0,54.473772399999994,27.90020960000001,6880638.53
25980.0,53.2090227,27.959242999999987,6880823.26
26000.0,51.9441437,28.0100903,6881012.25
26020.0,50.6791522,28.053555700000004,6881205.32
26040.0,49.4140632,28.090344299999998,6881402.25
26060.0,48.1488899,28.121076700000003,6881602.86
26080.0,46.8836442,28.146301300000005,6881806.92
26100.0,45.618336799999994,28.16650519999999,6882014.25
26120.0,44.3529773,28.1821219,6882224.62
26140.0,43.0875743,28.193539299999998,6882437.82
26160.0,41.8221359,28.201105100000007,6882653.66
26180.0,40.556669299999996,28.205132300000002,6882871.9
26200.0,39.2911812,28.2059036,6883092.350000001
26220.0,38.0256778,28.203674799999987,6883314.79
26240.0,36.7601647,28.198678299999983,6883539.0200000005
26260.0,35.4946473,28.191125699999986,6883764.850000001
26280.0,34.229130399999995,28.18121020000001,6883992.07
26300.0,32.9636186,28.169108899999998,6884220.5
26320.0,31.6981158,28.1549842,6884449.92
26340.0,30.432626199999998,28.138985700000006,6884680.140000001
26360.0,29.1671534,28.1212515,6884910.93
26380.0,27.901701,28.10190940000001,6885142.100000001
26400.0,26.636272299999998,28.081077899999997,6885373.43
26420.0,25.3708706,28.058867399999997,6885604.74
26440.0,24.1054988,28.035380599999996,6885835.83
26460.0,22.8401599,28.010713899999985,6886066.5
26480.0,21.5748566,27.98495729999999,6886296.5600000005
26500.0,20.3095915,27.958195899999993,6886525.83
26520.0,19.0443672,27.930509400000005,6886754.12
26540.0,17.779186199999998,27.90197359999999,6886981.2700000005
26560.0,16.5140507,27.872660199999984,6887207.09
26580.0,15.248963,27.842637200000013,6887431.41
26600.0,13.9839253,27.81196990000001,6887654.09
26620.0,12.7189397,27.7807205,6887874.95
26640.0,11.454008199999999,27.748948600000006,6888093.850000001
26660.0,10.1891328,27.716712099999995,6888310.640000001
26680.0,8.9243153,27.684066400000006,6888525.19
26700.0,7.6595575,27.651065499999987,6888737.36
26720.0,6.3948613,27.617762,6888947.01
26740.0,5.1302281999999995,27.584207300000003,6889154.03
26760.0,3.8656601,27.550451600000002,6889358.29
26780.0,2.6011584,27.516544600000003,6889559.69
26800.0,1.3367247,27.482534999999984,6889758.11
26820.0,0.0723605,27.44847150000001,6889953.44
26840.0,-1.1919326,27.4144024,6890145.61
26860.0,-2.4561533,27.38037589999999,6890334.5
26880.0,-3.7203000999999998,27.3464405,6890520.05
26900.0,-4.9843717,27.31264490000001,6890702.17
26920.0,-6.248366799999999,27.279038500000013,6890880.79
26940.0,-7.5122839,27.245671299999998,6891055.84
26960.0,-8.7761219,27.212594200000012,6891227.26
26980.0,-10.0398794,27.179859499999992,6891395.0
27000.0,-11.303555099999999,27.147520499999985,6891558.99
27020.0,-12.5671479,27.115632599999998,6891719.2
27040.0,-13.8306563,27.08425249999999,6891875.58
27060.0,-15.0940791,27.05343959999999,6892028.11
27080.0,-16.3574151,27.023255299999988,6892176.76
27100.0,-17.620663,26.99376380000001,6892321.51
27120.0,-18.883821599999997,26.965032500000007,6892462.34
27140.0,-20.1468894,26.937131899999997,6892599.24
27160.0,-21.4098652,26.91013670000001,6892732.21
27180.0,-22.672747599999997,26.884125399999988,6892861.25
27200.0,-23.9355352,26.859181500000005,6892986.37
27220.0,-25.198226599999998,26.835393699999997,6893107.57
27240.0,-26.4608201,26.812856299999993,6893224.86
27260.0,-27.723314199999997,26.7916702,6893338.28
27280.0,-28.9857071,26.771943599999986,6893447.83
27300.0,-30.247996899999997,26.753792599999997,6893553.5600000005
27320.0,-31.510181799999998,26.737342100000006,6893655.5
27340.0,-32.7722595,26.72272720000001,6893753.7
27360.0,-34.0342279,26.710093999999998,6893848.21
27380.0,-35.2960845,26.699601099999995,6893939.07
27400.0,-36.5578267,26.69142099999999,6894026.350000001
27420.0,-37.8194516,26.685742000000005,6894110.11
27440.0,-39.0809559,26.682770000000005,6894190.390000001
27460.0,-40.3423362,26.68273099999999,6894267.2700000005
27480.0,-41.6035885,26.685873500000014,6894340.79
27500.0,-42.8647084,26.692471799999993,6894411.04
27520.0,-44.125690899999995,26.702829100000002,6894478.07
27540.0,-45.3865306,26.717282299999994,6894541.95
27560.0,-46.6472212,26.736206400000015,6894602.7700000005
27580.0,-47.907755599999994,26.760020499999996,6894660.58
27600.0,-49.1681259,26.789194199999997,6894715.46
27620.0,-50.4283229,26.824256399999996,6894767.48
27640.0,-51.688336299999996,26.865804200000014,6894816.73
27660.0,-52.948153999999995,26.914514999999994,6894863.26
27680.0,-54.2077622,26.971160699999984,6894907.17
27700.0,-55.467144999999995,27.0366243,6894948.5200000005
27720.0,-56.7262841,27.111921499999994,6894987.4
27740.0,-57.985157699999995,27.19822640000001,6895023.890000001
27760.0,-59.243740599999995,27.296903799999995,6895058.05
27780.0,-60.502003099999996,27.409549700000014,6895089.97
27800.0,-61.759909799999996,27.53804249999999,6895119.72
27820.0,-63.0174187,27.684608700000013,6895147.37
27840.0,-64.274479,27.851906799999995,6895173.0
27860.0,-65.5310295,28.043138199999987,6895196.67
27880.0,-66.7869953,28.262192400000004,6895218.46
27900.0,-68.042284,28.51384250000001,6895238.41
27920.0,-69.29678059999999,28.804009899999983,6895256.600000001
27940.0,-70.5503399,29.14013080000001,6895273.08
27960.0,-71.8027764,29.5316713,6895287.9
27980.0,-73.05384959999999,29.990866399999987,6895301.12
28000.0,-74.3032417,30.533805400000006,6895312.7700000005
28020.0,-75.5505251,31.182065800000004,6895322.91
28040.0,-76.7951109,31.965245699999997,6895331.58
28060.0,-78.03616579999999,32.92502210000001,6895338.84
28080.0,-79.2724732,34.12190419999999,6895344.71
28100.0,-80.5021877,35.64697910000001,6895349.25
28120.0,-81.72237969999999,37.64340809999999,6895352.47
28140.0,-82.9281276,40.34814130000001,6895354.42
28160.0,-84.1105625,44.1782997,6895355.13
28180.0,-85.2522436,49.92167899999998,6895354.61
28200.0,-86.3151034,59.1662542,6895352.890000001
28220.0,-87.2076463,75.06782799999999,6895349.99
28240.0,-87.7201992,101.40293539999999,6895345.93
28260.0,-87.5960006,132.4338927,6895340.72
28280.0,-86.9109199,154.77425089999997,6895334.36
28300.0,-85.93956469999999,167.7503883,6895326.86
28320.0,-84.8411799,175.4500372,6895318.21
28340.0,-83.6816647,-179.6347755,6895308.41
28360.0,-82.4892717,-176.28198419999998,6895297.44
28380.0,-81.2774673,-173.87247779999998,6895285.3100000005
28400.0,-80.0533366,-172.0696955,6895271.98
28420.0,-78.8209212,-170.67785999999998,6895257.45
28440.0,-77.5826805,-169.5762947,6895241.68
28460.0,-76.34019119999999,-168.6869271,6895224.640000001
28480.0,-75.0945085,-167.9571648,6895206.3100000005
28500.0,-73.84636379999999,-167.35035449999998,6895186.66
28520.0,-72.5962794,-166.8402031,6895165.63
28540.0,-71.3446379,-166.4073766,6895143.19
28560.0,-70.0917256,-166.03734989999998,6895119.29
28580.0,-68.8377608,-165.71900499999998,6895093.87
28600.0,-67.5829128,-165.4436898,6895066.87
28620.0,-66.3273147,-165.2045728,6895038.24
28640.0,-65.0710726,-164.9961887,6895007.91
28660.0,-63.814271999999995,-164.81411409999998,6894975.8100000005
28680.0,-62.5569825,-164.6547309,6894941.87
28700.0,-61.299261099999995,-164.51505079999998,6894906.03
28720.0,-60.0411553,-164.3925846,6894868.22
28740.0,-58.782704599999995,-164.2852418,6894828.36
28760.0,-57.5239421,-164.1912539,6894786.390000001
28780.0,-56.2648959,-164.109115,6894742.22
28800.0,-55.0055899,-164.0375341,6894695.79
28820.0,-53.746044499999996,-163.97539849999998,6894647.03
28840.0,-52.486277099999995,-163.9217438,6894595.850000001
28860.0,-51.226302999999994,-163.8757297,6894542.19
28880.0,-49.966135099999995,-163.83662089999999,6894485.96
28900.0,-48.7057849,-163.8037708,6894427.09
28920.0,-47.4452624,-163.7766084,6894365.5
28940.0,-46.184576199999995,-163.7546277,6894301.13
28960.0,-44.9237342,-163.73737839999998,6894233.9
28980.0,-43.662743,-163.7244582,6894163.73
29000.0,-42.4016087,-163.71550679999999,6894090.5600000005
29020.0,-41.1403366,-163.7102002,6894014.3100000005
29040.0,-39.8789316,-163.7082461,6893934.92
29060.0,-38.617398,-163.7093801,6893852.32
29080.0,-37.3557396,-163.7133623,6893766.45
29100.0,-36.0939599,-163.71997439999998,6893677.25
29120.0,-34.8320621,-163.7290172,6893584.66
29140.0,-33.5700492,-163.7403084,6893488.640000001
29160.0,-32.307923699999996,-163.75368079999998,6893389.140000001
29180.0,-31.0456881,-163.7689805,6893286.100000001
29200.0,-29.7833446,-163.7860657,6893179.5
29220.0,-28.520895399999997,-163.80480509999998,6893069.28
29240.0,-27.2583424,-163.8250771,6892955.42
29260.0,-25.9956875,-163.8467686,6892837.890000001
29280.0,-24.732932299999998,-163.8697742,6892716.67
29300.0,-23.4700785,-163.89399559999998,6892591.72
29320.0,-22.2071278,-163.91934039999998,6892463.04
29340.0,-20.9440815,-163.945722,6892330.62
29360.0,-19.6809413,-163.9730587,6892194.45
29380.0,-18.417708599999997,-164.0012735,6892054.5200000005
29400.0,-17.154384699999998,-164.03029329999998,6891910.850000001
29420.0,-15.890970999999999,-164.06004869999998,6891763.43
29440.0,-14.6274689,-164.0904736,6891612.29
29460.0,-13.3638797,-164.1215047,6891457.45
29480.0,-12.1002048,-164.1530813,6891298.93
29500.0,-10.8364456,-164.1851452,6891136.7700000005
29520.0,-9.572603299999999,-164.21764,6890970.99
29540.0,-8.3086793,-164.25051109999998,6890801.640000001
29560.0,-7.0446751,-164.2837056,6890628.78
29580.0,-5.7805919,-164.3171716,6890452.45
29600.0,-4.5164313,-164.3508584,6890272.72
29620.0,-3.2521945,-164.3847164,6890089.66
29640.0,-1.9878832,-164.4186963,6889903.34
29660.0,-0.7234988,-164.4527494,6889713.84
29680.0,0.5409573,-164.4868275,6889521.24
29700.0,1.8054834,-164.52088229999998,6889325.65
29720.0,3.0700779999999996,-164.5548653,6889127.15
29740.0,4.3347394,-164.58872789999998,6888925.86
29760.0,5.5994661,-164.622421,6888721.88
29780.0,6.8642560999999995,-164.6558948,6888515.33
29800.0,8.1291079,-164.6890986,6888306.33
29820.0,9.3940196,-164.72198079999998,6888095.01
29840.0,10.6589893,-164.7544882,6887881.5
29860.0,11.9240151,-164.7865663,6887665.95
29880.0,13.1890951,-164.8181589,6887448.5
29900.0,14.4542273,-164.8492075,6887229.29
29920.0,15.7194094,-164.8796515,6887008.5
29940.0,16.9846395,-164.9094276,6886786.2700000005
29960.0,18.2499151,-164.93846969999998,6886562.7700000005
29980.0,19.5152341,-164.9667083,6886338.17
30000.0,20.780594,-164.9940703,6886112.63
30020.0,22.0459922,-165.0204785,6885886.34
30040.0,23.3114261,-165.0458512,6885659.47
30060.0,24.576893,-165.0701018,6885432.21
30080.0,25.8423899,-165.0931377,6885204.75
30100.0,27.1079139,-165.1148604,6884977.29
30120.0,28.373461799999998,-165.1351645,6884750.01
30140.0,29.639030299999998,-165.15393659999998,6884523.140000001
30160.0,30.9046159,-165.1710549,6884296.86
30180.0,32.170215,-165.1863879,6884071.4
30200.0,33.4358237,-165.1997934,6883846.94
30220.0,34.701437999999996,-165.21111729999998,6883623.72
30240.0,35.9670534,-165.22019179999998,6883401.92
30260.0,37.232665399999995,-165.22683429999998,6883181.76
30280.0,38.4982689,-165.2308449,6882963.44
30300.0,39.7638586,-165.23200459999998,6882747.17
30320.0,41.0294287,-165.2300728,6882533.16
30340.0,42.2949728,-165.2247841,6882321.61
30360.0,43.5604841,-165.2158452,6882112.71
30380.0,44.825955199999996,-165.2029307,6881906.68
30400.0,46.0913778,-165.1856788,6881703.71
30420.0,47.3567429,-165.1636854,6881503.99
30440.0,48.622040399999996,-165.136498,6881307.73
30460.0,49.8872593,-165.10360799999998,6881115.11
30480.0,51.1523871,-165.0644413,6880926.33
30500.0,52.41741,-165.01834739999998,6880741.59
30520.0,53.6823123,-164.9645866,6880561.07
30540.0,54.9470762,-164.902313,6880384.95
30560.0,56.2116816,-164.83055539999998,6880213.42
30580.0,57.4761053,-164.7481929,6880046.66
30600.0,58.7403206,-164.6539244,6879884.84
30620.0,60.004296499999995,-164.54623089999998,6879728.140000001
30640.0,61.2679967,-164.42332829999998,6879576.73
30660.0,62.5313787,-164.2831058,6879430.7700000005
30680.0,63.7943918,-164.12304849999998,6879290.42
30700.0,65.0569754,-163.9401352,6879155.850000001
30720.0,66.3190564,-163.7307049,6879027.19
30740.0,67.5805452,-163.49027759999998,6878904.600000001
30760.0,68.8413315,-163.2133131,6878788.2
30780.0,70.10127709999999,-162.892878,6878678.140000001
30800.0,71.36020719999999,-162.5201811,6878574.53
30820.0,72.6178966,-162.0839093,6878477.5
30840.0,73.8740505,-161.5692597,6878387.140000001
30860.0,75.12827539999999,-160.9564928,6878303.57
30880.0,76.3800339,-160.2187079,6878226.88
30900.0,77.6285729,-159.3183132,6878157.15
30920.0,78.8728039,-158.2012143,6878094.46
30940.0,80.11109619999999,-156.78683289999998,6878038.890000001
30960.0,81.3408973,-154.9501015,6877990.49
30980.0,82.5579918,-152.487089,6877949.3100000005
31000.0,83.7549415,-149.0450404,6877915.41
31020.0,84.9174893,-143.97025399999998,6877888.8100000005
31040.0,86.01540469999999,-135.9626079,6877869.55
31060.0,86.97741239999999,-122.3677695,6877857.640000001
31080.0,87.6316592,-99.02036919999999,6877853.100000001
31100.0,87.6986936,-67.6258244,6877855.93
31120.0,87.1369687,-42.11452449999999,6877866.13
31140.0,86.2169017,-26.955085499999996,6877883.69
31160.0,85.13783629999999,-18.1256693,6877908.58
31180.0,83.98474259999999,-12.611225200000007,6877940.79
31200.0,82.7930701,-8.915966300000008,6877980.2700000005
31220.0,81.5791848,-6.29641860000001,6878026.97
31240.0,80.3514706,-4.357034699999986,6878080.86
31260.0,79.11460919999999,-2.8720328999999936,6878141.86
31280.0,77.87140269999999,-1.7044188000000133,6878209.91
31300.0,76.62362379999999,-0.7667127999999934,6878284.94
31320.0,75.3724466,-0.0006231000000127551,6878366.850000001
31340.0,74.11867819999999,0.6341051999999934,6878455.57
31360.0,72.8628913,1.1661248000000057,6878550.99
31380.0,71.6055033,1.616364500000003,6878653.01
31400.0,70.3468256,2.000456200000002,6878761.51
31420.0,69.0870952,2.33030500000001,6878876.4
31440.0,67.8264956,2.6151337999999953,6878997.54
31460.0,66.5651712,2.8621961999999996,6879124.8100000005
31480.0,65.3032372,3.0772744999999873,6879258.08
31500.0,64.0407867,3.2650337000000036,6879397.21
31520.0,62.777895699999995,3.4292787999999916,6879542.04
31540.0,61.514627,3.5731441000000075,6879692.44
31560.0,60.2510329,3.6992341000000124,6879848.25
31580.0,58.987157499999995,3.809731599999992,6880009.29
31600.0,57.7230381,3.9064791000000127,6880175.42
31620.0,56.4587064,3.991043300000001,6880346.45
31640.0,55.19419,4.064764300000007,6880522.21
31660.0,53.929512499999994,4.1287955999999895,6880702.51
31680.0,52.6646946,4.184135700000013,6880887.19
31700.0,51.3997544,4.2316529,6881076.04
31720.0,50.1347078,4.272106600000001,6881268.86
31740.0,48.8695692,4.306163300000009,6881465.47
31760.0,47.604351,4.334411100000011,6881665.66
31780.0,46.339064699999994,4.35737069999999,6881869.22
31800.0,45.0737203,4.375504699999993,6882075.96
31820.0,43.8083271,4.389226100000002,6882285.66
31840.0,42.5428935,4.398904499999986,6882498.12
31860.0,41.277426999999996,4.404872000000012,6882713.13
31880.0,40.0119348,4.4074276999999995,6882930.48
31900.0,38.746423,4.406842100000006,6883149.97
31920.0,37.4808978,4.403360499999991,6883371.390000001
31940.0,36.2153645,4.397205899999989,6883594.53
31960.0,34.9498283,4.388581499999987,6883819.18
31980.0,33.6842938,4.377673399999992,6884045.15
32000.0,32.4187656,4.36465179999999,6884272.22
32020.0,31.1532476,4.3496735999999885,6884500.2
32040.0,29.8877439,4.332883199999998,6884728.9
32060.0,28.622258,4.314413999999999,6884958.100000001
32080.0,27.356793399999997,4.294389800000005,6885187.61
32100.0,26.091353299999998,4.272925399999991,6885417.23
32120.0,24.8259407,4.250127700000007,6885646.76
32140.0,23.560558699999998,4.226096799999993,6885876.0
32160.0,22.2952102,4.200926100000004,6886104.75
32180.0,21.0298977,4.1747033000000044,6886332.84
32200.0,19.764623999999998,4.147511100000003,6886560.07
32220.0,18.499391499999998,4.1194275000000005,6886786.28
32240.0,17.2342027,4.090526299999993,6887011.29
32260.0,15.9690598,4.060877599999998,6887234.93
32280.0,14.703964899999999,4.030548199999998,6887457.04
32300.0,13.4389203,3.99960200000001,6887677.45
32320.0,12.173927899999999,3.9680998999999986,6887896.0200000005
32340.0,10.908989799999999,3.9361007999999913,6888112.58
32360.0,9.644107799999999,3.9036614000000043,6888326.99
32380.0,8.3792838,3.87083659999999,6888539.11
32400.0,7.1145195999999995,3.8376796999999954,6888748.79
32420.0,5.8498171,3.804242600000009,6888955.9
32440.0,4.585178,3.7705760999999995,6889160.34
32460.0,3.3206037999999998,3.736730300000005,6889361.97
32480.0,2.0560963,3.7027543000000094,6889560.69
32500.0,0.7916569999999999,3.6686968999999863,6889756.4
32520.0,-0.4727126,3.6346063000000015,6889949.0
32540.0,-1.7370109999999999,3.6005309999999895,6890138.38
32560.0,-3.0012366999999998,3.5665189999999996,6890324.47
32580.0,-4.2653884,3.532619100000005,6890507.19
32600.0,-5.5294645,3.498880200000002,6890686.45
32620.0,-6.7934638,3.4653519000000017,6890862.21
32640.0,-8.057384899999999,3.43208469999999,6891034.38
32660.0,-9.3212265,3.3991300000000138,6891202.93
32680.0,-10.5849874,3.3665407000000016,6891367.8
32700.0,-11.848666099999999,3.3343709000000104,6891528.94
32720.0,-13.112261499999999,3.30267649999999,6891686.3100000005
32740.0,-14.3757723,3.2715155999999865,6891839.88
32760.0,-15.6391972,3.240948099999997,6891989.63
32780.0,-16.9025349,3.211036699999994,6892135.53
32800.0,-18.1657841,3.1818470000000048,6892277.55
32820.0,-19.4289435,3.1534476999999868,6892415.7
32840.0,-20.6920118,3.125911000000002,6892549.97
32860.0,-21.954987499999998,3.0993132000000116,6892680.350000001
32880.0,-23.217869399999998,3.073734800000011,6892806.850000001
32900.0,-24.480655799999997,3.0492615,6892929.47
32920.0,-25.7433454,3.0259843999999987,6893048.25
32940.0,-27.0059364,3.0040003999999954,6893163.18
32960.0,-28.2684273,2.9834136000000058,6893274.32
32980.0,-29.5308162,2.9643352999999877,6893381.68
33000.0,-30.7931012,2.946885299999991,6893485.3
33020.0,-32.0552804,2.931192699999997,6893585.22
33040.0,-33.3173515,2.9173972000000106,6893681.5
33060.0,-34.5793122,2.9056501000000026,6893774.18
33080.0,-35.841160099999996,2.8961156000000017,6893863.3100000005
33100.0,-37.1028923,2.888972999999993,6893948.95
33120.0,-38.364505699999995,2.884417600000006,6894031.16
33140.0,-39.6259971,2.8826639000000114,6894110.0
33160.0,-40.8873627,2.8839470000000063,6894185.53
33180.0,-42.1485984,2.888526000000013,6894257.82
33200.0,-43.409699599999996,2.8966872999999964,6894326.92
33220.0,-44.670660999999996,2.908748099999997,6894392.91
33240.0,-45.9314769,2.9250608000000113,6894455.86
33260.0,-47.192140599999995,2.9460187999999903,6894515.83
33280.0,-48.4526447,2.972061800000006,6894572.9
33300.0,-49.712980699999996,3.0036839999999927,6894627.13
33320.0,-50.973138899999995,3.0414423,6894678.61
33340.0,-52.2331084,3.0859668999999883,6894727.4
33360.0,-53.4928763,3.1379738999999915,6894773.58
33380.0,-54.752427999999995,3.198280799999992,6894817.22
33400.0,-56.0117464,3.2678249999999878,6894858.4
33420.0,-57.2708119,3.3476869000000136,6894897.19
33440.0,-58.529601299999996,3.4391185000000064,6894933.69
33460.0,-59.7880876,3.543578700000012,6894967.95
33480.0,-61.046238599999995,3.6627784000000077,6895000.0600000005
33500.0,-62.304016399999995,3.798737100000011,6895030.09
33520.0,-63.561375399999996,3.953856000000002,6895058.12
33540.0,-64.8182606,4.131012699999985,6895084.19
33560.0,-66.0746052,4.333685199999991,6895108.4
33580.0,-67.3303275,4.566116999999991,6895130.78
33600.0,-68.5853259,4.8335394000000065,6895151.42
33620.0,-69.8394735,5.1424758,6895170.36
33640.0,-71.0926092,5.501164899999992,6895187.66
33660.0,-72.344526,5.920161799999988,6895203.37
33680.0,-73.5949531,6.413207599999993,6895217.54
33700.0,-74.8435305,6.998520899999988,6895230.21
33720.0,-76.08976849999999,7.700765100000012,6895241.44
33740.0,-77.3329856,8.554140700000005,6895251.2700000005
33760.0,-78.57220459999999,9.607418999999993,6895259.74
33780.0,-79.8059765,10.932473600000009,6895266.9
33800.0,-81.03206209999999,12.639436999999987,6895272.78
33820.0,-82.2468232,14.905126599999988,6895277.41
33840.0,-83.44397169999999,18.029751599999997,6895280.83
33860.0,-84.6117652,22.557759599999997,6895283.05
33880.0,-85.7260828,29.5496378,6895284.09
33900.0,-86.7317707,41.17194749999999,6895283.98
33920.0,-87.49442739999999,61.323174300000005,6895282.73
33940.0,-87.7514324,91.40951259999997,6895280.33
33960.0,-87.35126319999999,119.71266200000002,6895276.82
33980.0,-86.513288,137.49001999999996,6895272.18
34000.0,-85.4744994,147.7550294,6895266.41
34020.0,-84.3444851,154.03637319999996,6895259.5200000005
34040.0,-83.168359,158.1698798,6895251.49
34060.0,-81.9663419,161.0586093,6895242.3100000005
34080.0,-80.7485136,163.1738027,6895231.96
34100.0,-79.5203782,164.77952319999997,6895220.44
34120.0,-78.2851701,166.0334709,6895207.71
34140.0,-77.0449053,167.03501599999998,6895193.74
34160.0,-75.80090179999999,167.8496386,6895178.51
34180.0,-74.55405569999999,168.5221335,6895161.98
34200.0,-73.3049967,169.08413029999997,6895144.100000001
34220.0,-72.0541798,169.55857279999998,6895124.83
34240.0,-70.8019413,169.96249620000003,6895104.13
34260.0,-69.5485352,170.30880609999997,6895081.94
34280.0,-68.2941566,170.6074547,6895058.2
34300.0,-67.0389575,170.86623710000003,6895032.87
34320.0,-65.7830586,171.0913443,6895005.88
34340.0,-64.5265562,171.28775510000003,6894977.16
34360.0,-63.2695283,171.45951779999996,6894946.65
34380.0,-62.0120387,171.6099585,6894914.28
34400.0,-60.75414,171.74183419999997,6894879.99
34420.0,-59.495875999999996,171.8574501,6894843.7
34440.0,-58.2372832,171.9587484,6894805.350000001
34460.0,-56.978392299999996,172.04737690000002,6894764.86
34480.0,-55.719229399999996,172.12474299999997,6894722.17
34500.0,-54.4598169,172.1920559,6894677.18
34520.0,-53.2001736,172.2503605,6894629.82
34540.0,-51.9403161,172.30056479999996,6894580.01
34560.0,-50.6802584,172.34346089999997,6894527.66
34580.0,-49.420013,172.37974409999998,6894472.7
34600.0,-48.1595904,172.41002649999996,6894415.05
34620.0,-46.899000199999996,172.43484949999998,6894354.63
34640.0,-45.6382506,172.45469409999998,6894291.36
34660.0,-44.3773488,172.46998859999997,6894225.16
34680.0,-43.116301299999996,172.48111640000002,6894155.97
34700.0,-41.8551138,172.48842149999996,6894083.7
34720.0,-40.5937913,172.49221339999997,6894008.3
34740.0,-39.3323384,172.49277189999998,6893929.69
34760.0,-38.0707592,172.4903503,6893847.8
34780.0,-36.8090572,172.4851787,6893762.58
34800.0,-35.5472359,172.47746689999997,6893673.96
34820.0,-34.2852983,172.46740639999996,6893581.87
34840.0,-33.0232471,172.4551727,6893486.2700000005
34860.0,-31.7610849,172.440927,6893387.11
34880.0,-30.498814,172.42481780000003,6893284.34
34900.0,-29.2364365,172.40698199999997,6893177.91
34920.0,-27.973954499999998,172.38754670000003,6893067.79
34940.0,-26.711369899999998,172.3666295,6892953.94
34960.0,-25.4486845,172.34434,6892836.33
34980.0,-24.185899799999998,172.3207804,6892714.93
35000.0,-22.923017599999998,172.2960465,6892589.74
35020.0,-21.6600394,172.2702278,6892460.71
35040.0,-20.3969666,172.24340870000003,6892327.850000001
35060.0,-19.1338008,172.21566889999997,6892191.15
35080.0,-17.870543299999998,172.18708349999997,6892050.59
35100.0,-16.6071956,172.15772400000003,6891906.19
35120.0,-15.3437591,172.12765819999998,6891757.95
35140.0,-14.080235199999999,172.09695090000002,6891605.9
35160.0,-12.8166253,172.0656641,6891450.07
35180.0,-11.5529307,172.0338574,6891290.48
35200.0,-10.2891529,172.00158820000001,6891127.19
35220.0,-9.025293099999999,171.96891189999997,6890960.25
35240.0,-7.7613525999999995,171.9358825,6890789.7
35260.0,-6.497332999999999,171.9025522,6890615.61
35280.0,-5.2332354,171.86897239999996,6890438.04
35300.0,-3.9690613,171.8351932,6890257.0600000005
35320.0,-2.7048121,171.8012642,6890072.76
35340.0,-1.4404892,171.7672341,6889885.19
35360.0,-0.1760941,171.73315149999996,6889694.46
35380.0,1.0883717,171.6990647,6889500.640000001
35400.0,2.3529066999999997,171.66502200000002,6889303.84
35420.0,3.6175093,171.6310717,6889104.16
35440.0,4.882177899999999,171.59726279999995,6888901.7
35460.0,6.1469108,171.56364459999998,6888696.59
35480.0,7.4117064,171.5302671,6888488.93
35500.0,8.6765627,171.4971817,6888278.850000001
35520.0,9.9414781,171.4644404,6888066.49
35540.0,11.2064506,171.43209690000003,6887851.98
35560.0,12.4714783,171.40020649999997,6887635.46
35580.0,13.7365593,171.36882649999995,6887417.08
35600.0,15.0016913,171.33801599999998,6887197.01
35620.0,16.2668724,171.30783689999998,6886975.38
35640.0,17.5321004,171.27835349999998,6886752.38
35660.0,18.7973729,171.2496334,6886528.16
35680.0,20.0626875,171.22174759999996,6886302.9
35700.0,21.3280419,171.19477089999998,6886076.79
35720.0,22.5934334,171.1687822,6885849.99
35740.0,23.8588594,171.1438655,6885622.7
35760.0,25.1243171,171.12010980000002,6885395.12
35780.0,26.389803699999998,171.09761000000003,6885167.42
35800.0,27.6553161,171.0764676,6884939.8100000005
35820.0,28.9208511,171.05679139999995,6884712.48
35840.0,30.186405399999998,171.03869810000003,6884485.63
35860.0,31.4519755,171.02231369999998,6884259.46
35880.0,32.7175576,171.00777399999998,6884034.18
35900.0,33.9831478,170.9952262,6883809.99
35920.0,35.2487418,170.98483,6883587.09
35940.0,36.5143351,170.97675949999996,6883365.69
35960.0,37.779923,170.97120429999995,6883146.0
35980.0,39.0455002,170.9683723,6882928.23
36000.0,40.3110612,170.96849129999998,6882712.58
36020.0,41.5766,170.97181209999997,6882499.26
36040.0,42.8421101,170.97861179999995,6882288.48
36060.0,44.1075843,170.9891968,6882080.43
36080.0,45.3730149,171.00390749999997,6881875.33
36100.0,46.6383933,171.02312310000002,6881673.36
36120.0,47.9037101,171.04726770000002,6881474.73
36140.0,49.168954899999996,171.0768167,6881279.640000001
36160.0,50.434115999999996,171.11230569999998,6881088.2700000005
36180.0,51.6991805,171.15433989999997,6880900.83
36200.0,52.9641336,171.2036064,6880717.49
36220.0,54.228958899999995,171.26088830000003,6880538.46
36240.0,55.4936377,171.32708249999996,6880363.91
36260.0,56.7581485,171.4032214,6880194.03
36280.0,58.0224669,171.49049909999997,6880028.99
36300.0,59.286564399999996,171.590305,6879868.97
36320.0,60.550408,171.70426569999995,6879714.13
36340.0,61.813958899999996,171.8342973,6879564.65
36360.0,63.077171099999994,171.9826736,6879420.67
36380.0,64.3399903,172.15211299999999,6879282.350000001
36400.0,65.6023506,172.3458933,6879149.84
36420.0,66.8641725,172.5680028,6879023.28
36440.0,68.1253581,172.8233436,6878902.8100000005
36460.0,69.38578609999999,173.11800829999999,6878788.57
36480.0,70.64530409999999,173.45966320000002,6878680.68
36500.0,71.90371739999999,173.85808929999996,6878579.2700000005
36520.0,73.1607738,174.32596130000002,6878484.44
36540.0,74.4161405,174.8799942,6878396.3100000005
36560.0,75.6693689,175.5426797,6878314.96
36580.0,76.9198397,176.34498889999998,6878240.5
36600.0,78.1666741,177.33072819999995,6878173.01
36620.0,79.40858329999999,178.56383770000002,6878112.55
36640.0,80.6436013,-179.8588173,6878059.2
36660.0,81.86858269999999,-177.7838205,6878013.0200000005
36680.0,83.0781921,-174.95487079999998,6877974.0600000005
36700.0,84.2626939,-170.915699,6877942.36
36720.0,85.4026353,-164.7936688,6877917.96
36740.0,86.4547637,-154.8128724,6877900.87
36760.0,87.313828,-137.5060556,6877891.13
36780.0,87.7469503,-109.5476058,6877888.73
36800.0,87.51991079999999,-79.0235575,6877893.68
36820.0,86.7690034,-58.304962399999994,6877905.97
36840.0,85.764235,-46.379633299999995,6877925.600000001
36860.0,84.6466916,-39.2424494,6877952.53
36880.0,83.4740582,-34.64063199999998,6877986.73
36900.0,82.2713732,-31.475606900000002,6878028.17
36920.0,81.0507476,-29.186348399999986,6878076.8
36940.0,79.8186356,-27.464928499999985,6878132.5600000005
36960.0,78.5787575,-26.13066040000001,6878195.390000001
36980.0,77.3333973,-25.07133920000001,6878265.23
37000.0,76.0840304,-24.2139181,6878341.99
37020.0,74.8316507,-23.5089294,6878425.58
37040.0,73.5769511,-22.921742499999993,6878515.91
37060.0,72.3204295,-22.427419499999985,6878612.88
37080.0,71.06245229999999,-22.007561399999986,6878716.37
37100.0,69.80329549999999,-21.648305499999992,6878826.2700000005
37120.0,68.54317069999999,-21.339013499999993,6878942.47
37140.0,67.2822431,-21.071388100000007,6879064.82
37160.0,66.0206432,-20.83886419999999,6879193.21
37180.0,64.758476,-20.63618059999999,6879327.48
37200.0,63.495826599999994,-20.459071899999998,6879467.5
37220.0,62.2327648,-20.30404390000001,6879613.12
37240.0,60.9693487,-20.16820709999999,6879764.19
37260.0,59.705626599999995,-20.049151300000005,6879920.5600000005
37280.0,58.441639599999995,-19.94485019999999,6880082.05
37300.0,57.1774224,-19.853588000000002,6880248.5200000005
37320.0,55.913004799999996,-19.773901599999988,6880419.7700000005
37340.0,54.6484125,-19.704536200000007,6880595.640000001
37360.0,53.3836678,-19.64440909999999,6880775.94
37380.0,52.1187902,-19.592581300000006,6880960.49
37400.0,50.8537969,-19.548233900000014,6881149.09
37420.0,49.5887031,-19.51064980000001,6881341.5600000005
37440.0,48.3235221,-19.479197999999997,6881537.7
37460.0,47.0582661,-19.4533213,6881737.3
37480.0,45.7929458,-19.432525,6881940.17
37500.0,44.5275709,-19.416369099999997,6882146.11
37520.0,43.262150399999996,-19.40446,6882354.9
37540.0,41.9966921,-19.396445199999988,6882566.36
37560.0,40.7312035,-19.39200740000001,6882780.2700000005
37580.0,39.465691299999996,-19.390860299999986,6882996.43
37600.0,38.2001616,-19.39274470000001,6883214.63
37620.0,36.9346201,-19.397425400000003,6883434.68
37640.0,35.669072199999995,-19.40468820000001,6883656.36
37660.0,34.403522699999996,-19.414337499999988,6883879.48
37680.0,33.137976099999996,-19.426194399999986,6884103.84
37700.0,31.8724369,-19.440094499999987,6884329.22
37720.0,30.606908999999998,-19.455886700000008,6884555.42
37740.0,29.3413962,-19.47343140000001,6884782.25
37760.0,28.075902,-19.492599600000005,6885009.51
37780.0,26.810429799999998,-19.513271599999996,6885237.0
37800.0,25.5449828,-19.535336,6885464.5200000005
37820.0,24.279564099999998,-19.55868910000001,6885691.88
37840.0,23.014176499999998,-19.58323390000001,6885918.890000001
37860.0,21.7488228,-19.608879300000012,6886145.36
37880.0,20.4835057,-19.635540100000014,6886371.12
37900.0,19.2182276,-19.66313550000001,6886595.97
37920.0,17.9529911,-19.691589399999998,6886819.75
37940.0,16.6877985,-19.72082979999999,6887042.2700000005
37960.0,15.422652,-19.750787900000006,6887263.36
37980.0,14.1575539,-19.7813984,6887482.88
38000.0,12.892506299999999,-19.8125986,6887700.65
38020.0,11.627511199999999,-19.84432849999999,6887916.53
38040.0,10.3625706,-19.876530099999997,6888130.38
38060.0,9.0976863,-19.9091478,6888342.04
38080.0,7.832860299999999,-19.942127199999987,6888551.38
38100.0,6.568094299999999,-19.975415800000007,6888758.2700000005
38120.0,5.3033901,-20.00896209999999,6888962.59
38140.0,4.0387493999999995,-20.042715700000002,6889164.2
38160.0,2.7741738,-20.076627000000002,6889363.01
38180.0,1.509665,-20.110647,6889558.890000001
38200.0,0.24522449999999998,-20.144727200000005,6889751.76
38220.0,-1.0191461,-20.178819299999986,6889941.51
38240.0,-2.2834453,-20.212874999999997,6890128.05
38260.0,-3.5476717,-20.24684590000001,6890311.3100000005
38280.0,-4.811823899999999,-20.280683399999987,6890491.21
38300.0,-6.0759003,-20.314337999999992,6890667.67
38320.0,-7.339899699999999,-20.347759999999994,6890840.63
38340.0,-8.6038207,-20.380898400000007,6891010.04
38360.0,-9.8676619,-20.41370119999999,6891175.850000001
38380.0,-11.1314221,-20.446115099999986,6891338.0
38400.0,-12.3950999,-20.47808520000001,6891496.46
38420.0,-13.658693999999999,-20.509554699999995,6891651.2
38440.0,-14.922203099999999,-20.54046489999999,6891802.18
38460.0,-16.185626,-20.570754599999987,6891949.390000001
38480.0,-17.4489612,-20.6003599,6892092.8
38500.0,-18.7122077,-20.62921399999999,6892232.41
38520.0,-19.975363899999998,-20.6572467,6892368.22
38540.0,-21.238428499999998,-20.68438409999999,6892500.21
38560.0,-22.5014002,-20.71054810000001,6892628.4
38580.0,-23.7642775,-20.735656000000006,6892752.78
38600.0,-25.0270589,-20.75961989999999,6892873.390000001
38620.0,-26.289742999999998,-20.7823463,6892990.22
38640.0,-27.552328,-20.803735200000006,6893103.3
38660.0,-28.8148123,-20.82367959999999,6893212.66
38680.0,-30.077194,-20.842064399999998,6893318.33
38700.0,-31.339471099999997,-20.85876590000001,6893420.34
38720.0,-32.6016417,-20.873650699999985,6893518.73
38740.0,-33.8637033,-20.886574199999984,6893613.54
38760.0,-35.1256537,-20.897379599999994,6893704.8100000005
38780.0,-36.38749,-20.905896299999995,6893792.600000001
38800.0,-37.6492095,-20.911938399999997,6893876.97
38820.0,-38.9108088,-20.915302300000008,6893957.96
38840.0,-40.172284399999995,-20.91576520000001,6894035.63
38860.0,-41.4336324,-20.913081500000004,6894110.0600000005
38880.0,-42.6948484,-20.906981000000002,6894181.3
38900.0,-43.9559275,-20.89716419999999,6894249.42
38920.0,-45.2168643,-20.88329920000001,6894314.49
38940.0,-46.4776526,-20.865016499999996,6894376.59
38960.0,-47.738285399999995,-20.841903400000007,6894435.78
38980.0,-48.9987548,-20.81349739999999,6894492.15
39000.0,-50.259051799999995,-20.779278299999987,6894545.75
39020.0,-51.519166299999995,-20.738658700000002,6894596.68
39040.0,-52.779086299999996,-20.69097289999999,6894645.0
39060.0,-54.0387985,-20.635462700000005,6894690.79
39080.0,-55.2982872,-20.571261099999987,6894734.13
39100.0,-56.5575342,-20.497371700000002,6894775.09
39120.0,-57.8165184,-20.4126435,6894813.74
39140.0,-59.075215,-20.315739500000007,6894850.16
39160.0,-60.333594899999994,-20.205097499999994,6894884.43
39180.0,-61.5916236,-20.078880499999997,6894916.61
39200.0,-62.8492598,-19.9349134,6894946.78
39220.0,-64.1064541,-19.770601199999987,6894975.0
39240.0,-65.3631468,-19.582823099999985,6895001.36
39260.0,-66.61926489999999,-19.367791600000004,6895025.92
39280.0,-67.8747187,-19.120865699999996,6895048.75
39300.0,-69.12939659999999,-18.83629640000001,6895069.9
39320.0,-70.3831579,-18.506876000000005,6895089.43
39340.0,-71.6358233,-18.12344680000001,6895107.41
39360.0,-72.8871607,-17.674197399999997,6895123.88
39380.0,-74.1368643,-17.143633099999988,6895138.890000001
39400.0,-75.3845238,-16.5110315,6895152.48
39420.0,-76.6295758,-15.748056999999989,6895164.71
39440.0,-77.8712262,-14.8149583,6895175.61
39460.0,-79.1083208,-13.654272700000007,6895185.23
39480.0,-80.33911859999999,-12.179943699999995,6895193.600000001
39500.0,-81.5608737,-10.257548500000013,6895200.76
39520.0,-82.76901079999999,-7.666239100000013,6895206.73
39540.0,-83.95536899999999,-4.020619100000005,6895211.54
39560.0,-85.10410069999999,1.4002855999999895,6895215.21
39580.0,-86.1811099,10.039890000000014,6895217.75
39600.0,-87.1052153,24.806819099999984,6895219.17
39620.0,-87.68540279999999,49.72661260000001,6895219.49
39640.0,-87.6512456,81.0327868,6895218.71
39660.0,-87.0238213,104.84951999999998,6895216.83
39680.0,-86.07822,118.81567410000002,6895213.850000001
39700.0,-84.99152269999999,127.0332608,6895209.7700000005
39720.0,-83.8379258,132.2279132,6895204.58
39740.0,-82.6488516,135.74306920000004,6895198.26
39760.0,-81.4390645,138.25366399999996,6895190.8100000005
39780.0,-80.2162388,140.1231014,6895182.21
39800.0,-78.9847095,141.5609844,6895172.43
39820.0,-77.74709399999999,142.6955928,6895161.46
39840.0,-76.5050601,143.60942569999997,6895149.26
39860.0,-75.2597177,144.3577818,6895135.8
39880.0,-74.0118329,144.9790387,6895121.04
39900.0,-72.761951,145.500628,6895104.93
39920.0,-71.51047,145.9426585,6895087.42
39940.0,-70.2576868,146.32019709999997,6895068.46
39960.0,-69.0038277,146.6447495,6895048.0
39980.0,-67.7490674,146.9252507,6895025.98
40000.0,-66.49354319999999,147.16874289999998,6895002.33
40020.0,-65.2373645,147.38085049999995,6894977.0
40040.0,-63.980618899999996,147.56611880000003,6894949.91
40060.0,-62.723377899999996,147.7282611,6894921.0
40080.0,-61.4657002,147.8703398,6894890.2
40100.0,-60.207634199999994,147.99490379999997,6894857.42
40120.0,-58.9492203,148.1040908,6894822.600000001
40140.0,-57.6904925,148.199708,6894785.65
40160.0,-56.431479499999995,148.2832929,6894746.51
40180.0,-55.1722056,148.3561623,6894705.09
40200.0,-53.912691599999995,148.41945039999996,6894661.33
40220.0,-52.6529555,148.47413970000002,6894615.13
40240.0,-51.3930126,148.52108550000003,6894566.44
40260.0,-50.1328763,148.561036,6894515.17
40280.0,-48.8725582,148.59464860000003,6894461.26
40300.0,-47.6120683,148.62250340000003,6894404.62
40320.0,-46.351415599999996,148.64511449999998,6894345.2
40340.0,-45.0906078,148.66293910000002,6894282.9
40360.0,-43.8296518,148.67638520000003,6894217.67
40380.0,-42.5685536,148.68581840000002,6894149.43
40400.0,-41.307318699999996,148.6915672,6894078.11
40420.0,-40.0459518,148.69392770000002,6894003.640000001
40440.0,-38.7844572,148.6931679,6893925.95
40460.0,-37.522838899999996,148.6895305,6893844.98
40480.0,-36.2611002,148.6832366,6893760.66
40500.0,-34.9992443,148.6744877,6893672.92
40520.0,-33.7372742,148.66346829999998,6893581.71
40540.0,-32.4751924,148.6503474,6893486.98
40560.0,-31.2130014,148.63528050000002,6893388.66
40580.0,-29.9507034,148.6184111,6893286.72
40600.0,-28.688300599999998,148.5998715,6893181.11
40620.0,-27.425794699999997,148.5797847,6893071.79
40640.0,-26.163187699999998,148.5582647,6892958.73
40660.0,-24.900481199999998,148.53541789999997,6892841.890000001
40680.0,-23.6376769,148.51134349999995,6892721.25
40700.0,-22.3747764,148.48613439999997,6892596.78
40720.0,-21.111781,148.45987809999997,6892468.46
40740.0,-19.848692399999997,148.4326567,6892336.29
40760.0,-18.5855119,148.40454769999997,6892200.25
40780.0,-17.3222409,148.3756249,6892060.350000001
40800.0,-16.0588807,148.34595790000003,6891916.600000001
40820.0,-14.795432799999999,148.31561320000003,6891768.99
40840.0,-13.531898499999999,148.2846545,6891617.5600000005
40860.0,-12.268279,148.2531426,6891462.32
40880.0,-11.0045757,148.22113609999997,6891303.3100000005
40900.0,-9.7407899,148.18869159999997,6891140.54
40920.0,-8.476923,148.15586380000002,6890974.07
40940.0,-7.212976299999999,148.1227058,6890803.94
40960.0,-5.9489513,148.08926959999997,6890630.2
40980.0,-4.6848493,148.05560579999997,6890452.92
41000.0,-3.4206716999999998,148.0217644,6890272.15
41020.0,-2.1564201,147.9877945,6890087.97
41040.0,-0.8920958999999999,147.95374479999998,6889900.47
41060.0,0.3722993,147.91966360000004,6889709.73
41080.0,1.6367641,147.8855992,6889515.86
41100.0,2.9012968999999997,147.8515999,6889318.96
41120.0,4.165896099999999,147.81771430000003,6889119.140000001
41140.0,5.4305601999999995,147.7839914,6888916.5
41160.0,6.6952874,147.75048099999998,6888711.17
41180.0,7.960076099999999,147.7172334,6888503.2700000005
41200.0,9.224924399999999,147.68430039999998,6888292.92
41220.0,10.4898305,147.65173479999999,6888080.28
41240.0,11.7547927,147.61959079999997,6887865.47
41260.0,13.0198089,147.58792459999995,6887648.66
41280.0,14.284877199999999,147.5567942,6887429.98
41300.0,15.549995699999998,147.52625999999998,6887209.600000001
41320.0,16.8151621,147.49638470000002,6886987.67
41340.0,18.0803743,147.4672342,6886764.350000001
41360.0,19.34563,147.43887740000002,6886539.82
41380.0,20.6109267,147.4113868,6886314.25
41400.0,21.876262099999998,147.38483910000002,6886087.8
41420.0,23.1416336,147.3593153,6885860.68
41440.0,24.4070385,147.33490140000004,6885633.05
41460.0,25.6724739,147.31168890000004,6885405.12
41480.0,26.937936999999998,147.28977559999998,6885177.0600000005
41500.0,28.203424599999998,147.26926579999997,6884949.08
41520.0,29.4689335,147.25027190000003,6884721.37
41540.0,30.7344604,147.23291419999998,6884494.13
41560.0,32.0000016,147.2173231,6884267.58
41580.0,33.2655533,147.2036389,6884041.91
41600.0,34.5311115,147.19201429999998,6883817.33
41620.0,35.7966719,147.18261489999998,6883594.04
41640.0,37.0622299,147.1756213,6883372.25
41660.0,38.3277806,147.17123089999995,6883152.18
41680.0,39.593318599999996,147.1696597,6882934.01
41700.0,40.8588382,147.1711454,6882717.97
41720.0,42.124333199999995,147.1759497,6882504.25
41740.0,43.3897969,147.1843619,6882293.07
41760.0,44.6552218,147.19670259999998,6882084.63
41780.0,45.9206,147.2133285,6881879.12
41800.0,47.185922399999995,147.23463749999996,6881676.75
41820.0,48.4511792,147.261075,6881477.72
41840.0,49.7163596,147.2931416,6881282.22
41860.0,50.981451299999996,147.33140179999998,6881090.46
41880.0,52.2464407,147.3764948,6880902.640000001
41900.0,53.511312499999995,147.42914740000003,6880718.93
41920.0,54.776049099999994,147.49018969999997,6880539.55
41940.0,56.040631,147.5605746,6880364.66
41960.0,57.3050353,147.6414009,6880194.45
41980.0,58.569235899999995,147.73394299999995,6880029.100000001
42000.0,59.8332026,147.8396876,6879868.79
42020.0,61.0969,147.9603793,6879713.68
42040.0,62.360286499999994,148.0980801,6879563.94
42060.0,63.6233125,148.25524429999996,6879419.73
42080.0,64.8859192,148.43481699999995,6879281.22
42100.0,66.1480353,148.64036239999996,6879148.54
42120.0,67.4095738,148.87623610000003,6879021.86
42140.0,68.6704275,149.1478166,6878901.3
42160.0,69.9304628,149.4618233,6878787.0
42180.0,71.1895103,149.8267604,6878679.09
42200.0,72.44735299999999,150.25354819999995,6878577.69
42220.0,73.703707,150.75644190000003,6878482.91
42240.0,74.9581944,151.3543988,6878394.84
42260.0,76.2103011,152.07317260000002,6878313.600000001
42280.0,77.45930899999999,152.9486217,6878239.25
42300.0,78.70418529999999,154.03212680000001,6878171.890000001
42320.0,79.9433904,155.39983819999998,6878111.600000001
42340.0,81.17452999999999,157.16924089999998,6878058.42
42360.0,82.3936816,159.5305207,6878012.44
42380.0,83.5939915,162.8098319,6877973.69
42400.0,84.7624841,167.6056918,6877942.21
42420.0,85.8720452,175.0980637,6877918.04
42440.0,86.8595706,-172.29501689999998,6877901.19
42460.0,87.5713261,-150.46660079999998,6877891.7
42480.0,87.7309677,-119.4607266,6877889.55
42500.0,87.2409325,-92.50638579999999,6877894.76
42520.0,86.354415,-76.14766329999999,6877907.32
42540.0,85.29022289999999,-66.67954519999999,6877927.2
42560.0,84.14444209999999,-60.82698339999999,6877954.390000001
42580.0,82.9567816,-56.9395054,6877988.850000001
42600.0,81.745301,-54.2024651,6878030.54
42620.0,80.5191304,-52.1867448,6878079.43
42640.0,79.2833141,-50.649623399999996,6878135.43
42660.0,78.0408454,-49.44495889999999,6878198.51
42680.0,76.7936052,-48.480027199999995,6878268.57
42700.0,75.5428318,-47.6933722,6878345.54
42720.0,74.2893728,-47.042744700000014,6878429.33
42740.0,73.033827,-46.498187599999994,6878519.86
42760.0,71.77662939999999,-46.037891599999995,6878617.01
42780.0,70.5181036,-45.645613200000014,6878720.68
42800.0,69.25849509999999,-45.3090124,6878830.75
42820.0,67.9979938,-45.018550800000014,6878947.100000001
42840.0,66.7367486,-44.7667409,6879069.61
42860.0,65.47487819999999,-44.54762449999998,6879198.140000001
42880.0,64.2124784,-44.35640230000001,6879332.55
42900.0,62.949627199999995,-44.1891651,6879472.68
42920.0,61.6863891,-44.042697299999986,6879618.4
42940.0,60.4228178,-43.914329399999986,6879769.54
42960.0,59.1589582,-43.8018271,6879925.96
42980.0,57.8948484,-43.70330569999999,6880087.48
43000.0,56.630521099999996,-43.617164599999995,6880253.93
43020.0,55.3660041,-43.54203559999999,6880425.140000001
43040.0,54.1013217,-43.476742,6880600.93
43060.0,52.836495,-43.420266,6880781.12
43080.0,51.5715425,-43.371723,6880965.5200000005
43100.0,50.3064803,-43.3303401,6881153.95
43120.0,49.041323,-43.29543899999999,6881346.21
43140.0,47.7760834,-43.26642190000001,6881542.100000001
43160.0,46.5107729,-43.2427596,6881741.44
43180.0,45.2454019,-43.22398200000001,6881944.01
43200.0,43.979979799999995,-43.20966999999999,6882149.62
43220.0,42.7145151,-43.1994483,6882358.08
43240.0,41.4490154,-43.1929801,6882569.17
43260.0,40.183487799999995,-43.189961900000014,6882782.69
43280.0,38.9179388,-43.1901196,6882998.44
43300.0,37.6523744,-43.19320479999999,6883216.22
43320.0,36.386800099999995,-43.198991500000005,6883435.8100000005
43340.0,35.121221,-43.20727389999999,6883657.0200000005
43360.0,33.855641999999996,-43.2178638,6883879.63
43380.0,32.590067499999996,-43.23058889999999,6884103.44
43400.0,31.3245018,-43.245290600000004,6884328.25
43420.0,30.0589487,-43.261823100000015,6884553.86
43440.0,28.793412,-43.28005139999999,6884780.07
43460.0,27.527895299999997,-43.29985060000001,6885006.68
43480.0,26.2624018,-43.3211048,6885233.5
43500.0,24.9969348,-43.34370609999999,6885460.34
43520.0,23.731497299999997,-43.36755360000001,6885687.01
43540.0,22.466092099999997,-43.39255299999999,6885913.34
43560.0,21.200721899999998,-43.4186158,6886139.13
43580.0,19.9353894,-43.445658699999996,6886364.21
43600.0,18.6700972,-43.473603,6886588.41
43620.0,17.4048475,-43.5023745,6886811.5600000005
43640.0,16.1396428,-43.53190240000001,6887033.48
43660.0,14.8744853,-43.56211959999999,6887254.03
43680.0,13.6093771,-43.592961900000006,6887473.0200000005
43700.0,12.3443203,-43.62436769999999,6887690.32
43720.0,11.079317,-43.656277999999986,6887905.7700000005
43740.0,9.814369,-43.68863590000001,6888119.24
43760.0,8.5494784,-43.72138609999999,6888330.57
43780.0,7.284646899999999,-43.754475299999996,6888539.63
43800.0,6.019876399999999,-43.78785110000001,6888746.3
43820.0,4.7551684,-43.821462800000006,6888950.45
43840.0,3.4905249,-43.85526010000001,6889151.97
43860.0,2.2259473,-43.88919390000001,6889350.73
43880.0,0.9614374,-43.923215400000004,6889546.63
43900.0,-0.3030033,-43.9572761,6889739.5600000005
43920.0,-1.5673732,-43.9913277,6889929.43
43940.0,-2.8316708,-44.02532209999998,6890116.16
43960.0,-4.0958947,-44.059210500000006,6890299.65
43980.0,-5.3600433,-44.092944200000005,6890479.84
44000.0,-6.624115199999999,-44.1264736,6890656.640000001
44020.0,-7.888109099999999,-44.15974829999999,6890830.0
44040.0,-9.1520236,-44.19271709999998,6890999.86
44060.0,-10.4158572,-44.22532719999998,6891166.16
44080.0,-11.6796087,-44.25752489999999,6891328.86
44100.0,-12.9432767,-44.28925429999998,6891487.9
44120.0,-14.2068598,-44.32045790000001,6891643.2700000005
44140.0,-15.4703567,-44.35107579999999,6891794.92
44160.0,-16.733766199999998,-44.381045700000016,6891942.84
44180.0,-17.9970867,-44.4103025,6892087.01
44200.0,-19.260317,-44.43877800000001,6892227.41
44220.0,-20.5234557,-44.466400300000004,6892364.05
44240.0,-21.786501299999998,-44.49309389999999,6892496.91
44260.0,-23.049452499999997,-44.518778499999996,6892626.0
44280.0,-24.3123076,-44.54336939999999,6892751.34
44300.0,-25.5750651,-44.56677619999999,6892872.93
44320.0,-26.837723399999998,-44.588902700000006,6892990.8100000005
44340.0,-28.1002808,-44.60964580000001,6893105.0
44360.0,-29.3627355,-44.62889519999999,6893215.53
44380.0,-30.6250857,-44.6465321,6893322.44
44400.0,-31.8873292,-44.66242869999999,6893425.75
44420.0,-33.1494639,-44.67644659999999,6893525.5200000005
44440.0,-34.4114875,-44.68843620000001,6893621.79
44460.0,-35.6733973,-44.69823489999999,6893714.61
44480.0,-36.9351906,-44.70566539999999,6893804.03
44500.0,-38.1968643,-44.710534499999994,6893890.100000001
44520.0,-39.458415099999996,-44.712630399999995,6893972.890000001
44540.0,-40.719839199999996,-44.7117207,6894052.46
44560.0,-41.981132599999995,-44.70754929999998,6894128.86
44580.0,-43.2422907,-44.69983379999999,6894202.17
44600.0,-44.5033083,-44.68826100000001,6894272.45
44620.0,-45.7641797,-44.672483099999994,6894339.7700000005
44640.0,-47.0248984,-44.65211260000001,6894404.19
44660.0,-48.285457099999995,-44.626715700000005,6894465.78
44680.0,-49.5458474,-44.59580589999999,6894524.62
44700.0,-50.8060598,-44.5588348,6894580.76
44720.0,-52.0660835,-44.51518229999999,6894634.28
44740.0,-53.325905999999996,-44.464144000000005,6894685.24
44760.0,-54.5855128,-44.40491660000001,6894733.7
44780.0,-55.844887299999996,-44.33657919999999,6894779.74
44800.0,-57.104010099999996,-44.2580715,6894823.42
44820.0,-58.362858499999994,-44.1681653,6894864.8100000005
44840.0,-59.6214058,-44.06543099999999,6894903.97
44860.0,-60.8796208,-43.9481931,6894940.98
44880.0,-62.137465999999996,-43.81447600000001,6894975.890000001
44900.0,-63.3948968,-43.66193279999999,6895008.79
44920.0,-64.6518597,-43.48775409999999,6895039.73
44940.0,-65.90828929999999,-43.2885483,6895068.8
44960.0,-67.164106,-43.06018259999999,6895096.05
44980.0,-68.4192111,-42.79756979999999,6895121.5600000005
45000.0,-69.67348129999999,-42.494375700000006,6895145.38
45020.0,-70.9267606,-42.1426151,6895167.58
45040.0,-72.1788485,-41.732078,6895188.22
45060.0,-73.4294839,-41.24950239999998,6895207.33
45080.0,-74.6783201,-40.677349600000014,6895224.99
45100.0,-75.9248874,-39.9919467,6895241.22
45120.0,-77.1685337,-39.16057760000001,6895256.09
45140.0,-78.4083284,-38.13677369999999,6895269.62
45160.0,-79.6428979,-36.85237509999999,6895281.850000001
45180.0,-80.87013209999999,-35.2035228,6895292.83
45200.0,-82.0866279,-33.024587499999996,6895302.57
45220.0,-83.28655549999999,-30.036608699999988,6895311.11
45240.0,-84.4591516,-25.73837789999999,6895318.45
45260.0,-85.5826079,-19.162746999999996,6895324.62
45280.0,-86.6077572,-8.338553499999989,6895329.63
45300.0,-87.4148852,10.43072939999999,6895333.48
45320.0,-87.7550421,39.56411509999998,6895336.18
45340.0,-87.4351713,68.95106559999999,6895337.74
45360.0,-86.6386977,88.056576,6895338.140000001
45380.0,-85.61823319999999,99.07272499999999,6895337.37
45400.0,-84.4970033,105.74884980000002,6895335.44
45420.0,-83.32559409999999,110.102892,6895332.32
45440.0,-82.12636479999999,113.12425029999997,6895328.0
45460.0,-80.9103142,115.32448269999998,6895322.45
45480.0,-79.6833829,116.98766180000001,6895315.66
45500.0,-78.4490311,118.2821214,6895307.61
45520.0,-77.2094006,119.3132435,6895298.25
45540.0,-75.9658834,120.15009269999996,6895287.5600000005
45560.0,-74.71942179999999,120.83970090000003,6895275.5
45580.0,-73.470675,121.41514769999998,6895262.03
45600.0,-72.2201176,121.90034989999998,6895247.100000001
45620.0,-70.9680996,122.31301350000001,6895230.66
45640.0,-69.71488459999999,122.66651890000003,6895212.65
45660.0,-68.46067459999999,122.9711615,6895193.0200000005
45680.0,-67.20562699999999,123.23498949999998,6895171.71
45700.0,-65.94986589999999,123.46438390000003,6895148.65
45720.0,-64.69349079999999,123.66446789999998,6895123.79
45740.0,-63.4365819,123.839402,6895097.0600000005
45760.0,-62.179204799999994,123.99259940000002,6895068.4
45780.0,-60.9214133,124.12688639999999,6895037.74
45800.0,-59.663252199999995,124.24462369999998,6895005.01
45820.0,-58.404759,124.34779779999997,6894970.13
45840.0,-57.1459653,124.4380931,6894933.03
45860.0,-55.8868977,124.51694680000003,6894893.640000001
45880.0,-54.6275791,124.5855929,6894851.86
45900.0,-53.368028699999996,124.64509679999998,6894807.640000001
45920.0,-52.1082635,124.69638359999999,6894760.9
45940.0,-50.8482979,124.74026019999997,6894711.55
45960.0,-49.5881444,124.77743399999997,6894659.5200000005
45980.0,-48.327814,124.80852770000001,6894604.75
46000.0,-47.067316299999995,124.83409169999999,6894547.16
46020.0,-45.806659499999995,124.85461450000003,6894486.67
46040.0,-44.5458511,124.87053149999997,6894423.23
46060.0,-43.284897699999995,124.88223160000001,6894356.75
46080.0,-42.023804899999995,124.89006380000001,6894287.18
46100.0,-40.7625779,124.8943423,6894214.45
46120.0,-39.5012213,124.89535060000003,6894138.49
46140.0,-38.2397391,124.89334550000001,6894059.26
46160.0,-36.978135,124.88855999999998,6893976.68
46180.0,-35.716412399999996,124.8812067,6893890.71
46200.0,-34.454574,124.8714794,6893801.29
46220.0,-33.192622799999995,124.85955569999999,6893708.36
46240.0,-31.930560999999997,124.84559869999998,6893611.86
46260.0,-30.668391099999997,124.82975859999999,6893511.75
46280.0,-29.4061152,124.8121739,6893407.99
46300.0,-28.1437352,124.79297280000003,6893300.51
46320.0,-26.8812529,124.77227429999999,6893189.3
46340.0,-25.6186701,124.7501891,6893074.3
46360.0,-24.3559885,124.72682049999997,6892955.5
46380.0,-23.0932095,124.70226500000001,6892832.86
46400.0,-21.830334699999998,124.6766131,6892706.36
46420.0,-20.567365499999998,124.6499498,6892575.98
46440.0,-19.3043033,124.62235550000003,6892441.7
46460.0,-18.0411495,124.593906,6892303.53
46480.0,-16.7779055,124.5646731,6892161.46
46500.0,-15.5145725,124.53472529999999,6892015.49
46520.0,-14.251151799999999,124.50412790000001,6891865.63
46540.0,-12.9876449,124.47294310000001,6891711.9
46560.0,-11.7240529,124.44123100000002,6891554.33
46580.0,-10.4603773,124.4090491,6891392.95
46600.0,-9.196619199999999,124.37645329999998,6891227.8
46620.0,-7.9327799,124.34349750000001,6891058.92
46640.0,-6.6688608,124.31023429999999,6890886.36
46660.0,-5.404863199999999,124.27671520000001,6890710.16
46680.0,-4.1407885,124.2429904,6890530.38
46700.0,-2.8766381,124.20910950000001,6890347.08
46720.0,-1.6124133999999999,124.17512139999997,6890160.350000001
46740.0,-0.348116,124.14107480000001,6889970.26
46760.0,0.9162526,124.10701789999996,6889776.890000001
46780.0,2.1806910999999998,124.07299899999998,6889580.350000001
46800.0,3.4451975999999997,124.03906660000001,6889380.73
46820.0,4.709770799999999,124.00526939999997,6889178.12
46840.0,5.974408899999999,123.97165689999997,6888972.65
46860.0,7.2391100999999995,123.9382789,6888764.43
46880.0,8.5038728,123.90518659999998,6888553.58
46900.0,9.7686951,123.872432,6888340.24
46920.0,11.0335752,123.8400686,6888124.55
46940.0,12.2985112,123.80815159999997,6887906.66
46960.0,13.5635011,123.7767379,6887686.71
46980.0,14.828543,123.74588649999998,6887464.88
47000.0,16.0936347,123.71565880000003,6887241.33
47020.0,17.3587742,123.68611909999998,6887016.22
47040.0,18.623959199999998,123.65733439999997,6886789.72
47060.0,19.8891875,123.62937529999999,6886562.0200000005
47080.0,21.1544567,123.60231620000002,6886333.3
47100.0,22.4197644,123.5762355,6886103.74
47120.0,23.6851079,123.55121650000001,6885873.5200000005
47140.0,24.9504846,123.52734750000002,6885642.850000001
47160.0,26.215891799999998,123.50472279999997,6885411.890000001
47180.0,27.4813264,123.48344309999999,6885180.86
47200.0,28.746785199999998,123.46361609999997,6884949.94
47220.0,30.012265199999998,123.44535769999999,6884719.33
47240.0,31.2777626,123.42879249999999,6884489.23
47260.0,32.543274,123.4140552,6884259.86
47280.0,33.8087953,123.40129150000001,6884031.41
47300.0,35.0743225,123.39065949999997,6883804.09
47320.0,36.339850999999996,123.3823314,6883578.12
47340.0,37.605376199999995,123.37649469999997,6883353.68
47360.0,38.8708929,123.373355,6883131.01
47380.0,40.1363957,123.37313740000002,6882910.3
47400.0,41.401878499999995,123.37608979999999,6882691.7700000005
47420.0,42.667335,123.3824856,6882475.62
47440.0,43.9327581,123.39262730000002,6882262.07
47460.0,45.198139999999995,123.4068509,6882051.33
47480.0,46.463472499999995,123.42553020000003,6881843.59
47500.0,47.728746099999995,123.44908329999998,6881639.08
47520.0,48.9939506,123.4779785,6881437.99
47540.0,50.2590745,123.51274330000001,6881240.54
47560.0,51.5241051,123.5539733,6881046.9
47580.0,52.789027999999995,123.60234430000003,6880857.3
47600.0,54.0538269,123.65862600000003,6880671.92
47620.0,55.3184836,123.72369959999997,6880490.96
47640.0,56.5829768,123.79857829999997,6880314.600000001
47660.0,57.8472826,123.88443359999997,6880143.03
47680.0,59.111373099999994,123.98262729999999,6879976.43
47700.0,60.3752158,124.0947519,6879814.98
47720.0,61.6387728,124.22268229999997,6879658.86
47740.0,62.9019993,124.36864049999997,6879508.23
47760.0,64.1648419,124.53528030000001,6879363.25
47780.0,65.4272366,124.72579780000001,6879224.08
47800.0,66.6891058,124.9440765,6879090.87
47820.0,67.9503543,125.194883,6878963.75
47840.0,69.2108642,125.48413169999998,6878842.86
47860.0,70.4704874,125.81925130000002,6878728.32
47880.0,71.7290356,126.20970069999998,6878620.26
47900.0,72.9862651,126.667709,6878518.79
47920.0,74.2418552,127.20936230000001,6878424.0200000005
47940.0,75.49537509999999,127.8562412,6878336.05
47960.0,76.74623199999999,128.63796100000002,6878254.97
47980.0,77.9935883,129.59624299999996,6878180.87
48000.0,79.2362216,130.79169690000003,6878113.8100000005
48020.0,80.4722781,132.315629,6878053.890000001
48040.0,81.69881389999999,134.31167929999998,6878001.15
48060.0,82.9108796,137.01787709999996,6877955.65
48080.0,84.09954479999999,140.8539113,6877917.44
48100.0,85.2472136,146.61412689999997,6877886.5600000005
48120.0,86.3153694,155.9041542,6877863.04
48140.0,87.21109659999999,171.9229557,6877846.9
48160.0,87.72108659999999,-161.5293164,6877838.15
48180.0,87.5869288,-130.4139801,6877836.8
48200.0,86.8909185,-108.17744929999999,6877842.84
48220.0,85.9105175,-95.3040101,6877856.2700000005
48240.0,84.80429649999999,-87.6700378,6877877.08
48260.0,83.6375504,-82.79599499999999,6877905.22
48280.0,82.4382464,-79.4702156,6877940.68
48300.0,81.21971839999999,-77.0793834,6877983.41
48320.0,79.9889867,-75.29010389999999,6878033.36
48340.0,78.7500591,-73.9084008,6878090.49
48360.0,77.50537659999999,-72.8146734,6878154.72
48380.0,76.2565061,-71.9315225,6878225.99
48400.0,75.0044976,-71.2067947,6878304.21
48420.0,73.7500799,-70.6041334,6878389.3
48440.0,72.4937746,-70.0974524,6878481.16
48460.0,71.2359646,-69.6675656,6878579.69
48480.0,69.9769373,-69.3000567,6878684.79
48500.0,68.7169127,-68.9838884,6878796.36
48520.0,67.45606169999999,-68.7104708,6878914.28
48540.0,66.1945197,-68.4730201,6879038.41
48560.0,64.932395,-68.26610889999999,6879168.65
48580.0,63.6697752,-68.0853436,6879304.83
48600.0,62.406732399999996,-67.9271302,6879446.83
48620.0,61.1433263,-67.7885003,6879594.49
48640.0,59.879606499999994,-67.6669806,6879747.65
48660.0,58.6156152,-67.5604942,6879906.16
48680.0,57.3513879,-67.4672837,6880069.850000001
48700.0,56.0869554,-67.38585259999999,6880238.55
48720.0,54.8223438,-67.3149179,6880412.08
48740.0,53.557576,-67.2533736,6880590.25
48760.0,52.2926721,-67.2002612,6880772.890000001
48780.0,51.027649499999995,-67.1547454,6880959.8
48800.0,49.762523699999996,-67.1160952,6881150.79
48820.0,48.497308499999995,-67.0836679,6881345.66
48840.0,47.2320162,-67.05689559999999,6881544.21
48860.0,45.9666578,-67.0352754,6881746.24
48880.0,44.701243299999994,-67.0183594,6881951.54
48900.0,43.4357816,-67.0057477,6882159.92
48920.0,42.1702811,-66.9970818,6882371.16
48940.0,40.9047493,-66.9920396,6882585.0600000005
48960.0,39.6391929,-66.9903303,6882801.42
48980.0,38.3736183,-66.9916909,6883020.03
49000.0,37.1080313,-66.9958829,6883240.69
49020.0,35.8424373,-67.0026889,6883463.2
49040.0,34.5768414,-67.0119108,6883687.36
49060.0,33.3112481,-67.0233672,6883912.95
49080.0,32.0456619,-67.0368917,6884139.7700000005
49100.0,30.7800868,-67.0523311,6884367.62
49120.0,29.5145268,-67.0695444,6884596.3
49140.0,28.2489855,-67.0884008,6884825.600000001
49160.0,26.983466399999998,-67.1087795,6885055.33
49180.0,25.7179726,-67.1305677,6885285.3
49200.0,24.4525074,-67.1536607,6885515.3
49220.0,23.1870737,-67.1779604,6885745.16
49240.0,21.921674199999998,-67.203375,6885974.68
49260.0,20.6563117,-67.2298182,6886203.68
49280.0,19.3909888,-67.2572088,6886431.97
49300.0,18.1257079,-67.2854699,6886659.37
49320.0,16.8604713,-67.31452879999999,6886885.71
49340.0,15.5952814,-67.3443162,6887110.8100000005
49360.0,14.3301403,-67.37476629999999,6887334.49
49380.0,13.0650503,-67.4058161,6887556.58
49400.0,11.8000133,-67.43740489999999,6887776.93
49420.0,10.5350314,-67.46947469999999,6887995.37
49440.0,9.2701066,-67.5019693,6888211.75
49460.0,8.0052406,-67.53483419999999,6888425.91
49480.0,6.740435499999999,-67.5680165,6888637.72
49500.0,5.475692899999999,-67.6014644,6888847.04
49520.0,4.2110147,-67.6351274,6889053.74
49540.0,2.9464026,-67.6689557,6889257.7
49560.0,1.6818582,-67.7029002,6889458.8
49580.0,0.41738319999999995,-67.73691219999999,6889656.93
49600.0,-0.8470209,-67.7709434,6889851.98
49620.0,-2.1113524999999997,-67.8049453,6890043.87
49640.0,-3.3756101999999997,-67.8388697,6890232.51
49660.0,-4.6397924,-67.8726677,6890417.8
49680.0,-5.903897799999999,-67.9062902,6890599.67
49700.0,-7.1679249,-67.9396871,6890778.05
49720.0,-8.431872499999999,-67.97280769999999,6890952.87
49740.0,-9.695739099999999,-68.0056002,6891124.08
49760.0,-10.9595234,-68.03801109999999,6891291.600000001
49780.0,-12.2232241,-68.06998589999999,6891455.41
49800.0,-13.4868399,-68.101468,6891615.44
49820.0,-14.750369399999999,-68.1323987,6891771.66
49840.0,-16.0138113,-68.1627172,6891924.05
49860.0,-17.277164199999998,-68.19235979999999,6892072.5600000005
49880.0,-18.5404268,-68.22126,6892217.2
49900.0,-19.803597699999997,-68.2493479,6892357.95
49920.0,-21.0666755,-68.2765501,6892494.8100000005
49940.0,-22.3296587,-68.30278899999999,6892627.7700000005
49960.0,-23.5925461,-68.3279823,6892756.87
49980.0,-24.855335999999998,-68.3520429,6892882.100000001
50000.0,-26.1180269,-68.3748778,6893003.49
50020.0,-27.3806172,-68.396388,6893121.0600000005
50040.0,-28.643105199999997,-68.4164673,6893234.84
50060.0,-29.905489,-68.4350018,6893344.87
50080.0,-31.1677668,-68.4518688,6893451.18
50100.0,-32.4299365,-68.46693619999999,6893553.83
50120.0,-33.6919959,-68.4800608,6893652.850000001
50140.0,-34.9539425,-68.49108749999999,6893748.3
50160.0,-36.215773899999995,-68.4998476,6893840.23
50180.0,-37.477486999999996,-68.506157,6893928.68
50200.0,-38.7390788,-68.5098148,6894013.73
50220.0,-40.0005458,-68.5106004,6894095.43
50240.0,-41.2618842,-68.5082716,6894173.84
50260.0,-42.5230895,-68.5025613,6894249.0200000005
50280.0,-43.784157099999995,-68.4931742,6894321.05
50300.0,-45.045081599999996,-68.4797826,6894389.99
50320.0,-46.305856899999995,-68.46202219999999,6894455.91
50340.0,-47.566476099999996,-68.4394861,6894518.88
50360.0,-48.826931599999995,-68.4117187,6894578.98
50380.0,-50.0872144,-68.3782076,6894636.28
50400.0,-51.3473146,-68.3383748,6894690.86
50420.0,-52.6072205,-68.2915651,6894742.78
50440.0,-53.8669191,-68.2370333,6894792.13
50460.0,-55.1263948,-68.17392749999999,6894838.97
50480.0,-56.38563,-68.10126919999999,6894883.37
50500.0,-57.644603999999994,-68.0179292,6894925.42
50520.0,-58.9032925,-67.9225968,6894965.17
50540.0,-60.161666999999994,-67.81374149999999,6895002.7
50560.0,-61.419693599999995,-67.6895657,6895038.08
50580.0,-62.677332199999995,-67.5479427,6895071.37
50600.0,-63.9345345,-67.3863382,6895102.65
50620.0,-65.1912421,-67.2017078,6895131.98
50640.0,-66.4473841,-66.9903618,6895159.41
50660.0,-67.702873,-66.7477852,6895185.0200000005
50680.0,-68.9576003,-66.4683938,6895208.87
50700.0,-70.2114296,-66.1451988,6895231.0200000005
50720.0,-71.46418729999999,-65.7693379,6895251.5200000005
50740.0,-72.715649,-65.3294054,6895270.44
50760.0,-73.9655202,-64.810476,6895287.82
50780.0,-75.21340649999999,-64.192645,6895303.72
50800.0,-76.4587682,-63.44878349999999,6895318.2
50820.0,-77.70084779999999,-62.5409774,6895331.29
50840.0,-78.938549,-61.414662699999994,6895343.05
50860.0,-80.1702274,-59.9885551,6895353.51
50880.0,-81.39330679999999,-58.1364861,6895362.7
50900.0,-82.6035302,-55.65274049999999,6895370.65
50920.0,-83.7933831,-52.1815673,6895377.390000001
50940.0,-84.94846129999999,-47.06419460000001,6895382.93
50960.0,-86.0382418,-38.992922300000004,6895387.28
50980.0,-86.9909333,-25.3119389,6895390.46
51000.0,-87.6346543,-1.9227631999999915,6895392.48
51020.0,-87.6942163,29.305975100000012,6895393.33
51040.0,-87.13297829999999,54.61519200000001,6895393.01
51060.0,-86.2178838,69.69380939999999,6895391.5200000005
51080.0,-85.1450596,78.50249259999998,6895388.84
51100.0,-83.9984999,84.01536599999997,6895384.96
51120.0,-82.8134046,87.71463189999997,6895379.850000001
51140.0,-81.6060737,90.33950060000001,6895373.49
51160.0,-80.38487339999999,92.28416279999999,6895365.86
51180.0,-79.1544813,93.77399209999999,6895356.92
51200.0,-77.9176985,94.945898,6895346.65
51220.0,-76.6762978,95.88738409999996,6895335.0200000005
51240.0,-75.4314527,96.6567986,6895321.98
51260.0,-74.1839696,97.29445799999996,6895307.49
51280.0,-72.9344199,97.82907139999998,6895291.53
51300.0,-71.6832196,98.2816168,6895274.0200000005
51320.0,-70.4306783,98.6677679,6895254.94
51340.0,-69.1770308,98.99946449999999,6895234.22
51360.0,-67.9224586,99.28595860000001,6895211.8100000005
51380.0,-66.66710379999999,99.5345284,6895187.65
51400.0,-65.4110793,99.75097629999999,6895161.68
51420.0,-64.1544758,99.93998479999999,6895133.850000001
51440.0,-62.8973668,100.10537339999996,6895104.08
51460.0,-61.6398126,100.25028829999997,6895072.32
51480.0,-60.381862999999996,100.37734499999999,6895038.51
51500.0,-59.123559699999994,100.48873509999999,6895002.55
51520.0,-57.8649372,100.5863089,6894964.4
51540.0,-56.6060252,100.67163970000001,6894923.96
51560.0,-55.3468484,100.74607370000001,6894881.17
51580.0,-54.0874282,100.8107693,6894835.95
51600.0,-52.827782799999994,100.86672950000002,6894788.23
51620.0,-51.567928099999996,100.91482659999997,6894737.92
51640.0,-50.3078777,100.95582330000002,6894684.97
51660.0,-49.0476433,100.99038940000003,6894629.29
51680.0,-47.7872354,101.0191155,6894570.82
51700.0,-46.526663,101.04252480000002,6894509.47
51720.0,-45.265934099999996,101.06108230000001,6894445.19
51740.0,-44.0050557,101.07520269999998,6894377.91
51760.0,-42.7440339,101.08525759999998,6894307.5600000005
51780.0,-41.4828744,101.09158059999999,6894234.07
51800.0,-40.221582,101.0944725,6894157.390000001
51820.0,-38.9601611,101.09420499999999,6894077.46
51840.0,-37.6986157,101.0910245,6893994.21
51860.0,-36.436949299999995,101.08515519999997,6893907.600000001
51880.0,-35.175165,101.07680140000002,6893817.57
51900.0,-33.9132658,101.06615,6893724.07
51920.0,-32.6512544,101.05337220000001,6893627.05
51940.0,-31.3891331,101.03862549999997,6893526.47
51960.0,-30.1269042,101.02205509999999,6893422.28
51980.0,-28.864569799999998,101.00379509999999,6893314.44
52000.0,-27.6021318,100.98396960000002,6893202.93
52020.0,-26.339592,100.96269430000001,6893087.69
52040.0,-25.076952199999997,100.94007640000001,6892968.72
52060.0,-23.8142139,100.91621650000002,6892845.98
52080.0,-22.5513788,100.89120839999998,6892719.46
52100.0,-21.2884483,100.86514039999997,6892589.16
52120.0,-20.0254238,100.83809550000001,6892455.05
52140.0,-18.7623067,100.81015200000002,6892317.140000001
52160.0,-17.499098399999998,100.78138409999997,6892175.42
52180.0,-16.235799999999998,100.7518622,6892029.91
52200.0,-14.972413,100.7216535,6891880.62
52220.0,-13.7089386,100.6908219,6891727.54
52240.0,-12.4453781,100.6594288,6891570.71
52260.0,-11.181732799999999,100.62753329999998,6891410.15
52280.0,-9.9180039,100.59519219999999,6891245.88
52300.0,-8.6541929,100.56246069999997,6891077.94
52320.0,-7.390301,100.52939219999996,6890906.37
52340.0,-6.1263296,100.49603880000001,6890731.23
52360.0,-4.8622800999999995,100.46245149999999,6890552.5600000005
52380.0,-3.5981539,100.42868049999998,6890370.42
52400.0,-2.3339524,100.39477499999998,6890184.890000001
52420.0,-1.0696771,100.3607839,6889996.04
52440.0,0.1946704,100.32675560000001,6889803.95
52460.0,1.4590885,100.29273839999996,6889608.7
52480.0,2.7235758,100.25878069999999,6889410.41
52500.0,3.9881303999999997,100.22493109999999,6889209.18
52520.0,5.2527509,100.1912385,6889005.11
52540.0,6.5174354999999995,100.15775259999998,6888798.34
52560.0,7.7821824,100.12452380000002,6888588.98
52580.0,9.0469899,100.09160359999998,6888377.18
52600.0,10.3118562,100.05904470000002,6888163.08
52620.0,11.5767794,100.0269012,6887946.82
52640.0,12.841757699999999,99.99522909999996,6887728.55
52660.0,14.106789,99.96408600000001,6887508.42
52680.0,15.371871299999999,99.93353209999998,6887286.600000001
52700.0,16.637002499999998,99.9036299,6887063.24
52720.0,17.9021805,99.87444490000001,6886838.5200000005
52740.0,19.167403,99.8460455,6886612.600000001
52760.0,20.4326676,99.8185039,6886385.66
52780.0,21.6979719,99.7918962,6886157.87
52800.0,22.9633134,99.76630290000003,6885929.42
52820.0,24.2286893,99.7418093,6885700.49
52840.0,25.494097,99.7185063,6885471.28
52860.0,26.7595334,99.69649079999999,6885241.96
52880.0,28.0249955,99.67586640000002,6885012.73
52900.0,29.2904801,99.65674430000001,6884783.78
52920.0,30.5559838,99.63924399999996,6884555.32
52940.0,31.821502799999998,99.6234943,6884327.53
52960.0,33.0870333,99.60963449999997,6884100.63
52980.0,34.3525713,99.59781559999999,6883874.83
53000.0,35.6181123,99.58820159999999,6883650.33
53020.0,36.883651799999996,99.5809711,6883427.350000001
53040.0,38.1491848,99.57631930000002,6883206.12
53060.0,39.4147059,99.57445999999999,6882986.84
53080.0,40.6802096,99.57562789999997,6882769.73
53100.0,41.9456896,99.5800817,6882555.01
53120.0,43.2111394,99.58810690000001,6882342.890000001
53140.0,44.4765515,99.6000201,6882133.57
53160.0,45.7419182,99.616173,6881927.26
53180.0,47.0072305,99.63695799999999,6881724.15
53200.0,48.2724787,99.6628139,6881524.44
53220.0,49.537652099999995,99.69423389999997,6881328.33
53240.0,50.8027385,99.73177340000001,6881136.0200000005
53260.0,52.0677245,99.7760614,6880947.7
53280.0,53.3325949,99.82781260000002,6880763.5600000005
53300.0,54.597332599999994,99.8878426,6880583.8
53320.0,55.861917999999996,99.957087,6880408.59
53340.0,57.126328799999996,100.03662399999996,6880238.13
53360.0,58.390539399999994,100.12770319999998,6880072.59
53380.0,59.65452,100.2317807,6879912.16
53400.0,60.9182359,100.35056420000001,6879756.98
53420.0,62.1816463,100.48606970000003,6879607.24
53440.0,63.444702899999996,100.64069440000003,6879463.08
53460.0,64.707348,100.8173112,6879324.65
53480.0,65.969512,101.01939290000001,6879192.11
53500.0,67.2311101,101.2511773,6879065.58
53520.0,68.492038,101.51788899999997,6878945.21
53540.0,69.7521658,101.82604400000002,6878831.11
53560.0,71.01132919999999,102.1838732,6878723.42
53580.0,72.2693183,102.60192319999999,6878622.25
53600.0,73.525859,103.09392709999997,6878527.7
53620.0,74.7805879,103.67809679999999,6878439.890000001
53640.0,76.03301189999999,104.37909389999999,6878358.9
53660.0,77.2824452,105.23112750000001,6878284.83
53680.0,78.5279055,106.28300030000003,6878217.75
53700.0,79.76793719999999,107.60666709999998,6878157.73
53720.0,81.00029099999999,109.3124522,6878104.84
53740.0,82.22131159999999,111.57761779999998,6878059.140000001
53760.0,83.4246774,114.70343579999997,6878020.66
53780.0,84.5985702,119.23703039999998,6877989.46
53800.0,85.718672,126.24608819999997,6877965.57
53820.0,86.7292391,137.91698129999997,6877949.0
53840.0,87.4940487,158.1882506,6877939.79
53860.0,87.74710689999999,-171.5744268,6877937.93
53880.0,87.3382177,-143.27870719999999,6877943.43
53900.0,86.491659,-125.58420319999999,6877956.29
53920.0,85.445264,-115.3819881,6877976.48
53940.0,84.3082036,-109.1403086,6878003.99
53960.0,83.1253225,-105.0323241,6878038.78
53980.0,81.9167148,-102.16084599999999,6878080.83
54000.0,80.69240049999999,-100.0578816,6878130.09
54020.0,79.4578542,-98.4611863,6878186.51
54040.0,78.2162949,-97.21412409999999,6878250.03
54060.0,76.96973109999999,-96.2179771,6878320.59
54080.0,75.719477,-95.4076831,6878398.11
54100.0,74.4664277,-94.7387249,6878482.5200000005
54120.0,73.21121289999999,-94.1796644,6878573.74
54140.0,71.95428849999999,-93.7076925,6878671.66
54160.0,70.6959926,-93.3058724,6878776.18
54180.0,69.4365809,-92.96137089999999,6878887.21
54200.0,68.1762507,-92.66429099999999,6879004.63
54220.0,66.9151565,-92.4068798,6879128.33
54240.0,65.6534211,-92.18297919999999,6879258.16
54260.0,64.3911435,-91.9876366,6879394.0
54280.0,63.1284042,-91.8168243,6879535.7
54300.0,61.865269399999995,-91.6672335,6879683.12
54320.0,60.601794399999996,-91.5361209,6879836.11
54340.0,59.3380254,-91.4211926,6879994.49
54360.0,58.074001499999994,-91.32051609999999,6880158.11
54380.0,56.8097559,-91.23245159999999,6880326.79
54400.0,55.545317399999995,-91.1555984,6880500.350000001
54420.0,54.2807107,-91.08875309999999,6880678.600000001
54440.0,53.015957199999995,-91.0308755,6880861.350000001
54460.0,51.7510759,-90.9810621,6881048.4
54480.0,50.4860833,-90.938524,6881239.5600000005
54500.0,49.2209942,-90.90256959999999,6881434.63
54520.0,47.9558217,-90.8725892,6881633.390000001
54540.0,46.690577499999996,-90.8480438,6881835.66
54560.0,45.4252721,-90.8284547,6882041.22
54580.0,44.159915,-90.8133952,6882249.86
54600.0,42.894514799999996,-90.80248379999999,6882461.390000001
54620.0,41.629079399999995,-90.7953778,6882675.59
54640.0,40.3636159,-90.791769,6882892.26
54660.0,39.098130999999995,-90.7913787,6883111.19
54680.0,37.8326305,-90.79395459999999,6883332.16
54700.0,36.5671202,-90.7992676,6883554.96
54720.0,35.301605099999996,-90.80710859999999,6883779.390000001
54740.0,34.036090099999996,-90.8172869,6884005.24
54760.0,32.7705798,-90.8296276,6884232.28
54780.0,31.505078299999997,-90.8439702,6884460.33
54800.0,30.2395897,-90.8601667,6884689.16
54820.0,28.9741175,-90.8780805,6884918.59
54840.0,27.7086655,-90.8975852,6885148.4
54860.0,26.443236799999998,-90.9185634,6885378.41
54880.0,25.1778347,-90.9409058,6885608.41
54900.0,23.9124621,-90.9645106,6885838.21
54920.0,22.6471218,-90.98928219999999,6886067.61
54940.0,21.3818165,-91.0151313,6886296.43
54960.0,20.116548899999998,-91.0419738,6886524.47
54980.0,18.851321499999997,-91.0697302,6886751.54
55000.0,17.5861366,-91.0983254,6886977.47
55020.0,16.3209967,-91.1276883,6887202.0600000005
55040.0,15.0559041,-91.1577511,6887425.16
55060.0,13.790860799999999,-91.18844899999999,6887646.59
55080.0,12.5258691,-91.21972009999999,6887866.2
55100.0,11.260931099999999,-91.25150479999999,6888083.84
55120.0,9.996048499999999,-91.2837459,6888299.350000001
55140.0,8.7312235,-91.3163879,6888512.59
55160.0,7.4664578,-91.3493769,6888723.44
55180.0,6.2017533,-91.3826606,6888931.76
55200.0,4.9371117,-91.41618779999999,6889137.43
55220.0,3.6725345999999996,-91.4499081,6889340.33
55240.0,2.4080239,-91.48377219999999,6889540.350000001
55260.0,1.1435809,-91.51773109999999,6889737.390000001
55280.0,-0.1207926,-91.5517363,6889931.350000001
55300.0,-1.3850951999999999,-91.5857394,6890122.140000001
55320.0,-2.6493254999999998,-91.6196922,6890309.67
55340.0,-3.9134818,-91.65354599999999,6890493.86
55360.0,-5.177563,-91.687252,6890674.640000001
55380.0,-6.4415675,-91.7207607,6890851.94
55400.0,-7.705494,-91.7540217,6891025.7
55420.0,-8.969341199999999,-91.7869839,6891195.850000001
55440.0,-10.233107799999999,-91.8195949,6891362.36
55460.0,-11.4967925,-91.85180079999999,6891525.16
55480.0,-12.760394,-91.883546,6891684.21
55500.0,-14.023911,-91.9147732,6891839.49
55520.0,-15.2873422,-91.9454229,6891990.96
55540.0,-16.5506863,-91.97543309999999,6892138.59
55560.0,-17.8139419,-92.00473889999999,6892282.37
55580.0,-19.0771078,-92.0332724,6892422.28
55600.0,-20.3401827,-92.0609625,6892558.33
55620.0,-21.603165,-92.0877338,6892690.49
55640.0,-22.8660535,-92.11350689999999,6892818.79
55660.0,-24.1288466,-92.13819749999999,6892943.22
55680.0,-25.3915428,-92.16171589999999,6893063.8100000005
55700.0,-26.654140599999998,-92.1839668,6893180.57
55720.0,-27.916638199999998,-92.204848,6893293.53
55740.0,-29.179033999999998,-92.22425,6893402.71
55760.0,-30.441326,-92.24205529999999,6893508.16
55780.0,-31.7035122,-92.2581373,6893609.92
55800.0,-32.9655906,-92.2723591,6893708.0200000005
55820.0,-34.2275588,-92.2845727,6893802.5200000005
55840.0,-35.4894144,-92.2946171,6893893.46
55860.0,-36.7511547,-92.3023173,6893980.9
55880.0,-38.012776599999995,-92.3074822,6894064.890000001
55900.0,-39.274276799999996,-92.3099026,6894145.49
55920.0,-40.5356518,-92.309349,6894222.76
55940.0,-41.7968975,-92.3055689,6894296.76
55960.0,-43.058009399999996,-92.2982833,6894367.5600000005
55980.0,-44.318982399999996,-92.2871837,6894435.23
56000.0,-45.5798109,-92.2719271,6894499.83
56020.0,-46.8404884,-92.25213169999999,6894561.44
56040.0,-48.1010077,-92.2273706,6894620.12
56060.0,-49.3613606,-92.1971648,6894675.96
56080.0,-50.6215378,-92.1609749,6894729.0200000005
56100.0,-51.881528599999996,-92.1181915,6894779.390000001
56120.0,-53.141320699999994,-92.0681225,6894827.13
56140.0,-54.4008999,-92.0099793,6894872.33
56160.0,-55.66025,-91.94285839999999,6894915.0600000005
56180.0,-56.919351999999996,-91.8657202,6894955.4
56200.0,-58.1781837,-91.7773619,6894993.41
56220.0,-59.436719,-91.676384,6895029.19
56240.0,-60.6949274,-91.5611486,6895062.79
56260.0,-61.952772499999995,-91.42972549999999,6895094.29
56280.0,-63.2102107,-91.279825,6895123.7700000005
56300.0,-64.4671899,-91.1087089,6895151.29
56320.0,-65.7236465,-90.9130761,6895176.92
56340.0,-66.9795031,-90.68890999999999,6895200.73
56360.0,-68.2346639,-90.4312736,6895222.7700000005
56380.0,-69.48900929999999,-90.1340311,6895243.11
56400.0,-70.7423884,-89.7894623,6895261.8100000005
56420.0,-71.9946078,-89.3877174,6895278.92
56440.0,-73.2454158,-88.916034,6895294.48
56460.0,-74.49447959999999,-88.3575814,6895308.5600000005
56480.0,-75.7413495,-87.6897152,6895321.19
56500.0,-76.9854036,-86.8812573,6895332.42
56520.0,-78.2257583,-85.8881152,6895342.29
56540.0,-79.4611166,-84.64594509999999,6895350.84
56560.0,-80.6894986,-83.0573,6895358.12
56580.0,-81.9077362,-80.9679115,6895364.15
56600.0,-83.1104556,-78.1202323,6895368.95
56620.0,-84.2878558,-74.0562889,6895372.5600000005
56640.0,-85.4203768,-67.9018983,6895375.0
56660.0,-86.46463229999999,-57.8846497,6895376.2700000005
56680.0,-87.3155689,-40.57130280000001,6895376.390000001
56700.0,-87.7427988,-12.742554100000007,6895375.36
56720.0,-87.5170223,17.576531200000005,6895373.19
56740.0,-86.7724858,38.226651300000015,6895369.87
56760.0,-85.7750739,50.15898659999999,6895365.4
56780.0,-84.6647687,57.317090699999994,6895359.75
56800.0,-83.4991538,61.938513099999994,6895352.91
56820.0,-82.30331079999999,65.11958240000001,6895344.850000001
56840.0,-81.08939509999999,67.42167710000001,6895335.54
56860.0,-79.863891,69.15341910000001,6895324.97
56880.0,-78.63053839999999,70.4960939,6895313.100000001
56900.0,-77.3916333,71.56235889999999,6895299.890000001
56920.0,-76.1486583,72.42559410000001,6895285.32
56940.0,-74.90261149999999,73.13551189999998,6895269.350000001
56960.0,-73.6541881,73.7269245,6895251.94
56980.0,-72.4038868,74.22490640000001,6895233.03
57000.0,-71.1520741,74.64796089999999,6895212.59
57020.0,-69.8990251,75.01003120000001,6895190.5600000005
57040.0,-68.6449502,75.321819,6895166.890000001
57060.0,-67.390013,75.5916719,6895141.5200000005
57080.0,-66.1343423,75.82619499999998,6895114.4
57100.0,-64.87804109999999,76.03068250000001,6895085.46
57120.0,-63.621192199999996,76.2094265,6895054.65
57140.0,-62.3638633,76.3659432,6895021.9
57160.0,-61.106110099999995,76.50314079999998,6894987.140000001
57180.0,-59.8479788,76.62344489999998,6894950.3
57200.0,-58.5895078,76.72889479999998,6894911.3100000005
57220.0,-57.3307297,76.82121769999998,6894870.100000001
57240.0,-56.0716718,76.90188599999999,6894826.59
57260.0,-54.812357399999996,76.97216270000001,6894780.72
57280.0,-53.5528067,77.03313760000003,6894732.4
57300.0,-52.293036699999995,77.08575610000003,6894681.55
57320.0,-51.0330623,77.13084229999998,6894628.12
57340.0,-49.7728964,77.16911809999999,6894572.01
57360.0,-48.5125501,77.20121849999998,6894513.16
57380.0,-47.252033399999995,77.2277047,6894451.5
57400.0,-45.991354699999995,77.24907439999998,6894386.96
57420.0,-44.7305218,77.26577079999998,6894319.47
57440.0,-43.4695411,77.27818990000003,6894248.96
57460.0,-42.208418699999996,77.2866866,6894175.36
57480.0,-40.947159899999996,77.29158029999996,6894098.62
57500.0,-39.6857693,77.29315919999999,6894018.66
57520.0,-38.4242511,77.2916841,6893935.44
57540.0,-37.1626092,77.2873917,6893848.88
57560.0,-35.900847,77.28049759999999,6893758.94
57580.0,-34.6389675,77.27119849999997,6893665.5600000005
57600.0,-33.3769737,77.25967459999998,6893568.68
57620.0,-32.1148682,77.2460911,6893468.2700000005
57640.0,-30.8526533,77.23060029999999,6893364.28
57660.0,-29.590331199999998,77.21334239999999,6893256.67
57680.0,-28.327904099999998,77.19444729999998,6893145.4
57700.0,-27.065373899999997,77.17403539999998,6893030.45
57720.0,-25.8027424,77.15221880000001,6892911.79
57740.0,-24.5400112,77.12910190000002,6892789.390000001
57760.0,-23.2771822,77.10478219999999,6892663.24
57780.0,-22.0142568,77.0793511,6892533.33
57800.0,-20.7512366,77.05289479999999,6892399.66
57820.0,-19.488122999999998,77.0254941,6892262.21
57840.0,-18.2249175,76.99722580000002,6892121.0
57860.0,-16.9616214,76.9681622,6891976.05
57880.0,-15.698236199999998,76.93837239999999,6891827.350000001
57900.0,-14.434763199999999,76.90792220000003,6891674.94
57920.0,-13.171203799999999,76.87687449999999,6891518.84
57940.0,-11.9075592,76.84528969999997,6891359.100000001
57960.0,-10.6438309,76.81322569999998,6891195.74
57980.0,-9.380020199999999,76.7807388,6891028.82
58000.0,-8.1161284,76.74788319999999,6890858.390000001
58020.0,-6.8521569,76.71471199999996,6890684.5
58040.0,-5.588107,76.68127670000001,6890507.23
58060.0,-4.323980199999999,76.64762789999997,6890326.63
58080.0,-3.0597778,76.61381540000002,6890142.79
58100.0,-1.7955013,76.57988820000003,6889955.78
58120.0,-0.5311521,76.54589499999997,6889765.69
58140.0,0.7332681999999999,76.51188409999997,6889572.61
58160.0,1.9977582999999999,76.47790399999997,6889376.63
58180.0,3.2623164,76.44400310000003,6889177.87
58200.0,4.5269411,76.41023009999998,6888976.41
58220.0,5.7916307,76.3766344,6888772.38
58240.0,7.0563835,76.3432659,6888565.890000001
58260.0,8.3211978,76.31017539999999,6888357.0600000005
58280.0,9.5860718,76.27741509999998,6888146.01
58300.0,10.8510036,76.24503820000001,6887932.88
58320.0,12.1159915,76.2130995,6887717.8
58340.0,13.3810334,76.18165590000001,6887500.91
58360.0,14.646127199999999,76.15076590000001,6887282.36
58380.0,15.911271,76.1204909,6887062.3
58400.0,17.1764625,76.09089440000002,6886840.88
58420.0,18.4416996,76.06204330000003,6886618.26
58440.0,19.706979699999998,76.03400750000003,6886394.600000001
58460.0,20.9723006,76.00686089999999,6886170.0600000005
58480.0,22.2376596,75.98068130000001,6885944.82
58500.0,23.5030541,75.95555139999999,6885719.0600000005
58520.0,24.7684812,75.93155869999998,6885492.94
58540.0,26.033938199999998,75.90879660000002,6885266.67
58560.0,27.2994219,75.8873648,6885040.43
58580.0,28.564929099999997,75.86737019999998,6884814.41
58600.0,29.830456599999998,75.84892730000001,6884588.8100000005
58620.0,31.0960009,75.8321598,6884363.8100000005
58640.0,32.3615582,75.8172007,6884139.62
58660.0,33.6271244,75.80419419999998,6883916.42
58680.0,34.892695499999995,75.79329669999998,6883694.41
58700.0,36.1582667,75.78467810000001,6883473.8
58720.0,37.4238333,75.7785237,6883254.79
58740.0,38.6893901,75.77503630000001,6883037.61
58760.0,39.9549315,75.77443829999999,6882822.47
58780.0,41.2204518,75.776974,6882609.58
58800.0,42.4859444,75.7829131,6882399.17
58820.0,43.7514025,75.792554,6882191.43
58840.0,45.0168184,75.80622749999998,6881986.58
58860.0,46.2821839,75.8243019,6881784.83
58880.0,47.5474898,75.84718859999998,6881586.390000001
58900.0,48.812726,75.8753485,6881391.45
58920.0,50.0778811,75.90930029999998,6881200.2
58940.0,51.3429426,75.9496292,6881012.850000001
58960.0,52.607896399999994,75.99699900000002,6880829.59
58980.0,53.8727264,76.05216530000001,6880650.59
59000.0,55.1374145,76.11599239999998,6880476.0600000005
59020.0,56.4019401,76.1894734,6880306.16
59040.0,57.666279599999996,76.27375560000002,6880141.08
59060.0,58.9304056,76.3701719,6879981.0
59080.0,60.194286299999995,76.48027939999997,6879826.08
59100.0,61.457884699999994,76.60590939999997,6879676.49
59120.0,62.721156799999996,76.74923030000002,6879532.390000001
59140.0,63.9840507,76.9128288,6879393.93
59160.0,65.2465039,77.09981640000001,6879261.26
59180.0,66.5084409,77.3139688,6879134.5200000005
59200.0,67.769769,77.55991319999998,6879013.850000001
59220.0,69.0303741,77.84338149999996,6878899.38
59240.0,70.2901127,78.1715605,6878791.24
59260.0,71.54880299999999,78.5535817,6878689.54
59280.0,72.8062102,79.00122379999999,6878594.41
59300.0,74.0620261,79.5299397,6878505.93
59320.0,75.31583789999999,80.16039890000002,6878424.23
59340.0,76.5670801,80.92086749999999,6878349.37
59360.0,77.8149565,81.85100620000003,6878281.46
59380.0,79.0583109,83.0081586,6878220.55
59400.0,80.2954006,84.47822580000002,6878166.72
59420.0,81.5234778,86.39543570000001,6878120.03
59440.0,82.7379642,88.98042529999998,6878080.5200000005
59460.0,83.930691,92.61849910000001,6878048.23
59480.0,85.0857845,98.03125060000002,6878023.2
59500.0,86.1690466,106.66592079999998,6878005.46
59520.0,87.0988615,121.44770260000001,6877995.03
59540.0,87.6825176,146.44467780000002,6877991.93
59560.0,87.6465846,177.8591909,6877996.15
59580.0,87.0133443,-158.30313619999998,6878007.7
59600.0,86.0610476,-144.3593452,6878026.57
59620.0,84.9676813,-136.165077,6878052.73
59640.0,83.80752679999999,-130.9880839,6878086.17
59660.0,82.6119847,-127.4858445,6878126.84
59680.0,81.3957976,-124.9848516,6878174.72
59700.0,80.16662629999999,-123.1227364,6878229.75
59720.0,78.92879889999999,-121.6905785,6878291.88
59740.0,77.684929,-120.5605471,6878361.05
59760.0,76.4366833,-119.6504441,6878437.19
59780.0,75.18517159999999,-118.90517779999999,6878520.22
59800.0,73.9311613,-118.2865169,6878610.05
59820.0,72.6751989,-117.7671355,6878706.59
59840.0,71.4176844,-117.32700249999999,6878809.74
59860.0,70.158917,-116.9511101,6878919.390000001
59880.0,68.89912509999999,-116.62799729999999,6879035.43
59900.0,67.638486,-116.34876419999999,6879157.72
59920.0,66.37713939999999,-116.10639599999999,6879286.140000001
59940.0,65.1151971,-115.8952906,6879420.55
59960.0,63.852749599999996,-115.71092019999999,6879560.8100000005
59980.0,62.589870899999994,-115.5495863,6879706.7700000005
60000.0,61.326622199999996,-115.408238,6879858.28
60020.0,60.0630544,-115.2843367,6880015.17
60040.0,58.799210699999996,-115.1757526,6880177.2700000005
60060.0,57.535127499999994,-115.0806855,6880344.43
60080.0,56.270835999999996,-114.9976038,6880516.44
60100.0,55.0063629,-114.9251958,6880693.140000001
60120.0,53.741731699999995,-114.86233139999999,6880874.34
60140.0,52.476962699999994,-114.80803189999999,6881059.84
60160.0,51.212073499999995,-114.7614452,6881249.45
60180.0,49.9470801,-114.7218261,6881442.98
60200.0,48.6819962,-114.68851939999999,6881640.22
60220.0,47.4168345,-114.6609472,6881840.96
60240.0,46.1516059,-114.6385974,6882045.0200000005
60260.0,44.8863205,-114.6210145,6882252.18
60280.0,43.6209875,-114.6077919,6882462.23
60300.0,42.355615,-114.5985654,6882674.97
60320.0,41.0902106,-114.5930078,6882890.19
60340.0,39.8247812,-114.590824,6883107.69
60360.0,38.5593332,-114.59174709999999,6883327.26
60380.0,37.293872199999996,-114.595535,6883548.7
60400.0,36.0284039,-114.6019676,6883771.79
60420.0,34.762933,-114.610844,6883996.350000001
60440.0,33.4974644,-114.62198049999999,6884222.17
60460.0,32.2320024,-114.6352086,6884449.04
60480.0,30.966550899999998,-114.6503733,6884676.76
60500.0,29.701113999999997,-114.66733169999999,6884905.140000001
60520.0,28.4356951,-114.68595169999999,6885133.97
60540.0,27.170297599999998,-114.7061109,6885363.0600000005
60560.0,25.904924899999997,-114.7276955,6885592.21
60580.0,24.63958,-114.7505996,6885821.23
60600.0,23.3742658,-114.7747241,6886049.94
60620.0,22.108985099999998,-114.7999763,6886278.13
60640.0,20.8437406,-114.82626909999999,6886505.640000001
60660.0,19.5785347,-114.8535205,6886732.2700000005
60680.0,18.31337,-114.8816531,6886957.850000001
60700.0,17.0482489,-114.9105934,6887182.21
60720.0,15.783173499999998,-114.94027179999999,6887405.17
60740.0,14.5181461,-114.97062199999999,6887626.57
60760.0,13.2531687,-115.0015804,6887846.26
60780.0,11.9882434,-115.0330863,6888064.0600000005
60800.0,10.7233722,-115.0650811,6888279.84
60820.0,9.458556999999999,-115.0975083,6888493.44
60840.0,8.193799499999999,-115.13031339999999,6888704.72
60860.0,6.9291016999999995,-115.1634431,6888913.55
60880.0,5.6644651,-115.19684559999999,6889119.8
60900.0,4.3998916,-115.23047009999999,6889323.33
60920.0,3.1353828,-115.2642669,6889524.03
60940.0,1.8709402,-115.2981866,6889721.79
60960.0,0.6065655,-115.3321807,6889916.5
60980.0,-0.6577398999999999,-115.3662006,6890108.0600000005
61000.0,-1.9219743999999999,-115.4001981,6890296.37
61020.0,-3.1861365999999998,-115.4341249,6890481.34
61040.0,-4.4502251,-115.4679321,6890662.890000001
61060.0,-5.7142384,-115.5015708,6890840.95
61080.0,-6.978175299999999,-115.53499099999999,6891015.44
61100.0,-8.242034199999999,-115.56814229999999,6891186.3
61120.0,-9.505813999999999,-115.6009727,6891353.47
61140.0,-10.7695133,-115.6334294,6891516.9
61160.0,-12.033130799999999,-115.66545789999999,6891676.55
61180.0,-13.2966652,-115.6970017,6891832.37
61200.0,-14.560115199999998,-115.7280028,6891984.33
61220.0,-15.8234794,-115.7584006,6892132.4
61240.0,-17.0867567,-115.78813179999999,6892276.57
61260.0,-18.349945599999998,-115.81713049999999,6892416.82
61280.0,-19.6130448,-115.8453273,6892553.15
61300.0,-20.876053,-115.8726495,6892685.54
61320.0,-22.1389687,-115.89902,6892814.01
61340.0,-23.4017907,-115.9243575,6892938.57
61360.0,-24.6645173,-115.9485754,6893059.23
61380.0,-25.9271471,-115.9715817,6893176.0200000005
61400.0,-27.1896784,-115.9932783,6893288.95
61420.0,-28.4521096,-116.01356009999999,6893398.0600000005
61440.0,-29.714439,-116.03231439999999,6893503.38
61460.0,-30.9766646,-116.04941989999999,6893604.96
61480.0,-32.2387845,-116.0647458,6893702.83
61500.0,-33.5007963,-116.0781507,6893797.05
61520.0,-34.7626979,-116.0894812,6893887.65
61540.0,-36.024486599999996,-116.0985709,6893974.69
61560.0,-37.2861596,-116.105238,6894058.23
61580.0,-38.5477138,-116.10928419999999,6894138.33
61600.0,-39.809145699999995,-116.1104919,6894215.04
61620.0,-41.0704517,-116.1086224,6894288.43
61640.0,-42.331627499999996,-116.10341229999999,6894358.5600000005
61660.0,-43.5926684,-116.0945708,6894425.5
61680.0,-44.8535691,-116.0817754,6894489.3100000005
61700.0,-46.1143236,-116.06466739999999,6894550.08
61720.0,-47.3749252,-116.0428467,6894607.86
61740.0,-48.6353663,-116.0158653,6894662.73
61760.0,-49.8956382,-115.98321999999999,6894714.76
61780.0,-51.1557311,-115.94434319999999,6894764.03
61800.0,-52.4156336,-115.898592,6894810.62
61820.0,-53.6753326,-115.8452356,6894854.600000001
61840.0,-54.934813299999995,-115.78343939999999,6894896.04
61860.0,-56.194058,-115.7122452,6894935.04
61880.0,-57.453046699999994,-115.63054819999999,6894971.66
61900.0,-58.7117556,-115.537067,6895005.98
61920.0,-59.9701569,-115.4303072,6895038.100000001
61940.0,-61.2282176,-115.3085145,6895068.07
61960.0,-62.4858985,-115.1696162,6895095.98
61980.0,-63.743152699999996,-115.0111452,6895121.9
62000.0,-64.9999237,-114.83014139999999,6895145.9
62020.0,-66.2561423,-114.6230222,6895168.05
62040.0,-67.5117241,-114.3854106,6895188.42
62060.0,-68.766564,-114.11190189999999,6895207.08
62080.0,-70.02053029999999,-113.795745,6895224.08
62100.0,-71.2734557,-113.4283967,6895239.48
62120.0,-72.5251246,-112.99888809999999,6895253.34
62140.0,-73.7752544,-112.4929038,6895265.7
62160.0,-75.0234681,-111.8914106,6895276.62
62180.0,-76.2692517,-111.1685589,6895286.140000001
62200.0,-77.5118864,-110.28836869999999,6895294.3100000005
62220.0,-78.75033719999999,-109.1993067,6895301.16
62240.0,-79.9830612,-107.8250363,6895306.74
62260.0,-81.2076579,-106.0478662,6895311.07
62280.0,-82.4201963,-103.67745219999999,6895314.19
62300.0,-83.6138131,-100.3877892,6895316.12
62320.0,-84.7755325,-95.5817632,6895316.890000001
62340.0,-85.87830369999999,-88.0856001,6895316.51
62360.0,-86.8594123,-75.50504529999999,6895314.99
62380.0,-87.5669447,-53.7998767,6895312.350000001
62400.0,-87.7289277,-23.00773989999999,6895308.59
62420.0,-87.2473042,3.8852914,6895303.72
62440.0,-86.3697821,20.295185000000004,6895297.72
62460.0,-85.3137153,29.81848310000001,6895290.59
62480.0,-84.17541829999999,35.71158919999999,6895282.32
62500.0,-82.9948563,39.6277972,6895272.88
62520.0,-81.7902354,42.385648300000014,6895262.25
62540.0,-80.5707649,44.41692169999999,6895250.4
62560.0,-79.3415334,45.96601620000001,6895237.3100000005
62580.0,-78.1055595,47.1801385,6895222.94
62600.0,-76.8647392,48.152706800000004,6895207.2700000005
62620.0,-75.6203196,48.945643700000005,6895190.25
62640.0,-74.37315319999999,49.6015213,6895171.84
62660.0,-73.12384159999999,50.1505262,6895152.01
62680.0,-71.8728209,50.61463499999999,6895130.69
62700.0,-70.6204149,51.01021539999999,6895107.850000001
62720.0,-69.3668683,51.349701400000015,6895083.43
62740.0,-68.11237,51.6427042,6895057.38
62760.0,-66.85706739999999,51.8967681,6895029.640000001
62780.0,-65.6010774,52.117896099999996,6895000.15
62800.0,-64.3444938,52.310923900000006,6894968.86
62820.0,-63.087392599999994,52.47978979999999,6894935.72
62840.0,-61.829836,52.6277336,6894900.65
62860.0,-60.571875199999994,52.757444599999985,6894863.59
62880.0,-59.3135531,52.871173699999986,6894824.47
62900.0,-58.054905399999996,52.97081929999999,6894783.23
62920.0,-56.7959622,53.057993899999985,6894739.79
62940.0,-55.536749199999996,53.134075800000005,6894694.08
62960.0,-54.2772882,53.2002502,6894646.0200000005
62980.0,-53.0175979,53.25754230000001,6894595.54
63000.0,-51.7576946,53.30684309999998,6894542.5600000005
63020.0,-50.4975921,53.34893119999998,6894487.01
63040.0,-49.2373026,53.38448979999998,6894428.82
63060.0,-47.9768367,53.41412109999999,6894367.9
63080.0,-46.7162037,53.4383579,6894304.2
63100.0,-45.4554117,53.45767359999999,6894237.63
63120.0,-44.1944679,53.472490600000015,6894168.12
63140.0,-42.9333787,53.483186399999994,6894095.61
63160.0,-41.6721498,53.49010039999999,6894020.04
63180.0,-40.410786099999996,53.493538099999995,6893941.33
63200.0,-39.1492923,53.4937755,6893859.43
63220.0,-37.8876723,53.4910629,6893774.2700000005
63240.0,-36.625929899999996,53.48562749999999,6893685.8
63260.0,-35.3640683,53.47767669999999,6893593.97
63280.0,-34.1020906,53.467399900000004,6893498.71
63300.0,-32.8399996,53.45497080000001,6893399.99
63320.0,-31.577797699999998,53.44054879999999,6893297.76
63340.0,-30.3154874,53.424280899999985,6893191.98
63360.0,-29.0530707,53.406302900000014,6893082.62
63380.0,-27.790549799999997,53.38674040000001,6892969.640000001
63400.0,-26.5279265,53.36571029999999,6892853.03
63420.0,-25.265202499999997,53.343321,6892732.75
63440.0,-24.002379599999998,53.319674099999986,6892608.79
63460.0,-22.7394593,53.2948643,6892481.12
63480.0,-21.4764432,53.2689809,6892349.74
63500.0,-20.2133327,53.24210740000001,6892214.640000001
63520.0,-18.9501295,53.21432300000001,6892075.82
63540.0,-17.6868348,53.1857024,6891933.2700000005
63560.0,-16.42345,53.1563165,6891787.01
63580.0,-15.1599767,53.12623300000001,6891637.0600000005
63600.0,-13.896415999999999,53.095516299999986,6891483.43
63620.0,-12.6327693,53.064228000000014,6891326.15
63640.0,-11.3690381,53.0324277,6891165.25
63660.0,-10.1052237,53.0001724,6891000.7700000005
63680.0,-8.8413273,52.967517499999985,6890832.75
63700.0,-7.577350399999999,52.93451669999999,6890661.25
63720.0,-6.313294399999999,52.90122220000001,6890486.32
63740.0,-5.0491605,52.867685300000005,6890308.03
63760.0,-3.7849502999999998,52.833956,6890126.43
63780.0,-2.5206651,52.800083900000004,6889941.62
63800.0,-1.2563064,52.766117699999995,6889753.66
63820.0,0.0081242,52.73210599999999,6889562.65
63840.0,1.2726255,52.698097099999984,6889368.68
63860.0,2.5371956,52.66413929999999,6889171.850000001
63880.0,3.8018332,52.63028120000001,6888972.26
63900.0,5.0665366,52.596571600000004,6888770.03
63920.0,6.3313041,52.563060199999995,6888565.25
63940.0,7.5961341,52.529797099999996,6888358.07
63960.0,8.8610248,52.496833699999996,6888148.58
63980.0,10.125974399999999,52.464222500000005,6887936.93
64000.0,11.390981,52.43201740000001,6887723.24
64020.0,12.6560426,52.400273999999996,6887507.640000001
64040.0,13.921157299999999,52.36904989999999,6887290.2700000005
64060.0,15.1863228,52.33840470000001,6887071.28
64080.0,16.4515371,52.30840069999999,6886850.83
64100.0,17.7167977,52.279102800000004,6886629.08
64120.0,18.9821024,52.250579200000004,6886406.2
64140.0,20.2474488,52.22290140000001,6886182.37
64160.0,21.512834299999998,52.196145,6885957.76
64180.0,22.778256499999998,52.17038980000001,6885732.58
64200.0,24.0437127,52.14572039999999,6885506.98
64220.0,25.309200099999998,52.12222689999999,6885281.17
64240.0,26.5747157,52.1000052,6885055.33
64260.0,27.8402566,52.0791581,6884829.640000001
64280.0,29.1058195,52.05979550000001,6884604.3
64300.0,30.371401,52.04203559999999,6884379.48
64320.0,31.6369974,52.026005999999995,6884155.38
64340.0,32.902605,52.011844199999985,6883932.19
64360.0,34.1682195,51.99969920000001,6883710.11
64380.0,35.4338366,51.989733099999995,6883489.34
64400.0,36.6994517,51.982122000000004,6883270.09
64420.0,37.9650597,51.9770585,6883052.57
64440.0,39.230655399999996,51.97475320000001,6882837.01
64460.0,40.4962331,51.97543759999999,6882623.62
64480.0,41.7617866,51.9793665,6882412.600000001
64500.0,43.0273094,51.98682120000001,6882204.18
64520.0,44.292794199999996,51.9981133,6881998.55
64540.0,45.558233,52.0135889,6881795.92
64560.0,46.8236172,52.033634000000006,6881596.5
64580.0,48.0889372,52.0586802,6881400.5
64600.0,49.3541823,52.08921179999999,6881208.100000001
64620.0,50.6193409,52.1257746,6881019.5200000005
64640.0,51.884399699999996,52.1689858,6880834.92
64660.0,53.149343699999996,52.21954640000001,6880654.51
64680.0,54.414156299999995,52.278256,6880478.47
64700.0,55.6788181,52.346031100000005,6880306.96
64720.0,56.943307399999995,52.423927100000014,6880140.18
64740.0,58.2075989,52.51316600000001,6879978.29
64760.0,59.4716637,52.615171000000004,6879821.47
64780.0,60.7354676,52.73160919999998,6879669.88
64800.0,61.998971,52.86444689999999,6879523.69
64820.0,63.262126599999995,53.01601979999998,6879383.0600000005
64840.0,64.52487839999999,53.18912359999999,6879248.140000001
64860.0,65.7871586,53.38713369999999,6879119.08
64880.0,67.04888509999999,53.6141628,6878996.0200000005
64900.0,68.3099567,53.8752738,6878879.12
64920.0,69.57024779999999,54.1767701,6878768.48
64940.0,70.8296002,54.52659840000001,6878664.25
64960.0,72.08781139999999,54.93491940000001,6878566.54
64980.0,73.3446184,55.414931499999994,6878475.46
65000.0,74.59967329999999,55.98408899999998,6878391.11
65020.0,75.8525052,56.665952300000015,6878313.59
65040.0,77.10246219999999,57.49308259999998,6878242.98
65060.0,78.34861459999999,58.5117324,6878179.36
65080.0,79.5895917,59.78975080000001,6878122.8
65100.0,80.8232894,61.4305392,6878073.36
65120.0,82.0463157,63.599037100000004,6878031.11
65140.0,83.2528604,66.57315399999999,6877996.07
65160.0,84.4321947,70.85255369999999,6877968.3
65180.0,85.56256619999999,77.402647,6877947.82
65200.0,86.5948562,88.19626840000001,6877934.66
65220.0,87.4090494,106.95567249999999,6877928.84
65240.0,87.7539187,136.17854439999996,6877930.37
65260.0,87.4327907,165.6990227,6877939.24
65280.0,86.6310164,-175.1489463,6877955.46
65300.0,85.6041712,-164.1321886,6877979.0200000005
65320.0,84.476387,-157.4655714,6878009.88
65340.0,83.2984354,-153.1215444,6878048.0200000005
65360.0,82.0927092,-150.1088048,6878093.41
65380.0,80.8702101,-147.91567569999998,6878146.0
65400.0,79.63687639999999,-146.25832259999999,6878205.73
65420.0,78.39616649999999,-144.96867419999998,6878272.5600000005
65440.0,77.1502209,-143.9415664,6878346.41
65460.0,75.90043179999999,-143.1081032,6878427.21
65480.0,74.647742,-142.4213813,6878514.88
65500.0,73.39281199999999,-141.84841839999999,6878609.3100000005
65520.0,72.13611809999999,-141.3653728,6878710.42
65540.0,70.8780122,-140.95459639999999,6878818.08
65560.0,69.6187599,-140.6027541,6878932.18
65580.0,68.3585655,-140.2995866,6879052.59
65600.0,67.0975887,-140.03707459999998,6879179.18
65620.0,65.8359562,-139.8088602,6879311.79
65640.0,64.57377,-139.6098391,6879450.29
65660.0,63.311112699999995,-139.43586679999999,6879594.5200000005
65680.0,62.0480526,-139.28354299999998,6879744.33
65700.0,60.7846463,-139.1500522,6879899.54
65720.0,59.520941099999995,-139.0330429,6880060.01
65740.0,58.256977199999994,-138.9305363,6880225.57
65760.0,56.992788499999996,-138.8408547,6880396.05
65780.0,55.728404499999996,-138.7625667,6880571.28
65800.0,54.463850199999996,-138.6944432,6880751.08
65820.0,53.1991478,-138.635423,6880935.28
65840.0,51.9343163,-138.5845847,6881123.68
65860.0,50.669372599999996,-138.54112469999998,6881316.11
65880.0,49.4043316,-138.5043385,6881512.37
65900.0,48.139206699999995,-138.473606,6881712.2700000005
65920.0,46.8740096,-138.4483788,6881915.62
65940.0,45.608751,-138.4281704,6882122.22
65960.0,44.3434403,-138.4125474,6882331.86
65980.0,43.0780864,-138.4011222,6882544.350000001
66000.0,41.812697,-138.3935473,6882759.49
66020.0,40.5472793,-138.38950979999998,6882977.0600000005
66040.0,39.281839999999995,-138.3887274,6883196.86
66060.0,38.0163851,-138.3909443,6883418.68
66080.0,36.750920199999996,-138.3959284,6883642.3100000005
66100.0,35.4854504,-138.403468,6883867.55
66120.0,34.2199806,-138.41337,6884094.18
66140.0,32.954515199999996,-138.4254576,6884322.0
66160.0,31.689058499999998,-138.4395682,6884550.78
66180.0,30.4236145,-138.4555524,6884780.33
66200.0,29.158186899999997,-138.4732721,6885010.44
66220.0,27.8927791,-138.49259949999998,6885240.9
66240.0,26.6273946,-138.5134161,6885471.51
66260.0,25.3620365,-138.5356117,6885702.07
66280.0,24.0967079,-138.5590833,6885932.38
66300.0,22.8314116,-138.5837349,6886162.26
66320.0,21.5661503,-138.6094761,6886391.5200000005
66340.0,20.3009266,-138.6362222,6886619.97
66360.0,19.035743099999998,-138.6638932,6886847.43
66380.0,17.7706022,-138.6924135,6887073.71
66400.0,16.505506099999998,-138.72171129999998,6887298.66
66420.0,15.240457,-138.7517186,6887522.09
66440.0,13.9754572,-138.7823702,6887743.850000001
66460.0,12.710508599999999,-138.81360379999998,6887963.76
66480.0,11.445613199999999,-138.8453597,6888181.68
66500.0,10.1807731,-138.8775803,6888397.45
66520.0,8.915989999999999,-138.91021,6888610.92
66540.0,7.6512657,-138.9431946,6888821.97
66560.0,6.386602099999999,-138.9764818,6889030.44
66580.0,5.1220007999999995,-139.0100201,6889236.22
66600.0,3.8574634999999997,-139.0437593,6889439.18
66620.0,2.5929918,-139.0776497,6889639.2
66640.0,1.3285873,-139.1116425,6889836.17
66660.0,0.06425159999999999,-139.1456891,6890029.98
66680.0,-1.2000138,-139.1797412,6890220.54
66700.0,-2.4642075,-139.21375039999998,6890407.76
66720.0,-3.7283279,-139.24766839999998,6890591.5600000005
66740.0,-4.9923737,-139.2814463,6890771.850000001
66760.0,-6.2563435,-139.31503469999998,6890948.5600000005
66780.0,-7.520235899999999,-139.34838349999998,6891121.63
66800.0,-8.7840496,-139.38144169999998,6891291.01
66820.0,-10.047783299999999,-139.414157,6891456.640000001
66840.0,-11.3114356,-139.4464759,6891618.48
66860.0,-12.5750052,-139.4783431,6891776.49
66880.0,-13.838491,-139.5097017,6891930.65
66900.0,-15.1018916,-139.5404924,6892080.92
66920.0,-16.3652058,-139.5706538,6892227.29
66940.0,-17.6284323,-139.6001214,6892369.73
66960.0,-18.891569699999998,-139.628828,6892508.25
66980.0,-20.1546169,-139.6567029,6892642.83
67000.0,-21.4175725,-139.6836715,6892773.48
67020.0,-22.6804351,-139.7096551,6892900.2
67040.0,-23.9432032,-139.7345702,6893023.0
67060.0,-25.205875499999998,-139.7583282,6893141.91
67080.0,-26.4684504,-139.7808346,6893256.93
67100.0,-27.730926399999998,-139.8019885,6893368.100000001
67120.0,-28.9933016,-139.82168149999998,6893475.45
67140.0,-30.2555743,-139.8397977,6893578.99
67160.0,-31.5177426,-139.85621179999998,6893678.78
67180.0,-32.779804299999995,-139.87078879999999,6893774.86
67200.0,-34.0417572,-139.88338249999998,6893867.2700000005
67220.0,-35.303599,-139.8938341,6893956.05
67240.0,-36.5653268,-139.90197089999998,6894041.2700000005
67260.0,-37.826937799999996,-139.9076047,6894122.99
67280.0,-39.0884287,-139.9105291,6894201.25
67300.0,-40.3497961,-139.91051819999998,6894276.12
67320.0,-41.611035799999996,-139.9073232,6894347.67
67340.0,-42.8721436,-139.90066969999998,6894415.96
67360.0,-44.1331145,-139.8902539,6894481.07
67380.0,-45.3939429,-139.8757388,6894543.0600000005
67400.0,-46.654622499999995,-139.856749,6894602.01
67420.0,-47.9151464,-139.8328651,6894657.98
67440.0,-49.1755065,-139.8036167,6894711.0600000005
67460.0,-50.435693699999995,-139.76847469999998,6894761.32
67480.0,-51.695697499999994,-139.7268412,6894808.84
67500.0,-52.955506,-139.6780379,6894853.68
67520.0,-54.2151054,-139.6212923,6894895.93
67540.0,-55.474479599999995,-139.5557201,6894935.66
67560.0,-56.733610299999995,-139.4803044,6894972.95
67580.0,-57.9924757,-139.3938698,6895007.88
67600.0,-59.2510505,-139.2950496,6895040.5200000005
67620.0,-60.5093049,-139.1822459,6895070.96
67640.0,-61.767203599999995,-139.05357759999998,6895099.2700000005
67660.0,-63.024704199999995,-138.9068154,6895125.54
67680.0,-64.281756,-138.73929669999998,6895149.82
67700.0,-65.5382977,-138.54781549999998,6895172.21
67720.0,-66.7942541,-138.3284763,6895192.7700000005
67740.0,-68.0495327,-138.0764984,6895211.5600000005
67760.0,-69.3040183,-137.7859506,6895228.67
67780.0,-70.5575654,-137.4493837,6895244.13
67800.0,-71.8099881,-137.0573145,6895258.03
67820.0,-73.0610453,-136.5974846,6895270.41
67840.0,-74.3104187,-136.05377239999999,6895281.32
67860.0,-75.5576797,-135.4045544,6895290.8100000005
67880.0,-76.80223769999999,-134.6201656,6895298.92
67900.0,-78.04325709999999,-133.6588281,6895305.69
67920.0,-79.2795177,-132.4598756,6895311.16
67940.0,-80.5091681,-130.9319648,6895315.37
67960.0,-81.72926819999999,-128.9314954,6895318.33
67980.0,-82.93487739999999,-126.2207213,6895320.09
68000.0,-84.11717209999999,-122.3809775,6895320.08
68020.0,-85.25845989999999,-116.621203,6895319.5600000005
68040.0,-86.3205526,-107.3468413,6895317.890000001
68060.0,-87.211378,-91.3933026,6895315.42
68080.0,-87.7206519,-65.00332879999999,6895311.390000001
68100.0,-87.5925176,-34.0019983,6895306.22
68120.0,-86.905155,-11.730505800000003,6895299.93
68140.0,-85.9328448,1.2042219999999872,6895292.49
68160.0,-84.834045,8.883255899999995,6895283.91
68180.0,-83.67432459999999,13.787726399999997,6895274.17
68200.0,-82.4818162,17.13450800000001,6895263.24
68220.0,-81.2699387,19.540406200000007,6895251.12
68240.0,-80.0457565,21.340898100000004,6895237.76
68260.0,-78.8133012,22.731213499999996,6895223.15
68280.0,-77.5750271,23.831733200000002,6895207.24
68300.0,-76.33250819999999,24.720360700000015,6895190.01
68320.0,-75.086798,25.449586899999986,6895171.41
68340.0,-73.838627,26.056001400000014,6895151.4
68360.0,-72.58851709999999,26.565856300000007,6895129.94
68380.0,-71.3368504,26.998457900000005,6895106.98
68400.0,-70.0839132,27.368312500000002,6895082.49
68420.0,-68.82992349999999,27.68652499999999,6895056.4
68440.0,-67.57505069999999,27.96173780000001,6895028.68
68460.0,-66.3194278,28.20077570000001,6894999.2700000005
68480.0,-65.06316079999999,28.409098699999987,6894968.12
68500.0,-63.8063351,28.591126400000007,6894935.16
68520.0,-62.549020399999996,28.75047409999999,6894900.32
68540.0,-61.2912736,28.8901276,6894863.55
68560.0,-60.0331422,29.012574599999994,6894824.7700000005
68580.0,-58.7746657,29.119904099999985,6894783.92
68600.0,-57.5158772,29.21388350000001,6894740.92
68620.0,-56.2568048,29.296018000000004,6894695.7
68640.0,-54.9974724,29.3675978,6894648.19
68660.0,-53.7379003,29.429735099999988,6894598.3100000005
68680.0,-52.4781062,29.48339390000001,6894545.99
68700.0,-51.2181052,29.529414099999997,6894491.15
68720.0,-49.957910299999995,29.568530699999997,6894433.73
68740.0,-48.6975331,29.60139029999999,6894373.65
68760.0,-47.4369835,29.62856339999999,6894310.83
68780.0,-46.1762702,29.650555999999995,6894245.22
68800.0,-44.9154011,29.667818399999987,6894176.73
68820.0,-43.6543828,29.680752499999983,6894105.3100000005
68840.0,-42.3932214,29.689718700000014,6894030.88
68860.0,-41.1319223,29.695040799999987,6893953.38
68880.0,-39.8704903,29.697011000000003,6893872.75
68900.0,-38.6089297,29.6958937,6893788.93
68920.0,-37.3472442,29.691928700000005,6893701.850000001
68940.0,-36.0854375,29.685334299999994,6893611.46
68960.0,-34.823512699999995,29.676309599999996,6893517.71
68980.0,-33.5614726,29.66503689999999,6893420.55
69000.0,-32.2993199,29.651683300000002,6893319.92
69020.0,-31.0370569,29.63640269999999,6893215.78
69040.0,-29.7746861,29.619336900000008,6893108.07
69060.0,-28.5122094,29.600617099999994,6892996.76
69080.0,-27.249628899999998,29.580364900000006,6892881.82
69100.0,-25.986946399999997,29.558693299999987,6892763.21
69120.0,-24.7241638,29.53570780000001,6892640.92
69140.0,-23.461282699999998,29.511506699999984,6892514.93
69160.0,-22.198304699999998,29.48618239999999,6892385.23
69180.0,-20.9352314,29.459821299999987,6892251.8100000005
69200.0,-19.6720641,29.432505300000003,6892114.67
69220.0,-18.4088043,29.40431129999999,6891973.82
69240.0,-17.1454535,29.375312399999984,6891829.25
69260.0,-15.8820129,29.34557799999999,6891680.99
69280.0,-14.618483999999999,29.315174299999995,6891529.05
69300.0,-13.3548681,29.284164500000003,6891373.46
69320.0,-12.0911665,29.252609199999995,6891214.25
69340.0,-10.8273806,29.220566700000006,6891051.44
69360.0,-9.5635117,29.188093500000008,6890885.08
69380.0,-8.2995611,29.155244100000004,6890715.22
69400.0,-7.0355303,29.122071500000004,6890541.9
69420.0,-5.7714206,29.088627599999995,6890365.18
69440.0,-4.5072333,29.05496310000001,6890185.13
69460.0,-3.2429699,29.021127699999994,6890001.82
69480.0,-1.9786317999999998,28.987170600000013,6889815.32
69500.0,-0.7142206,28.95314049999999,6889625.7
69520.0,0.5502623999999999,28.919085800000005,6889433.0600000005
69540.0,1.8148155,28.885054700000012,6889237.48
69560.0,3.0794373,28.851095700000002,6889039.07
69580.0,4.3441259,28.81725739999999,6888837.93
69600.0,5.60888,28.783589000000006,6888634.17
69620.0,6.8736976,28.750140200000004,6888427.92
69640.0,8.1385771,28.716961700000013,6888219.28
69660.0,9.403516699999999,28.684105399999993,6888008.390000001
69680.0,10.6685146,28.651624199999986,6887795.37
69700.0,11.933568699999999,28.619572800000014,6887580.37
69720.0,13.198677199999999,28.588007500000003,6887363.5200000005
69740.0,14.463837999999999,28.556986800000004,6887144.97
69760.0,15.729048899999999,28.5265713,6886924.88
69780.0,16.994307799999998,28.496824300000014,6886703.390000001
69800.0,18.259612399999998,28.467812100000003,6886480.67
69820.0,19.5249603,28.439604099999997,6886256.890000001
69840.0,20.790349,28.412273599999992,6886032.21
69860.0,22.0557761,28.38589780000001,6885806.83
69880.0,23.3212388,28.360558400000002,6885580.92
69900.0,24.5867345,28.336342300000013,6885354.66
69920.0,25.852260299999998,28.31334190000001,6885128.24
69940.0,27.117812999999998,28.29165599999999,6884901.86
69960.0,28.383389599999997,28.271389999999997,6884675.7
69980.0,29.6489868,28.252657499999998,6884449.98
70000.0,30.9146011,28.235580400000003,6884224.88
70020.0,32.1802287,28.220290299999988,6884000.62
70040.0,33.4458658,28.2069295,6883777.4
70060.0,34.7115083,28.195652499999994,6883555.42
70080.0,35.977151899999996,28.186626999999987,6883334.88
70100.0,37.2427919,28.180036,6883115.98
70120.0,38.508423199999996,28.176079500000014,6882898.91
70140.0,39.774040299999996,28.174976700000002,6882683.86
70160.0,41.0396374,28.17696860000001,6882471.04
70180.0,42.3052079,28.182320599999997,6882260.640000001
70200.0,43.5707448,28.191326500000002,6882052.890000001
70220.0,44.8362408,28.204311899999993,6881847.99
70240.0,46.101687299999995,28.221639100000004,6881646.140000001
70260.0,47.3670755,28.24371260000001,6881447.55
70280.0,48.6323952,28.270985499999995,6881252.43
70300.0,49.897635199999996,28.303967,6881060.98
70320.0,51.1627833,28.343232,6880873.4
70340.0,52.427825299999995,28.389431599999995,6880689.88
70360.0,53.6927458,28.44330690000001,6880510.63
70380.0,54.9575268,28.505704699999995,6880335.83
70400.0,56.2221483,28.577597700000013,6880165.67
70420.0,57.486587099999994,28.660108500000007,6880000.33
70440.0,58.7508164,28.754540399999996,6879839.99
70460.0,60.0148052,28.8624145,6879684.83
70480.0,61.2785174,28.9855182,6879535.01
70500.0,62.5419102,29.125965699999995,6879390.68
70520.0,63.8049329,29.28627639999999,6879252.01
70540.0,65.0675249,29.469476999999983,6879119.15
70560.0,66.3296127,29.679235699999992,6878992.24
70580.0,67.5911067,29.92004130000001,6878871.41
70600.0,68.8518962,30.197445799999997,6878756.79
70620.0,70.1118429,30.51839770000001,6878648.5200000005
70640.0,71.3707712,30.89170870000001,6878546.71
70660.0,72.62845539999999,31.328719799999988,6878451.47
70680.0,73.8845998,31.844272200000006,6878362.92
70700.0,75.1388097,32.4581604,6878281.140000001
70720.0,76.39054589999999,33.19736470000001,6878206.24
70740.0,77.63905249999999,34.09959709999998,6878138.29
70760.0,78.8832371,35.21913860000001,6878077.36
70780.0,80.12146229999999,36.63687110000001,6878023.54
70800.0,81.3511637,38.47837849999999,6877976.88
70820.0,82.5681051,40.948523800000004,6877937.42
70840.0,83.7648066,44.401854799999995,6877905.23
70860.0,84.9269206,49.49576109999998,6877880.33
70880.0,86.0239991,57.53825999999998,6877862.75
70900.0,86.98420809999999,71.19830339999999,6877852.53
70920.0,87.63454159999999,94.63839919999998,6877849.67
70940.0,87.69570879999999,126.03924610000001,6877854.18
70960.0,87.12979469999999,151.45363150000003,6877866.08
70980.0,86.20785939999999,166.5409914,6877885.34
71000.0,85.12799059999999,175.3332302,6877911.95
71020.0,83.974515,-179.1716978,6877945.88
71040.0,82.7826424,-175.48730759999998,6877987.11
71060.0,81.5686446,-172.8743144,6878035.600000001
71080.0,80.3408644,-170.93912799999998,6878091.28
71100.0,79.1039642,-169.4569484,6878154.12
71120.0,77.8607354,-168.291308,6878224.04
71140.0,76.6129452,-167.3550271,6878300.97
71160.0,75.36176429999999,-166.58999419999998,6878384.83
71180.0,74.10799759999999,-165.9560669,6878475.53
71200.0,72.8522164,-165.42466579999999,6878572.97
71220.0,71.5948374,-164.97491119999998,6878677.05
71240.0,70.3361712,-164.591205,6878787.67
71260.0,69.0764542,-164.2616659,6878904.7
71280.0,67.8158698,-163.9770882,6879028.01
71300.0,66.55456199999999,-163.730231,6879157.47
71320.0,65.2926459,-163.5153215,6879292.94
71340.0,64.0302145,-163.3277018,6879434.2700000005
71360.0,62.7673436,-163.1635724,6879581.3100000005
71380.0,61.5040961,-163.0198036,6879733.9
71400.0,60.240524099999995,-162.89379399999999,6879891.88
71420.0,58.9766718,-162.7833637,6880055.08
71440.0,57.712576299999995,-162.6866722,6880223.33
71460.0,56.448269599999996,-162.6021549,6880396.44
71480.0,55.183778999999994,-162.528473,6880574.23
71500.0,53.9191283,-162.464474,6880756.54
71520.0,52.6543382,-162.4091608,6880943.16
71540.0,51.3894269,-162.36166559999998,6881133.92
71560.0,50.1244102,-162.3212299,6881328.62
71580.0,48.8593024,-162.2871877,6881527.07
71600.0,47.5941161,-162.2589514,6881729.07
71620.0,46.3288626,-162.236001,6881934.42
71640.0,45.063552,-162.2178738,6882142.93
71660.0,43.7981936,-162.2041573,6882354.4
71680.0,42.5327955,-162.19448219999998,6882568.63
71700.0,41.2673655,-162.1885165,6882785.4
71720.0,40.0019103,-162.18596119999998,6883004.53
71740.0,38.7364363,-162.1865459,6883225.8
71760.0,37.470949399999995,-162.19002559999998,6883449.0
71780.0,36.2054549,-162.19617739999998,6883673.93
71800.0,34.939957899999996,-162.2047979,6883900.37
71820.0,33.674462999999996,-162.2157015,6884128.13
71840.0,32.4089746,-162.22871759999998,6884356.98
71860.0,31.1434967,-162.2436898,6884586.72
71880.0,29.8780331,-162.26047359999998,6884817.13
71900.0,28.612587599999998,-162.27893559999998,6885048.0200000005
71920.0,27.347163499999997,-162.2989522,6885279.18
71940.0,26.081764099999997,-162.32040859999998,6885510.390000001
71960.0,24.8163925,-162.34319789999998,6885741.45
71980.0,23.5510517,-162.3672202,6885972.18
72000.0,22.2857445,-162.3923821,6886202.37
72020.0,21.0204736,-162.4185957,6886431.84
72040.0,19.755241599999998,-162.4457784,6886660.4
72060.0,18.4900511,-162.4738523,6886887.88
72080.0,17.2249044,-162.50274349999998,6887114.100000001
72100.0,15.9598038,-162.5323818,6887338.890000001
72120.0,14.6947514,-162.5627006,6887562.100000001
72140.0,13.429749399999999,-162.5936361,6887783.55
72160.0,12.164799799999999,-162.625127,6888003.100000001
72180.0,10.8999046,-162.6571147,6888220.58
72200.0,9.635065599999999,-162.6895424,6888435.86
72220.0,8.3702848,-162.72235519999998,6888648.78
72240.0,7.1055638,-162.7554999,6888859.22
72260.0,5.8409046,-162.78892439999998,6889067.03
72280.0,4.5763086,-162.8225779,6889272.100000001
72300.0,3.3117777,-162.85641049999998,6889474.3
72320.0,2.0473133999999997,-162.8903728,6889673.54
72340.0,0.7829174,-162.9244163,6889869.69
72360.0,-0.481409,-162.9584925,6890062.66
72380.0,-1.7456642,-162.99255309999998,6890252.36
72400.0,-3.0098466999999998,-163.0265499,6890438.71
72420.0,-4.2739551,-163.0604343,6890621.61
72440.0,-5.5379881,-163.0941574,6890801.01
72460.0,-6.801944199999999,-163.1276694,6890976.8100000005
72480.0,-8.0658221,-163.1609201,6891148.98
72500.0,-9.3296206,-163.19385789999998,6891317.45
72520.0,-10.5933383,-163.22643,6891482.17
72540.0,-11.856973799999999,-163.2585823,6891643.09
72560.0,-13.120526,-163.2902589,6891800.19
72580.0,-14.3839936,-163.32140189999998,6891953.43
72600.0,-15.647375299999998,-163.3519512,6892102.78
72620.0,-16.9106697,-163.3818441,6892248.22
72640.0,-18.1738757,-163.4110151,6892389.75
72660.0,-19.4369919,-163.4393954,6892527.34
72680.0,-20.700017,-163.46691289999998,6892661.01
72700.0,-21.962949599999998,-163.49349139999998,6892790.74
72720.0,-23.2257884,-163.51905,6892916.54
72740.0,-24.4885318,-163.5435033,6893038.43
72760.0,-25.7511784,-163.56676009999998,6893156.43
72780.0,-27.0137266,-163.5887234,6893270.55
72800.0,-28.2761748,-163.6092892,6893380.82
72820.0,-29.538521099999997,-163.628346,6893487.2700000005
72840.0,-30.8007638,-163.645774,6893589.94
72860.0,-32.0629008,-163.661444,6893688.87
72880.0,-33.3249299,-163.6752162,6893784.09
72900.0,-34.5868489,-163.6869394,6893875.65
72920.0,-35.848655199999996,-163.696449,6893963.61
72940.0,-37.110346,-163.7035659,6894048.0200000005
72960.0,-38.371918199999996,-163.7080944,6894128.93
72980.0,-39.633368399999995,-163.70981999999998,6894206.41
73000.0,-40.894693,-163.7085075,6894280.5200000005
73020.0,-42.1558877,-163.7038973,6894351.32
73040.0,-43.416948,-163.6957032,6894418.890000001
73060.0,-44.6778686,-163.6836076,6894483.3
73080.0,-45.9386436,-163.6672577,6894544.63
73100.0,-47.1992666,-163.64625999999998,6894602.94
73120.0,-48.45973,-163.6201743,6894658.33
73140.0,-49.7200255,-163.5885061,6894710.850000001
73160.0,-50.980143299999995,-163.5506981,6894760.59
73180.0,-52.240072399999995,-163.50611949999998,6894807.63
73200.0,-53.499800099999995,-163.4540537,6894852.05
73220.0,-54.7593118,-163.3936824,6894893.93
73240.0,-56.0185904,-163.32406749999998,6894933.34
73260.0,-57.2776163,-163.2441275,6894970.37
73280.0,-58.5363665,-163.15260949999998,6895005.08
73300.0,-59.7948136,-163.04805299999998,6895037.57
73320.0,-61.0529258,-162.9287458,6895067.890000001
73340.0,-62.3106649,-162.79266629999998,6895096.140000001
73360.0,-63.567985199999995,-162.6374109,6895122.37
73380.0,-64.8248318,-162.46009909999998,6895146.67
73400.0,-66.0811378,-162.2572492,6895169.11
73420.0,-67.3368213,-162.0246127,6895189.76
73440.0,-68.5917807,-161.7569524,6895208.68
73460.0,-69.84588889999999,-161.44773659999998,6895225.94
73480.0,-71.0989846,-161.08871589999998,6895241.61
73500.0,-72.3508605,-160.6693209,6895255.74
73520.0,-73.6012456,-160.17579039999998,6895268.4
73540.0,-74.8497793,-159.58987779999998,6895279.62
73560.0,-76.0959712,-158.8868789,6895289.45
73580.0,-77.3391384,-158.0325326,6895297.94
73600.0,-78.578302,-156.9779744,6895305.12
73620.0,-79.8120095,-155.6511815,6895311.03
73640.0,-81.0380163,-153.94177059999998,6895315.68
73660.0,-82.2526745,-151.6724808,6895319.12
73680.0,-83.4496765,-148.5422666,6895321.350000001
73700.0,-84.61723959999999,-144.0049947,6895322.41
73720.0,-85.7311486,-136.9965972,6895322.29
73740.0,-86.7360099,-125.34333389999999,6895321.0200000005
73760.0,-87.49686369999999,-105.1414954,6895318.59
73780.0,-87.7507203,-75.02912859999999,6895315.0200000005
73800.0,-87.3477668,-46.772631399999995,6895310.3
73820.0,-86.508444,-29.042786199999995,6895304.44
73840.0,-85.46908669999999,-18.803381,6895297.42
73860.0,-84.3388124,-12.535198600000001,6895289.25
73880.0,-83.1625545,-8.408919200000014,6895279.890000001
73900.0,-81.9604643,-5.5244637000000125,6895269.34
73920.0,-80.7425926,-3.411962899999992,6895257.57
73940.0,-79.5144296,-1.8080281000000014,6895244.5600000005
73960.0,-78.2792029,-0.5553147999999908,6895230.28
73980.0,-77.0389244,0.44534770000001345,6895214.68
74000.0,-75.7949101,1.2593216999999868,6895197.74
74020.0,-74.5480549,1.9313289000000111,6895179.4
74040.0,-73.29898759999999,2.4929515000000038,6895159.63
74060.0,-72.04816269999999,2.967102600000004,6895138.37
74080.0,-70.7959164,3.3707957999999962,6895115.59
74100.0,-69.5425022,3.7169218999999885,6895091.23
74120.0,-68.2881153,4.0154223000000115,6895065.25
74140.0,-67.0329076,4.274084299999998,6895037.600000001
74160.0,-65.7769996,4.499092999999988,6895008.22
74180.0,-64.5204874,4.695422799999989,6894977.05
74200.0,-63.2634493,4.867118800000014,6894944.03
74220.0,-62.0059488,5.0175041999999905,6894909.100000001
74240.0,-60.748038599999994,5.149334100000004,6894872.19
74260.0,-59.489762299999995,5.264912199999998,6894833.24
74280.0,-58.2311565,5.366179100000011,6894792.17
74300.0,-56.972252,5.454781700000012,6894748.92
74320.0,-55.713074899999995,5.53212640000001,6894703.41
74340.0,-54.453647399999994,5.59942190000001,6894655.5600000005
74360.0,-53.1939887,5.657712500000002,6894605.3100000005
74380.0,-51.9341152,5.707905399999987,6894552.57
74400.0,-50.674040999999995,5.750792799999999,6894497.28
74420.0,-49.413778699999995,5.787069300000013,6894439.36
74440.0,-48.1533388,5.817346799999996,6894378.75
74460.0,-46.892730799999995,5.842166600000013,6894315.37
74480.0,-45.6319629,5.862009300000011,6894249.15
74500.0,-44.3710425,5.8773032,6894180.04
74520.0,-43.109975899999995,5.888431400000002,6894107.95
74540.0,-41.848768799999995,5.895737800000006,6894032.82
74560.0,-40.5874264,5.8995318999999995,6893954.59
74580.0,-39.3259532,5.900093400000003,6893873.19
74600.0,-38.0643532,5.897675399999997,6893788.57
74620.0,-36.802630199999996,5.892507999999992,6893700.66
74640.0,-35.5407873,5.88480100000001,6893609.41
74660.0,-34.2788277,5.8747457999999995,6893514.7700000005
74680.0,-33.0167541,5.8625179,6893416.67
74700.0,-31.754569099999998,5.848278399999998,6893315.07
74720.0,-30.492274799999997,5.832175699999993,6893209.93
74740.0,-29.229873599999998,5.814346999999998,6893101.2
74760.0,-27.967367499999998,5.794918999999993,6892988.84
74780.0,-26.704758299999998,5.774009500000005,6892872.8100000005
74800.0,-25.442047799999997,5.751728100000008,6892753.100000001
74820.0,-24.1792378,5.728176999999988,6892629.67
74840.0,-22.916329899999997,5.703451900000005,6892502.5
74860.0,-21.6533256,5.67764249999999,6892371.59
74880.0,-20.3902265,5.650833000000006,6892236.92
74900.0,-19.127034,5.623103200000003,6892098.49
74920.0,-17.8637495,5.594528200000013,6891956.3100000005
74940.0,-16.6003744,5.565179499999999,6891810.390000001
74960.0,-15.336910099999999,5.5351249,6891660.74
74980.0,-14.0733579,5.504429200000004,6891507.38
75000.0,-12.809719099999999,5.4731543999999985,6891350.34
75020.0,-11.5459952,5.441360199999991,6891189.65
75040.0,-10.2821873,5.4091040000000135,6891025.34
75060.0,-9.0182968,5.376441099999994,6890857.45
75080.0,-7.754325199999999,5.343425400000001,6890686.05
75100.0,-6.4902736999999995,5.3101093999999875,6890511.17
75120.0,-5.2261437,5.276544199999989,6890332.88
75140.0,-3.9619366,5.2427801000000045,6890151.24
75160.0,-2.6976538,5.208866499999999,6889966.32
75180.0,-1.4332966999999999,5.174852299999998,6889778.2
75200.0,-0.1688669,5.140785999999991,6889586.95
75220.0,1.0956342,5.106715900000012,6889392.67
75240.0,2.3602049,5.072690200000011,6889195.44
75260.0,3.6248438,5.038757599999997,6888995.37
75280.0,4.8895491,5.004966700000011,6888792.57
75300.0,6.1543190999999995,4.971367100000009,6888587.15
75320.0,7.4191522999999995,4.938008800000006,6888379.22
75340.0,8.6840466,4.904943000000003,6888168.91
75360.0,9.9490004,4.872221999999994,6887956.34
75380.0,11.2140117,4.839899300000013,6887741.67
75400.0,12.4790786,4.808030500000001,6887525.03
75420.0,13.744199,4.776672600000012,6887306.57
75440.0,15.009371,4.745884899999993,6887086.45
75460.0,16.2745923,4.7157292999999925,6886864.82
75480.0,17.5398609,4.68627029999999,6886641.86
75500.0,18.8051745,4.657575400000013,6886417.72
75520.0,20.070530599999998,4.629715599999997,6886192.5600000005
75540.0,21.3359269,4.6027659000000085,6885966.57
75560.0,22.6013608,4.5768051999999955,6885739.92
75580.0,23.866829499999998,4.551917599999996,6885512.79
75600.0,25.1323303,4.5281921000000125,6885285.37
75620.0,26.3978602,4.505723700000004,6885057.850000001
75640.0,27.6634161,4.4846140999999875,6884830.43
75660.0,28.9289949,4.464971999999989,6884603.3
75680.0,30.194593299999998,4.446914300000003,6884376.68
75700.0,31.460207699999998,4.430566999999996,6884150.76
75720.0,32.7258344,4.416066000000001,6883925.73
75740.0,33.9914694,4.403558599999997,6883701.8
75760.0,35.2571084,4.3932047000000125,6883479.16
75780.0,36.5227469,4.385178499999995,6883258.0200000005
75800.0,37.7883801,4.379670000000004,6883038.57
75820.0,39.0540027,4.376887000000011,6882821.03
75840.0,40.3196091,4.377057900000011,6882605.59
75860.0,41.5851931,4.3804336999999975,6882392.47
75880.0,42.8507483,4.3872915999999975,6882181.87
75900.0,44.1162675,4.397938600000003,6881973.99
75920.0,45.3817427,4.41271549999999,6881769.04
75940.0,46.6471654,4.432002000000011,6881567.23
75960.0,47.9125261,4.4562224999999955,6881368.76
75980.0,49.177814399999995,4.485853200000008,6881173.83
76000.0,50.4430185,4.5214301999999975,6880982.640000001
76020.0,51.7081254,4.563559599999991,6880795.390000001
76040.0,52.973120599999994,4.6129292999999905,6880612.28
76060.0,54.237987399999994,4.670323499999995,6880433.49
76080.0,55.502707199999996,4.736640300000005,6880259.22
76100.0,56.7672585,4.812913299999991,6880089.65
76120.0,58.031616799999995,4.900338599999998,6879924.94
76140.0,59.2957536,5.000307700000008,6879765.29
76160.0,60.559635799999995,5.114449500000006,6879610.84
76180.0,61.823224599999996,5.244683199999997,6879461.7700000005
76200.0,63.086473999999995,5.393286399999994,6879318.23
76220.0,64.3493292,5.562982000000005,6879180.38
76240.0,65.6117247,5.757053899999988,6879048.36
76260.0,66.8735804,5.979497600000002,6878922.32
76280.0,68.1347985,6.2352247999999975,6878802.390000001
76300.0,69.39525739999999,6.5303404,6878688.69
76320.0,70.654804,6.872527399999996,6878581.36
76340.0,71.91324329999999,7.271588799999989,6878480.51
76360.0,73.1703223,7.740229499999998,6878386.25
76380.0,74.4257073,8.295207299999987,6878298.67
76400.0,75.6789481,8.959074700000002,6878217.88
76420.0,76.9294235,9.762892800000003,6878143.98
76440.0,78.1762516,10.750605400000012,6878077.04
76460.0,79.4181387,11.986369700000012,6878017.140000001
76480.0,80.6531107,13.56741070000001,6877964.36
76500.0,81.878008,15.64777140000001,6877918.76
76520.0,83.0874686,18.4849131,6877880.38
76540.0,84.2717019,22.537402200000002,6877849.29
76560.0,85.411131,28.682711899999987,6877825.51
76580.0,86.4621931,38.706903100000005,6877809.08
76600.0,87.31886349999999,56.09082119999999,6877800.03
76620.0,87.7472301,84.12002000000001,6877798.36
76640.0,87.51494249999999,114.59121779999998,6877804.08
76660.0,86.7611586,135.22059939999997,6877817.19
76680.0,85.7551565,147.094294,6877837.68
76700.0,84.63704539999999,154.2052531,6877865.54
76720.0,83.4641141,158.79300899999998,6877900.74
76740.0,82.2612529,161.94989650000002,6877943.23
76760.0,81.0405123,164.23411750000002,6877992.99
76780.0,79.8083187,165.9522425,6878049.95
76800.0,78.5683789,167.28425779999998,6878114.0600000005
76820.0,77.3229697,168.34198189999995,6878185.25
76840.0,76.0735622,169.19823659999997,6878263.44
76860.0,74.82114779999999,169.90235210000003,6878348.55
76880.0,73.566418,170.48887159999998,6878440.48
76900.0,72.3098694,170.9826754,6878539.15
76920.0,71.051868,171.40212329999997,6878644.43
76940.0,69.79268929999999,171.7610509,6878756.23
76960.0,68.53254439999999,172.07007720000001,6878874.41
76980.0,67.2715983,172.3374854,6878998.850000001
77000.0,66.0099815,172.56983019999996,6879129.41
77020.0,64.7477987,172.77236489999996,6879265.96
77040.0,63.4851349,172.9493491,6879408.350000001
77060.0,62.2220601,173.10427219999997,6879556.42
77080.0,60.958632099999996,173.2400204,6879710.03
77100.0,59.6948995,173.3590008,6879869.0200000005
77120.0,58.430903,173.46323769999998,6880033.22
77140.0,57.1666776,173.55444509999995,6880202.46
77160.0,55.902252999999995,173.6340844,6880376.57
77180.0,54.637654899999994,173.70340929999998,6880555.37
77200.0,53.3729057,173.76350159999998,6880738.68
77220.0,52.1080249,173.8152996,6880926.3
77240.0,50.8430298,173.85962139999998,6881118.04
77260.0,49.5779354,173.89718349999998,6881313.73
77280.0,48.3127553,173.92861649999998,6881513.15
77300.0,47.047501399999994,173.9544773,6881716.11
77320.0,45.782184699999995,173.97526,6881922.41
77340.0,44.5168147,173.99140469999998,6882131.86
77360.0,43.2514004,174.00330429999997,6882344.24
77380.0,41.9859498,174.01131139999995,6882559.36
77400.0,40.72047,174.0157431,6882777.0200000005
77420.0,39.4549678,174.0168853,6882996.99
77440.0,38.1894494,174.0149973,6883219.08
77460.0,36.9239203,174.01031390000003,6883443.08
77480.0,35.6583859,174.0030493,6883668.7700000005
77500.0,34.392851,173.9933989,6883895.94
77520.0,33.1273203,173.9815416,6884124.38
77540.0,31.861798,173.96764159999998,6884353.9
77560.0,30.596287999999998,173.95184989999996,6884584.2700000005
77580.0,29.330794299999997,173.93430609999996,6884815.29
77600.0,28.0653203,173.91513910000003,6885046.76
77620.0,26.7998695,173.8944687,6885278.49
77640.0,25.534444999999998,173.8724059,6885510.26
77660.0,24.2690499,173.8490547,6885741.890000001
77680.0,23.0036871,173.8245119,6885973.18
77700.0,21.738359199999998,173.79886850000003,6886203.94
77720.0,20.4730691,173.77220999999997,6886433.97
77740.0,19.2078192,173.74461680000002,6886663.09
77760.0,17.942612,173.716165,6886891.13
77780.0,16.677449799999998,173.6869269,6887117.890000001
77800.0,15.412334999999999,173.65697090000003,6887343.22
77820.0,14.1472696,173.6263626,6887566.95
77840.0,12.882255899999999,173.5951645,6887788.92
77860.0,11.617295799999999,173.5634366,6888008.96
77880.0,10.352391299999999,173.5312368,6888226.92
77900.0,9.0875443,173.49862080000003,6888442.67
77920.0,7.822756699999999,173.46564290000003,6888656.05
77940.0,6.5580302999999995,173.43235579999998,6888866.94
77960.0,5.293366799999999,173.39881079999998,6889075.2
77980.0,4.0287679,173.36505850000003,6889280.72
78000.0,2.7642352,173.3311483,6889483.37
78020.0,1.4997703,173.29712919999997,6889683.05
78040.0,0.2353747,173.26304979999998,6889879.66
78060.0,-1.0289499,173.2289584,6890073.08
78080.0,-2.2932023,173.19490310000003,6890263.24
78100.0,-3.5573808,173.1609325,6890450.04
78120.0,-4.8214843,173.12709510000002,6890633.4
78140.0,-6.0855112,173.0934403,6890813.25
78160.0,-7.3494603,173.0600179,6890989.51
78180.0,-8.6133302,173.02687889999999,6891162.12
78200.0,-9.8771197,172.9940752,6891331.01
78220.0,-11.1408275,172.96166010000002,6891496.13
78240.0,-12.4044522,172.92968869999999,6891657.43
78260.0,-13.667992499999999,172.89821759999995,6891814.86
78280.0,-14.931447299999999,172.8673056,6891968.38
78300.0,-16.194815,172.83701399999995,6892117.95
78320.0,-17.4580944,172.8074067,6892263.57
78340.0,-18.7212841,172.77855039999997,6892405.2
78360.0,-19.9843828,172.7505155,6892542.850000001
78380.0,-21.247389,172.72337579999999,6892676.51
78400.0,-22.5103014,172.69720949999999,6892806.2
78420.0,-23.7731185,172.6720993,6892931.92
78440.0,-25.035838899999998,172.6481331,6893053.69
78460.0,-26.298461,172.6254045,6893171.53
78480.0,-27.5609832,172.60401360000003,6893285.47
78500.0,-28.8234039,172.58406730000002,6893395.54
78520.0,-30.0857212,172.5656808,6893501.7700000005
78540.0,-31.3479332,172.54897770000002,6893604.2
78560.0,-32.6100378,172.5340918,6893702.87
78580.0,-33.8720329,172.52116739999997,6893797.83
78600.0,-35.1339159,172.5103615,6893889.12
78620.0,-36.3956843,172.5018447,6893976.8100000005
78640.0,-37.6573352,172.49580300000002,6894060.94
78660.0,-38.9188654,172.4924398,6894141.59
78680.0,-40.1802713,172.4919782,6894218.82
78700.0,-41.4415492,172.4946637,6894292.7
78720.0,-42.702694699999995,172.50076669999999,6894363.28
78740.0,-43.9637029,172.5105866,6894430.65
78760.0,-45.2245685,172.52445539999997,6894494.88
78780.0,-46.4852852,172.54274279999998,6894556.04
78800.0,-47.745846199999995,172.5658616,6894614.21
78820.0,-49.0062435,172.5942743,6894669.47
78840.0,-50.2664683,172.62850129999998,6894721.890000001
78860.0,-51.5265102,172.66913019999998,6894771.55
78880.0,-52.786357699999996,172.71682699999997,6894818.55
78900.0,-54.0459971,172.77235009999998,6894862.95
78920.0,-55.305412999999994,172.8365668,6894904.850000001
78940.0,-56.5645873,172.9104741,6894944.33
78960.0,-57.823498799999996,172.99522349999995,6894981.47
78980.0,-59.082122899999995,173.09215259999996,6895016.34
79000.0,-60.3404306,173.2028244,6895049.0200000005
79020.0,-61.5983873,173.32907690000002,6895079.59
79040.0,-62.855951999999995,173.4730866,6895108.12
79060.0,-64.1130752,173.6374498,6895134.68
79080.0,-65.36969719999999,173.8252895,6895159.33
79100.0,-66.6257451,174.0403955,6895182.15
79120.0,-67.8811292,174.2874122,6895203.2
79140.0,-69.1357376,174.57209279999995,6895222.54
79160.0,-70.3894299,174.9016509,6895240.25
79180.0,-71.6420266,175.2852519,6895256.37
79200.0,-72.8932956,175.73471819999997,6895270.96
79220.0,-74.1429308,176.26556010000002,6895284.07
79240.0,-75.3905217,176.8985232,6895295.76
79260.0,-76.6355045,177.66197699999998,6895306.0600000005
79280.0,-77.87708429999999,178.5957259,6895315.01
79300.0,-79.1141054,179.7573175,6895322.66
79320.0,-80.3448246,-178.7670497,6895329.0200000005
79340.0,-81.5664913,-176.8427029,6895334.140000001
79360.0,-82.77452149999999,-174.2483275,6895338.03
79380.0,-83.96073559999999,-170.5975934,6895340.72
79400.0,-85.1092434,-165.16752309999998,6895342.21
79420.0,-86.1858383,-156.51022079999998,6895342.53
79440.0,-87.1090394,-141.70854989999998,6895341.67
79460.0,-87.6872219,-116.739705,6895339.65
79480.0,-87.6501723,-85.431525,6895336.47
79500.0,-87.02075359999999,-61.6593367,6895332.12
79520.0,-86.0742348,-47.726290500000005,6895326.61
79540.0,-84.9871252,-39.526706700000005,6895319.92
79560.0,-83.8333292,-34.34200759999999,6895312.0600000005
79580.0,-82.64415389999999,-30.8327539,6895302.99
79600.0,-81.43431509999999,-28.325905000000006,6895292.7
79620.0,-80.2114646,-26.4589833,6895281.17
79640.0,-78.9799262,-25.022869500000013,6895268.38
79660.0,-77.74231089999999,-23.889552900000012,6895254.29
79680.0,-76.5002829,-22.976692600000007,6895238.86
79700.0,-75.25494979999999,-22.229087700000008,6895222.0600000005
79720.0,-74.0070765,-21.608423799999997,6895203.84
79740.0,-72.7572071,-21.08731130000001,6895184.17
79760.0,-71.5057391,-20.645669999999996,6895162.98
79780.0,-70.252969,-20.268453800000003,6895140.25
79800.0,-68.9991227,-19.944171600000004,6895115.91
79820.0,-67.7443747,-19.66389939999999,6895089.91
79840.0,-66.48886209999999,-19.420603099999994,6895062.2
79860.0,-65.232694,-19.208664900000002,6895032.72
79880.0,-63.975958199999994,-19.023543999999987,6895001.4
79900.0,-62.718725899999995,-18.8615312,6894968.18
79920.0,-61.4610558,-18.71956689999999,6894932.99
79940.0,-60.202996199999994,-18.595104600000013,6894895.75
79960.0,-58.9445875,-18.486008499999997,6894856.41
79980.0,-57.6858637,-18.390472899999992,6894814.88
80000.0,-56.4268534,-18.306961599999994,6894771.09
80020.0,-55.1675809,-18.23415879999999,6894724.98
80040.0,-53.9080671,-18.17093109999999,6894676.47
80060.0,-52.6483297,-18.11629690000001,6894625.49
80080.0,-51.388384099999996,-18.069401499999998,6894571.96
80100.0,-50.1282436,-18.029497300000003,6894515.82
80120.0,-48.8679199,-17.99592720000001,6894456.97
80140.0,-47.607423,-17.968111599999986,6894395.37
80160.0,-46.3467619,-17.945536800000013,6894330.92
80180.0,-45.0859442,-17.92774589999999,6894263.57
80200.0,-43.824976799999995,-17.9143311,6894193.23
80220.0,-42.563866,-17.904927200000003,6894119.850000001
80240.0,-41.302617,-17.899205800000004,6894043.350000001
80260.0,-40.0412347,-17.896871000000004,6893963.67
80280.0,-38.7797234,-17.897655200000003,6893880.75
80300.0,-37.518087099999995,-17.901315399999987,6893794.53
80320.0,-36.2563293,-17.90763100000001,6893704.95
80340.0,-34.994453,-17.916400399999986,6893611.96
80360.0,-33.7324613,-17.927439399999997,6893515.51
80380.0,-32.4703568,-17.94057889999999,6893415.55
80400.0,-31.208141899999998,-17.95566360000001,6893312.04
80420.0,-29.945818799999998,-17.9725502,6893204.94
80440.0,-28.6833897,-17.991106099999996,6893094.21
80460.0,-27.4208565,-18.011208600000003,6892979.83
80480.0,-26.158220999999998,-18.032743699999997,6892861.76
80500.0,-24.895484999999997,-18.055605000000014,6892739.98
80520.0,-23.632649999999998,-18.079693300000002,6892614.47
80540.0,-22.3697177,-18.104915699999992,6892485.22
80560.0,-21.106689499999998,-18.131184700000006,6892352.22
80580.0,-19.843566799999998,-18.158418299999994,6892215.46
80600.0,-18.5803512,-18.186538799999994,6892074.94
80620.0,-17.3170438,-18.2154726,6891930.67
80640.0,-16.0536462,-18.245149999999995,6891782.65
80660.0,-14.7901595,-18.27550450000001,6891630.9
80680.0,-13.526585299999999,-18.306472499999984,6891475.44
80700.0,-12.2629246,-18.337993100000006,6891316.29
80720.0,-10.999179,-18.370007700000002,6891153.48
80740.0,-9.7353496,-18.40245970000001,6890987.0600000005
80760.0,-8.4714379,-18.435294499999998,6890817.05
80780.0,-7.2074451999999996,-18.468458800000008,6890643.5200000005
80800.0,-5.9433728,-18.501900799999987,6890466.51
80820.0,-4.6792222,-18.535569600000002,6890286.08
80840.0,-3.4149947999999997,-18.56941549999999,6890102.3100000005
80860.0,-2.1506919,-18.60338920000001,6889915.26
80880.0,-0.8863150999999999,-18.63744220000001,6889725.01
80900.0,0.3781341,-18.671525900000006,6889531.66
80920.0,1.6426542,-18.705592200000012,6889335.29
80940.0,2.9072435999999997,-18.739592799999997,6889136.0
80960.0,4.1719007,-18.77347900000001,6888933.9
80980.0,5.4366239,-18.8072018,6888729.09
81000.0,6.7014115,-18.840711499999998,6888521.7
81020.0,7.9662617,-18.87395760000001,6888311.84
81040.0,9.2311728,-18.906888400000014,6888099.640000001
81060.0,10.4961428,-18.939451099999985,6887885.23
81080.0,11.761169899999999,-18.971591399999994,6887668.76
81100.0,13.026252099999999,-19.003253,6887450.37
81120.0,14.291387499999999,-19.034378000000004,6887230.2
81140.0,15.5565739,-19.064906000000008,6887008.42
81160.0,16.8218092,-19.094774099999995,6886785.18
81180.0,18.0870912,-19.123916500000007,6886560.640000001
81200.0,19.3524174,-19.15226419999999,6886334.97
81220.0,20.6177855,-19.179744700000015,6886108.36
81240.0,21.883193,-19.206281200000006,6885880.97
81260.0,23.148637299999997,-19.231792600000006,6885653.0
81280.0,24.414115799999998,-19.256192900000002,6885424.62
81300.0,25.6796255,-19.279390500000005,6885196.03
81320.0,26.945163599999997,-19.301287599999995,6884967.41
81340.0,28.210726899999997,-19.321779600000013,6884738.97
81360.0,29.4763122,-19.340754300000015,6884510.890000001
81380.0,30.741916099999997,-19.358090900000008,6884283.37
81400.0,32.0075348,-19.373659299999986,6884056.62
81420.0,33.2731646,-19.387318800000003,6883830.84
81440.0,34.5388014,-19.3989167,6883606.22
81460.0,35.8044408,-19.408287299999984,6883382.98
81480.0,37.070078099999996,-19.415249799999998,6883161.3100000005
81500.0,38.3357084,-19.41960689999999,6882941.42
81520.0,39.6013263,-19.421142000000003,6882723.5200000005
81540.0,40.866926,-19.419617399999993,6882507.8
81560.0,42.1325012,-19.414771299999984,6882294.48
81580.0,43.3980451,-19.406313899999986,6882083.75
81600.0,44.663550199999996,-19.393924400000003,6881875.82
81620.0,45.9290084,-19.377245700000003,6881670.890000001
81640.0,47.1944107,-19.355879500000015,6881469.16
81660.0,48.4597473,-19.329380000000015,6881270.850000001
81680.0,49.725007,-19.297246099999995,6881076.140000001
81700.0,50.9901778,-19.258912600000002,6880885.23
81720.0,52.2552458,-19.213739599999997,6880698.33
81740.0,53.520195799999996,-19.160999500000003,6880515.62
81760.0,54.785010299999996,-19.09986090000001,6880337.29
81780.0,56.0496694,-19.029369900000006,6880163.54
81800.0,57.314150399999995,-18.9484262,6879994.53
81820.0,58.5784271,-18.85575349999999,6879830.45
81840.0,59.8424692,-18.7498631,6879671.46
81860.0,61.1062412,-18.62900769999999,6879517.74
81880.0,62.3697014,-18.491122099999984,6879369.43
81900.0,63.6328003,-18.33374789999999,6879226.71
81920.0,64.8954786,-18.153935200000006,6879089.71
81940.0,66.1576651,-17.948113000000006,6878958.58
81960.0,67.4192723,-17.71191780000001,6878833.47
81980.0,68.680193,-17.439960299999996,6878714.5
82000.0,69.940293,-17.12550730000001,6878601.82
82020.0,71.1994026,-16.760035799999997,6878495.54
82040.0,72.4573039,-16.332599799999997,6878395.78
82060.0,73.71371239999999,-15.828908799999994,6878302.66
82080.0,74.9682492,-15.229955100000012,6878216.29
82100.0,76.2203983,-14.509911299999999,6878136.76
82120.0,77.4694394,-13.63280850000001,6878064.17
82140.0,78.7143359,-12.547094399999992,6877998.61
82160.0,79.9535422,-11.176339299999995,6877940.15
82180.0,81.18465379999999,-9.402584499999989,6877888.850000001
82200.0,82.4037294,-7.034791299999995,6877844.78
82220.0,83.60387829999999,-3.7451700999999957,6877807.99
82240.0,84.77204499999999,1.0681572999999958,6877778.5200000005
82260.0,85.880924,8.592414200000007,6877756.4
82280.0,86.86691499999999,21.2600118,6877741.67
82300.0,87.57516319999999,43.183633499999985,6877734.350000001
82320.0,87.72895869999999,74.22049909999998,6877734.44
82340.0,87.23420879999999,101.0838751,6877741.96
82360.0,86.3454501,117.36355659999998,6877756.890000001
82380.0,85.2802537,126.7896821,6877779.23
82400.0,84.13396449999999,132.62026889999999,6877808.96
82420.0,82.9460089,136.495404,6877846.04
82440.0,81.7343362,139.2249829,6877890.45
82460.0,80.5080282,141.23590389999998,6877942.12
82480.0,79.2721064,142.76977850000003,6878001.0200000005
82500.0,78.02955209999999,143.9721545,6878067.07
82520.0,76.7822394,144.93541770000002,6878140.2
82540.0,75.5314029,145.72082160000002,6878220.34
82560.0,74.2778874,146.3704884,6878307.4
82580.0,73.0222905,146.91429270000003,6878401.28
82600.0,71.765046,147.3739885,6878501.88
82620.0,70.5064767,147.76578080000002,6878609.11
82640.0,69.2468276,148.1019824,6878722.83
82660.0,67.9862883,148.3921123,6878842.92
82680.0,66.7250074,148.64364360000002,6878969.26
82700.0,65.4631035,148.8625234,6879101.7
82720.0,64.200672,149.05354309999996,6879240.100000001
82740.0,62.937791,149.22060539999995,6879384.32
82760.0,61.6745248,149.3669211,6879534.18
82780.0,60.4109269,149.4951555,6879689.54
82800.0,59.1470424,149.6075401,6879850.22
82820.0,57.8829095,149.7059567,6880016.0600000005
82840.0,56.6185605,149.79200400000002,6880186.88
82860.0,55.3540235,149.86704859999998,6880362.51
82880.0,54.089322599999996,149.9322659,6880542.75
82900.0,52.824479,149.98867229999996,6880727.43
82920.0,51.559511099999995,150.0371515,6880916.36
82940.0,50.294435199999995,150.0784757,6881109.34
82960.0,49.0292658,150.11332240000002,6881306.18
82980.0,47.7640155,150.14228889999998,6881506.68
83000.0,46.498695999999995,150.16590380000002,6881710.65
83020.0,45.2333176,150.18463659999998,6881917.88
83040.0,43.9678897,150.1989064,6882128.17
83060.0,42.702420599999996,150.20908780000002,6882341.33
83080.0,41.436918,150.21551739999995,6882557.15
83100.0,40.1713891,150.2184985,6882775.42
83120.0,38.9058402,150.218305,6882995.94
83140.0,37.6402773,150.21518519999995,6883218.49
83160.0,36.374705899999995,150.20936469999998,6883442.87
83180.0,35.1091312,150.20104930000002,6883668.87
83200.0,33.8435579,150.19042709999997,6883896.28
83220.0,32.577990299999996,150.1776703,6884124.9
83240.0,31.3124328,150.16293729999995,6884354.51
83260.0,30.046889099999998,150.14637419999997,6884584.92
83280.0,28.781363,150.12811550000004,6884815.91
83300.0,27.515857999999998,150.10828630000003,6885047.28
83320.0,26.250377399999998,150.08700249999998,6885278.83
83340.0,24.9849242,150.06437189999997,6885510.350000001
83360.0,23.719501599999997,150.0404954,6885741.65
83380.0,22.4541123,150.01546729999995,6885972.54
83400.0,21.1887592,149.989376,6886202.83
83420.0,19.9234448,149.9623049,6886432.33
83440.0,18.6581717,149.9343326,6886660.850000001
83460.0,17.392942299999998,149.9055333,6886888.23
83480.0,16.1277589,149.8759778,6887114.29
83500.0,14.862623699999999,149.84573319999998,6887338.86
83520.0,13.5975389,149.8148637,6887561.78
83540.0,12.3325066,149.78343059999997,6887782.9
83560.0,11.0675288,149.75149320000003,6888002.05
83580.0,9.8026073,149.71910830000002,6888219.09
83600.0,8.537744,149.686331,6888433.87
83620.0,7.2729409,149.6532148,6888646.26
83640.0,6.008199599999999,149.61981179999998,6888856.11
83660.0,4.7435219,149.58617300000003,6889063.29
83680.0,3.4789094,149.5523485,6889267.69
83700.0,2.2143639,149.51838759999998,6889469.19
83720.0,0.9498867999999999,149.48433899999998,6889667.68
83740.0,-0.3145203,149.4502511,6889863.05
83760.0,-1.5788558,149.4161722,6890055.2
83780.0,-2.8431183,149.3821507,6890244.03
83800.0,-4.107306299999999,149.348235,6890429.45
83820.0,-5.3714184,149.31447400000002,6890611.38
83840.0,-6.635453,149.28091740000002,6890789.75
83860.0,-7.8994089,149.2476155,6890964.5
83880.0,-9.1632845,149.21461969999996,6891135.57
83900.0,-10.4270787,149.1819825,6891302.9
83920.0,-11.690789899999999,149.1497579,6891466.45
83940.0,-12.954417,149.11800169999998,6891626.19
83960.0,-14.2179585,149.08677160000002,6891782.09
83980.0,-15.481413199999999,149.05612729999996,6891934.11
84000.0,-16.7447798,149.0261312,6892082.24
84020.0,-18.008057,148.99684839999998,6892226.46
84040.0,-19.2712433,148.9683473,6892366.7700000005
84060.0,-20.5343376,148.94069960000002,6892503.15
84080.0,-21.797338399999997,148.9139811,6892635.61
84100.0,-23.0602442,148.88827179999998,6892764.17
84120.0,-24.323053599999998,148.86365669999998,6892888.82
84140.0,-25.5857651,148.84022619999996,6893009.59
84160.0,-26.848377199999998,148.81807659999998,6893126.5200000005
84180.0,-28.1108881,148.7973108,6893239.61
84200.0,-29.373296099999997,148.77803949999998,6893348.92
84220.0,-30.6355994,148.76038119999998,6893454.48
84240.0,-31.897796,148.74446390000003,6893556.32
84260.0,-33.159883799999996,148.7304259,6893654.5
84280.0,-34.4218605,148.7184168,6893749.0600000005
84300.0,-35.6837235,148.7085995,6893840.05
84320.0,-36.9454701,148.7011508,6893927.53
84340.0,-38.2070973,148.69626440000002,6894011.5600000005
84360.0,-39.4686017,148.69415189999995,6894092.21
84380.0,-40.7299799,148.69504589999997,6894169.54
84400.0,-41.991227599999995,148.69920230000002,6894243.61
84420.0,-43.2523403,148.7069039,6894314.5
84440.0,-44.513313,148.71846370000003,6894382.28
84460.0,-45.774139999999996,148.73422970000001,6894447.01
84480.0,-47.0348147,148.75458960000003,6894508.78
84500.0,-48.29533,148.77997719999996,6894567.640000001
84520.0,-49.5556773,148.8108792,6894623.67
84540.0,-50.815847399999996,148.84784430000002,6894676.95
84560.0,-52.075829299999995,148.89149279999998,6894727.54
84580.0,-53.335610499999994,148.9425294,6894775.53
84600.0,-54.595176599999995,149.0017578,6894820.98
84620.0,-55.854511099999996,149.07009929999998,6894863.97
84640.0,-57.1135945,149.148615,6894904.58
84660.0,-58.3724042,149.23853359999998,6894942.87
84680.0,-59.6309135,149.34128599999997,6894978.93
84700.0,-60.8890913,149.4585485,6895012.84
84720.0,-62.146900099999996,149.59229849999997,6895044.65
84740.0,-63.404295499999996,149.74488480000002,6895074.47
84760.0,-64.6612239,149.91911900000002,6895102.34
84780.0,-65.91762,150.1183959,6895128.36
84800.0,-67.1734042,150.3468524,6895152.58
84820.0,-68.4284778,150.60958140000002,6895175.07
84840.0,-69.6827174,150.9129239,6895195.9
84860.0,-70.9359669,151.26487550000002,6895215.12
84880.0,-72.18802579999999,151.67565990000003,6895232.8
84900.0,-73.43863259999999,152.15855899999997,6895248.98
84920.0,-74.6874404,152.73113969999997,6895263.72
84940.0,-75.9339787,153.41711759999998,6895277.07
84960.0,-77.1775947,154.24927330000003,6895289.0600000005
84980.0,-78.417356,155.27417789999998,6895299.73
85000.0,-79.6518864,156.5601595,6895309.12
85020.0,-80.8790708,158.21136660000002,6895317.25
85040.0,-82.0954967,160.39395479999996,6895324.15
85060.0,-83.2953153,163.38790410000001,6895329.84
85080.0,-84.4677208,167.6965447,6895334.33
85100.0,-85.5908013,174.29174509999996,6895337.640000001
85120.0,-86.6151088,-174.84484369999998,6895339.78
85140.0,-87.4201877,-156.00214449999999,6895340.76
85160.0,-87.7561557,-126.802195,6895340.57
85180.0,-87.4317908,-97.4570567,6895339.22
85200.0,-86.6328008,-78.4219481,6895336.71
85220.0,-85.6111655,-67.448742,6895333.0200000005
85240.0,-84.4893496,-60.7960755,6895328.16
85260.0,-83.3176122,-56.455523799999995,6895322.11
85280.0,-82.1181805,-53.44248999999999,6895314.850000001
85300.0,-80.90199439999999,-51.24772530000001,6895306.36
85320.0,-79.6749662,-49.588326499999994,6895296.62
85340.0,-78.44054109999999,-48.29659169999999,6895285.600000001
85360.0,-77.2008522,-47.26750179999999,6895273.26
85380.0,-75.9572864,-46.432211300000006,6895259.5600000005
85400.0,-74.7107826,-45.7438276,6895244.47
85420.0,-73.461998,-45.16936179999999,6895227.93
85440.0,-72.2114057,-44.6849594,6895209.890000001
85460.0,-70.9593548,-44.272957599999984,6895190.3100000005
85480.0,-69.706108,-43.920007,6895169.140000001
85500.0,-68.4518669,-43.61583469999999,6895146.3100000005
85520.0,-67.1967883,-43.35240959999999,6895121.7700000005
85540.0,-65.9409963,-43.123363299999994,6895095.45
85560.0,-64.6845898,-42.9235826,6895067.3
85580.0,-63.4276491,-42.748914799999994,6895037.23
85600.0,-62.1702394,-42.5959527,6895005.18
85620.0,-60.9124148,-42.461874800000004,6894971.09
85640.0,-59.654219899999994,-42.34432459999999,6894934.87
85660.0,-58.3956922,-42.241318500000006,6894896.47
85680.0,-57.136863299999995,-42.1511749,6894855.8100000005
85700.0,-55.8777597,-42.072458900000015,6894812.83
85720.0,-54.6184042,-42.00393819999999,6894767.45
85740.0,-53.358816399999995,-41.94454880000001,6894719.62
85760.0,-52.0990129,-41.8933672,6894669.26
85780.0,-50.8390081,-41.849587499999984,6894616.3100000005
85800.0,-49.5788145,-41.81250319999998,6894560.7
85820.0,-48.318443099999996,-41.78149260000001,6894502.36
85840.0,-47.0579034,-41.75600589999999,6894441.23
85860.0,-45.797203599999996,-41.7355551,6894377.24
85880.0,-44.5363512,-41.71970569999999,6894310.32
85900.0,-43.2753527,-41.708068999999995,6894240.41
85920.0,-42.0142137,-41.70029640000001,6894167.43
85940.0,-40.752939399999995,-41.69607429999999,6894091.33
85960.0,-39.4915344,-41.69511940000001,6894012.03
85980.0,-38.2300028,-41.6971753,6893929.48
86000.0,-36.968348299999995,-41.702009000000004,6893843.600000001
86020.0,-35.7065743,-41.709408499999995,6893754.350000001
86040.0,-34.4446837,-41.7191799,6893661.67
86060.0,-33.1826794,-41.731145999999995,6893565.51
86080.0,-31.920564,-41.7451437,6893465.8100000005
86100.0,-30.6583397,-41.76102309999999,6893362.53
86120.0,-29.3960087,-41.77864579999999,6893255.63
86140.0,-28.1335731,-41.797883600000006,6893145.07
86160.0,-26.8710348,-41.818617700000004,6893030.82
86180.0,-25.6083955,-41.84073760000001,6892912.850000001
86200.0,-24.345656899999998,-41.864140099999986,6892791.140000001
86220.0,-23.082820599999998,-41.8887287,6892665.65
86240.0,-21.8198881,-41.914412999999996,6892536.37
86260.0,-20.5568609,-41.94110810000001,6892403.29
86280.0,-19.2937405,-41.96873360000001,6892266.41
86300.0,-18.030528399999998,-41.99721389999999,6892125.71
86320.0,-16.7672257,-42.026477,6891981.21
86340.0,-15.503834,-42.05645469999999,6891832.93
86360.0,-14.240354499999999,-42.087081600000005,6891680.87
86380.0,-12.976788599999999,-42.118295399999994,6891525.0600000005
