seconds,lat,lon,radius
0.0,1.6810981999999999,-64.68555289999999,6835810.98
20.0,2.9601694999999997,-64.70982169999999,6835603.2700000005
40.0,4.2393111999999995,-64.7339502,6835392.59
60.0,5.5185214,-64.7578783,6835179.0600000005
80.0,6.797797699999999,-64.7815452,6834962.8100000005
100.0,8.077138099999999,-64.8048889,6834743.98
120.0,9.3565401,-64.8278461,6834522.72
140.0,10.6360014,-64.8503521,6834299.17
160.0,11.915519699999999,-64.8723401,6834073.5
180.0,13.1950924,-64.8937411,6833845.87
200.0,14.4747171,-64.9144838,6833616.44
220.0,15.754391,-64.93449369999999,6833385.37
240.0,17.0341114,-64.9536933,6833152.86
260.0,18.313875499999998,-64.9720016,6832919.07
280.0,19.5936804,-64.9893333,6832684.21
300.0,20.873522899999998,-65.0055987,6832448.46
320.0,22.1533999,-65.0207028,6832212.0
340.0,23.433308099999998,-65.03454529999999,6831975.03
360.0,24.7132439,-65.0470193,6831737.75
380.0,25.993203599999998,-65.0580111,6831500.34
400.0,27.273183399999997,-65.067399,6831263.01
420.0,28.553179,-65.0750527,6831025.96
440.0,29.8331862,-65.0808323,6830789.4
460.0,31.1132003,-65.08458689999999,6830553.5200000005
480.0,32.3932164,-65.0861536,6830318.55
500.0,33.6732292,-65.08535599999999,6830084.69
520.0,34.9532331,-65.0820025,6829852.16
540.0,36.233222,-65.0758846,6829621.17
560.0,37.5131896,-65.0667745,6829391.95
580.0,38.7931289,-65.054423,6829164.71
600.0,40.0730323,-65.03855639999999,6828939.66
620.0,41.3528917,-65.0188733,6828717.03
640.0,42.632698,-64.9950411,6828497.0200000005
660.0,43.912441699999995,-64.96669109999999,6828279.84
680.0,45.1921118,-64.9334136,6828065.72
700.0,46.4716965,-64.8947522,6827854.86
720.0,47.751182899999996,-64.8501959,6827647.48
740.0,49.0305562,-64.7991713,6827443.8
760.0,50.3098003,-64.7410323,6827244.0200000005
780.0,51.588896999999996,-64.6750479,6827048.350000001
800.0,52.8678259,-64.6003875,6826857.01
820.0,54.1465636,-64.5161037,6826670.19
840.0,55.425083799999996,-64.42111,6826488.08
860.0,56.703356199999995,-64.3141551,6826310.890000001
880.0,57.9813459,-64.1937894,6826138.79
900.0,59.259012299999995,-64.0583242,6825971.97
920.0,60.536308299999995,-63.905780699999994,6825810.600000001
940.0,61.8131783,-63.733823900000004,6825654.850000001
960.0,63.0895563,-63.5396794,6825504.890000001
980.0,64.3653638,-63.32002499999999,6825360.88
1000.0,65.64050569999999,-63.070848,6825222.96
1020.0,66.91486669999999,-62.78725729999999,6825091.29
1040.0,68.1883045,-62.46322979999999,6824966.0
1060.0,69.4606423,-62.091264300000006,6824847.22
1080.0,70.73165689999999,-61.661901,6824735.09
1100.0,72.00106269999999,-61.16304289999999,6824629.73
1120.0,73.2684883,-60.578975299999996,6824531.24
1140.0,74.5334414,-59.888919599999994,6824439.73
1160.0,75.7952562,-59.0648415,6824355.32
1180.0,77.05300989999999,-58.0680335,6824278.08
1200.0,78.3053867,-56.84360659999999,6824208.11
1220.0,79.55044769999999,-55.31127649999999,6824145.49
1240.0,80.7852217,-53.3492871,6824090.29
1260.0,82.0049355,-50.7650203,6824042.57
1280.0,83.2014731,-47.23855689999999,6824002.390000001
1300.0,84.36005879999999,-42.209505199999995,6823969.79
1320.0,85.4515924,-34.648520099999985,6823944.8
1340.0,86.41430199999999,-22.66609299999999,6823927.47
1360.0,87.1161456,-3.5119154999999864,6823917.8100000005
1380.0,87.34177059999999,22.78428500000001,6823915.83
1400.0,86.9823965,47.82872609999998,6823921.54
1420.0,86.2005466,65.0349416,6823934.93
1440.0,85.1983436,75.72387170000002,6823955.99
1460.0,84.08678859999999,82.54514689999996,6823984.71
1480.0,82.9171834,87.1428578,6824021.05
1500.0,81.7140778,90.40392689999999,6824064.98
1520.0,80.4901817,92.8158535,6824116.45
1540.0,79.2525995,94.66055089999998,6824175.41
1560.0,78.005571,96.1098427,6824241.8
1580.0,76.7517676,97.27351149999998,6824315.55
1600.0,75.4929499,98.22461570000002,6824396.59
1620.0,74.230323,99.01349870000001,6824484.82
1640.0,72.96473809999999,99.67590359999997,6824580.140000001
1660.0,71.6968133,100.23786919999998,6824682.46
1680.0,70.4270076,100.71879360000003,6824791.66
1700.0,69.15566919999999,101.13341279999997,6824907.62
1720.0,67.883067,101.4931153,6825030.22
1740.0,66.6094117,101.8068379,6825159.3100000005
1760.0,65.3348711,102.08168949999998,6825294.7700000005
1780.0,64.05958009999999,102.32339400000001,6825436.45
1800.0,62.783649,102.5366113,6825584.21
1820.0,61.5071683,102.7251733,6825737.88
1840.0,60.230213299999996,102.89225920000001,6825897.3100000005
1860.0,58.9528472,103.04052919999998,6826062.32
1880.0,57.6751234,103.17222579999998,6826232.74
1900.0,56.3970874,103.28925290000001,6826408.4
1920.0,55.118778199999994,103.3932375,6826589.100000001
1940.0,53.8402296,103.48557799999998,6826774.65
1960.0,52.561470799999995,103.5674836,6826964.850000001
1980.0,51.282527599999995,103.64000499999997,6827159.51
2000.0,50.0034223,103.7040599,6827358.43
2020.0,48.724174999999995,103.7604533,6827561.4
2040.0,47.4448033,103.8098946,6827768.21
2060.0,46.165323,103.8530116,6827978.66
2080.0,44.885748199999995,103.89036190000002,6828192.53
2100.0,43.6060917,103.92244240000002,6828409.62
2120.0,42.3263649,103.94969789999999,6828629.71
2140.0,41.0465783,103.9725277,6828852.58
2160.0,39.7667413,103.99129119999998,6829078.0200000005
2180.0,38.486862699999996,104.00631340000001,6829305.8
2200.0,37.2069504,104.01788850000003,6829535.7
2220.0,35.9270117,104.02628419999996,6829767.5
2240.0,34.6470536,104.03174409999997,6830000.96
2260.0,33.3670824,104.03449119999999,6830235.87
2280.0,32.087104,104.03472970000001,6830471.99
2300.0,30.807123899999997,104.0326475,6830709.12
2320.0,29.527147399999997,104.02841749999999,6830947.04
2340.0,28.2471793,104.02219960000002,6831185.54
2360.0,26.9672242,104.01414199999999,6831424.390000001
2380.0,25.6872862,104.00438229999997,6831663.41
2400.0,24.4073697,103.99304849999999,6831902.36
2420.0,23.1274783,103.98026049999999,6832141.0600000005
2440.0,21.8476158,103.96613029999997,6832379.3
2460.0,20.567785699999998,103.95076319999998,6832616.88
2480.0,19.2879912,103.93425809999997,6832853.62
2500.0,18.0082356,103.91670879999998,6833089.33
2520.0,16.7285218,103.89820379999998,6833323.8100000005
2540.0,15.448852899999999,103.87882730000001,6833556.890000001
2560.0,14.169231499999999,103.85865969999998,6833788.4
2580.0,12.889660399999999,103.8377777,6834018.15
2600.0,11.6101422,103.8162547,6834245.98
2620.0,10.330679499999999,103.79416170000002,6834471.72
2640.0,9.0512745,103.77156709999997,6834695.22
2660.0,7.7719298,103.74853710000002,6834916.33
2680.0,6.4926476,103.72513609999999,6835134.88
2700.0,5.2134301999999995,103.70142720000001,6835350.74
2720.0,3.9342797,103.67747199999997,6835563.78
2740.0,2.6551983,103.65333120000003,6835773.850000001
2760.0,1.3761881999999999,103.62906470000001,6835980.84
2780.0,0.0972514,103.60473200000001,6836184.640000001
2800.0,-1.1816100999999999,103.5803922,6836385.13
2820.0,-2.4603941,103.55610439999998,6836582.21
2840.0,-3.7390988,103.531928,6836775.8
2860.0,-5.0177222,103.50792260000003,6836965.82
2880.0,-6.2962622999999995,103.48414869999999,6837152.2
2900.0,-7.574717199999999,103.46066769999999,6837334.88
2920.0,-8.8530853,103.43754189999999,6837513.8100000005
2940.0,-10.1313645,103.4148353,6837688.94
2960.0,-11.409553299999999,103.3926136,6837860.22
2980.0,-12.6876497,103.37094439999998,6838027.62
3000.0,-13.965651999999999,103.34989769999999,6838191.11
3020.0,-15.2435583,103.32954619999998,6838350.67
3040.0,-16.5213669,103.30996549999998,6838506.28
3060.0,-17.7990759,103.2912346,6838657.92
3080.0,-19.0766836,103.2734365,6838805.59
3100.0,-20.3541879,103.2566582,6838949.28
3120.0,-21.631587,103.2409917,6839089.0
3140.0,-22.9088787,103.22653430000003,6839224.73
3160.0,-24.1860611,103.213389,6839356.49
3180.0,-25.463131699999998,103.20166569999998,6839484.3
3200.0,-26.7400882,103.19148129999996,6839608.17
3220.0,-28.0169282,103.18296120000002,6839728.12
3240.0,-29.293648899999997,103.1762397,6839844.19
3260.0,-30.570247499999997,103.17146149999996,6839956.41
3280.0,-31.846721,103.16878220000001,6840064.82
3300.0,-33.123066,103.16837049999998,6840169.45
3320.0,-34.3992791,103.1704092,6840270.37
3340.0,-35.6753565,103.1750968,6840367.600000001
3360.0,-36.951293799999995,103.18264999999997,6840461.21
3380.0,-38.2270864,103.19330530000002,6840551.24
3400.0,-39.5027293,103.2073221,6840637.74
3420.0,-40.7782167,103.2249855,6840720.79
3440.0,-42.0535424,103.24660970000002,6840800.42
3460.0,-43.3286993,103.27254219999998,6840876.7
3480.0,-44.6036797,103.3031681,6840949.71
3500.0,-45.8784747,103.33891599999998,6841019.49
3520.0,-47.1530743,103.38026450000001,6841086.13
3540.0,-48.4274674,103.42774939999998,6841149.68
3560.0,-49.7016413,103.4819731,6841210.23
3580.0,-50.975581399999996,103.54361549999999,6841267.83
3600.0,-52.2492713,103.61344680000002,6841322.58
3620.0,-53.522692,103.69234360000002,6841374.53
3640.0,-54.7958218,103.78130750000003,6841423.78
3660.0,-56.068635199999996,103.88148919999998,6841470.390000001
3680.0,-57.3411031,103.9942165,6841514.44
3700.0,-58.613191099999995,104.12103100000002,6841556.01
3720.0,-59.884859,104.263732,6841595.17
3740.0,-61.156059299999995,104.42443349999996,6841632.01
3760.0,-62.4267353,104.60563619999999,6841666.59
3780.0,-63.696819399999995,104.81031960000001,6841698.99
3800.0,-64.9662299,105.04206269999997,6841729.28
3820.0,-66.2348672,105.3052022,6841757.51
3840.0,-67.5026091,105.60504349999997,6841783.7700000005
3860.0,-68.7693038,105.94814650000001,6841808.100000001
3880.0,-70.0347609,106.34271690000003,6841830.58
3900.0,-71.29873789999999,106.79915399999999,6841851.26
3920.0,-72.5609221,107.3308303,6841870.21
3940.0,-73.8209029,107.95522540000002,6841887.47
3960.0,-75.0781315,108.69561499999998,6841903.100000001
3980.0,-76.3318578,109.58365630000003,6841917.140000001
4000.0,-77.5810305,110.66346449999998,6841929.640000001
4020.0,-78.8241321,111.99826859999996,6841940.640000001
4040.0,-80.0588949,113.68170620000001,6841950.17
4060.0,-81.2817847,115.85784790000002,6841958.2700000005
4080.0,-82.487012,118.75842790000002,6841964.97
4100.0,-83.66449879999999,122.77546439999998,6841970.3
4120.0,-84.7953934,128.60784790000002,6841974.28
4140.0,-85.84151899999999,137.54810799999996,6841976.92
4160.0,-86.7207294,151.86666889999998,6841978.24
4180.0,-87.26689879999999,174.00864590000003,6841978.25
4200.0,-87.2720657,-159.0341135,6841976.95
4220.0,-86.7336614,-136.7549773,6841974.33
4240.0,-85.8585153,-122.3176613,6841970.41
4260.0,-84.8143992,-113.3067061,6841965.17
4280.0,-83.6845649,-107.43375119999999,6841958.59
4300.0,-82.5076851,-103.39240079999999,6841950.67
4320.0,-81.3028306,-100.47642669999999,6841941.38
4340.0,-80.08018249999999,-98.2900358,6841930.7
4360.0,-78.8455833,-96.5994759,6841918.600000001
4380.0,-77.6025957,-95.259542,6841905.04
4400.0,-76.3535043,-94.1759266,6841889.99
4420.0,-75.0998366,-93.2849873,6841873.41
4440.0,-73.8426503,-92.54234369999999,6841855.25
4460.0,-72.58269969999999,-91.91616289999999,6841835.47
4480.0,-71.32053669999999,-91.383049,6841814.03
4500.0,-70.0565738,-90.9254383,6841790.86
4520.0,-68.7911252,-90.529898,6841765.92
4540.0,-67.5244343,-90.18598449999999,6841739.15
4560.0,-66.25669239999999,-89.8854594,6841710.5
4580.0,-64.9880518,-89.6217381,6841679.9
4600.0,-63.718635199999994,-89.3894959,6841647.29
4620.0,-62.448542399999994,-89.1843815,6841612.600000001
4640.0,-61.1778554,-89.00280409999999,6841575.76
4660.0,-59.906642299999994,-88.841775,6841536.7
4680.0,-58.634959599999995,-88.6987862,6841495.350000001
4700.0,-57.3628552,-88.5717176,6841451.640000001
4720.0,-56.0903694,-88.4587648,6841405.49
4740.0,-54.817536499999996,-88.35838249999999,6841356.82
4760.0,-53.544385899999995,-88.2692392,6841305.5600000005
4780.0,-52.270942899999994,-88.1901816,6841251.640000001
4800.0,-50.997229499999996,-88.12020559999999,6841194.97
4820.0,-49.7232645,-88.05843279999999,6841135.49
4840.0,-48.4490645,-88.00409119999999,6841073.11
4860.0,-47.174644,-87.9564994,6841007.75
4880.0,-45.9000158,-87.9150538,6840939.36
4900.0,-44.625191,-87.8792175,6840867.84
4920.0,-43.3501796,-87.8485109,6840793.140000001
4940.0,-42.0749904,-87.8225049,6840715.17
4960.0,-40.799631399999996,-87.8008133,6840633.890000001
4980.0,-39.5241095,-87.7830881,6840549.21
5000.0,-38.2484311,-87.7690147,6840461.08
5020.0,-36.9726019,-87.7583073,6840369.45
5040.0,-35.696627,-87.7507062,6840274.24
5060.0,-34.420511,-87.7459744,6840175.42
5080.0,-33.1442584,-87.743895,6840072.92
5100.0,-31.867872799999997,-87.7442689,6839966.7
5120.0,-30.591358,-87.7469133,6839856.71
5140.0,-29.314717299999998,-87.7516591,6839742.91
5160.0,-28.037953599999998,-87.7583504,6839625.26
5180.0,-26.76107,-87.7668423,6839503.73
5200.0,-25.4840691,-87.7770003,6839378.28
5220.0,-24.206953499999997,-87.7886989,6839248.890000001
5240.0,-22.9297255,-87.8018209,6839115.5600000005
5260.0,-21.652387599999997,-87.81625629999999,6838978.25
5280.0,-20.3749418,-87.83190189999999,6838836.97
5300.0,-19.0973904,-87.8486602,6838691.72
5320.0,-17.819735299999998,-87.8664392,6838542.5
5340.0,-16.5419786,-87.8851517,6838389.33
5360.0,-15.2641221,-87.9047147,6838232.22
5380.0,-13.9861677,-87.9250491,6838071.19
5400.0,-12.7081173,-87.946079,6837906.2700000005
5420.0,-11.4299728,-87.9677317,6837737.51
5440.0,-10.1517359,-87.9899372,6837564.92
5460.0,-8.873408399999999,-88.0126277,6837388.57
5480.0,-7.5949922,-88.0357375,6837208.51
5500.0,-6.316489,-88.0592025,6837024.79
5520.0,-5.0379007,-88.0829602,6836837.48
5540.0,-3.7592290999999998,-88.1069492,6836646.65
5560.0,-2.4804760999999997,-88.13110909999999,6836452.37
5580.0,-1.2016434999999999,-88.1553801,6836254.72
5600.0,0.0772667,-88.1797028,6836053.79
5620.0,1.3562526,-88.2040182,6835849.68
5640.0,2.6353122,-88.22826719999999,6835642.47
5660.0,3.9144433,-88.2523902,6835432.29
5680.0,5.193644,-88.27632729999999,6835219.23
5700.0,6.472912,-88.3000179,6835003.43
5720.0,7.7522451,-88.3234003,6834785.0
5740.0,9.0316411,-88.3464115,6834564.07
5760.0,10.3110976,-88.3689871,6834340.8
5780.0,11.590612,-88.3910609,6834115.3100000005
5800.0,12.8701821,-88.4125644,6833887.7700000005
5820.0,14.149804999999999,-88.4334269,6833658.32
5840.0,15.4294783,-88.4535748,6833427.15
5860.0,16.709198999999998,-88.4729315,6833194.41
5880.0,17.9889644,-88.4914168,6832960.29
5900.0,19.268771299999997,-88.5089465,6832724.96
5920.0,20.548616799999998,-88.52543209999999,6832488.63
5940.0,21.8284976,-88.54077989999999,6832251.48
5960.0,23.1084104,-88.554891,6832013.71
5980.0,24.388351699999998,-88.5676601,6831775.53
6000.0,25.6683177,-88.5789753,6831537.140000001
6020.0,26.9483048,-88.588717,6831298.75
6040.0,28.2283089,-88.596757,6831060.5600000005
6060.0,29.5083256,-88.60295789999999,6830822.79
6080.0,30.7883504,-88.6071717,6830585.63
6100.0,32.0683784,-88.60923849999999,6830349.32
6120.0,33.3484045,-88.6089855,6830114.05
6140.0,34.6284232,-88.606225,6829880.04
6160.0,35.9084285,-88.60075259999999,6829647.5200000005
6180.0,37.188414,-88.59234579999999,6829416.71
6200.0,38.468373,-88.58076059999999,6829187.82
6220.0,39.7482979,-88.5657298,6828961.08
6240.0,41.0281808,-88.5469591,6828736.71
6260.0,42.308012999999995,-88.524124,6828514.94
6280.0,43.5877848,-88.4968651,6828295.98
6300.0,44.8674859,-88.4647835,6828080.05
6320.0,46.1471046,-88.4274349,6827867.37
6340.0,47.426628199999996,-88.3843227,6827658.15
6360.0,48.706042499999995,-88.3348899,6827452.62
6380.0,49.985331699999996,-88.27850939999999,6827250.98
6400.0,51.2644781,-88.2144727,6827053.45
6420.0,52.543461699999995,-88.14197539999999,6826860.24
6440.0,53.82226,-88.0601009,6826671.57
6460.0,55.1008474,-87.9677999,6826487.62
6480.0,56.3791946,-87.8638647,6826308.62
6500.0,57.6572679,-87.7468986,6826134.75
6520.0,58.9350283,-87.6152769,6825966.2
6540.0,60.212430399999995,-87.46709849999999,6825803.16
6560.0,61.4894208,-87.30012459999999,6825645.79
6580.0,62.765936399999994,-87.1116993,6825494.29
6600.0,64.0419019,-86.8986492,6825348.79
6620.0,65.3172269,-86.6571498,6825209.46
6640.0,66.5918014,-86.3825507,6825076.45
6660.0,67.8654906,-86.0691404,6824949.9
6680.0,69.13812709999999,-85.7098268,6824829.94
6700.0,70.4095004,-85.2956956,6824716.7
6720.0,71.6793424,-84.81538929999999,6824610.29
6740.0,72.94730559999999,-84.25421519999999,6824510.83
6760.0,74.212932,-83.5928373,6824418.41
6780.0,75.47560539999999,-82.805308,6824333.12
6800.0,76.73447689999999,-81.8560213,6824255.0600000005
6820.0,77.98834599999999,-80.6948468,6824184.3
6840.0,79.23545879999999,-79.24906899999999,6824120.93
6860.0,80.4731565,-77.4094811,6824065.0200000005
6880.0,81.6972219,-75.0052717,6824016.63
6900.0,82.9005949,-71.7564043,6823975.8
6920.0,84.07065759999999,-67.1790468,6823942.58
6940.0,85.1830696,-60.3936834,6823917.0
6960.0,86.1870295,-49.77019440000001,6823899.100000001
6980.0,86.9726407,-32.67203620000001,6823888.9
7000.0,87.3389265,-7.7242008000000055,6823886.41
7020.0,87.1211168,18.610243800000006,6823891.63
7040.0,86.42440769999999,37.86931609999999,6823904.5600000005
7060.0,85.46436729999999,49.92930989999999,6823925.19
7080.0,84.37423419999999,57.536585099999996,6823953.5
7100.0,83.2164433,62.593327999999985,6823989.46
7120.0,82.0203946,66.1371868,6824033.03
7140.0,80.8010029,68.73297209999998,6824084.18
7160.0,79.5664536,70.7029531,6824142.850000001
7180.0,78.32155709999999,72.24105159999999,6824208.99
7200.0,77.0693058,73.46978250000001,6824282.53
7220.0,75.8116514,74.4698927,6824363.390000001
7240.0,74.5499177,75.29656510000001,6824451.49
7260.0,73.28503289999999,75.9887008,6824546.73
7280.0,72.01766649999999,76.5744656,6824649.01
7300.0,70.748313,77.07472999999999,6824758.22
7320.0,69.4773458,77.50527439999996,6824874.24
7340.0,68.20505179999999,77.87824390000003,6824996.93
7360.0,66.9316551,78.20313390000001,6825126.18
7380.0,65.6573334,78.4874729,6825261.83
7400.0,64.3822295,78.73730469999998,6825403.75
7420.0,63.1064593,78.95753669999999,6825551.78
7440.0,61.8301181,79.1521942,6825705.76
7460.0,60.553284899999994,79.32460960000003,6825865.54
7480.0,59.2760258,79.47756570000001,6826030.94
7500.0,57.9983965,79.61340389999998,6826201.79
7520.0,56.7204445,79.73410869999998,6826377.91
7540.0,55.4422103,79.84137320000002,6826559.12
7560.0,54.1637291,79.93665069999997,6826745.22
7580.0,52.8850312,80.02119590000001,6826936.0200000005
7600.0,51.6061431,80.09609769999997,6827131.32
7620.0,50.3270882,80.162306,6827330.93
7640.0,49.047886899999995,80.22065320000002,6827534.63
7660.0,47.7685575,80.27187179999999,6827742.22
7680.0,46.4891162,80.31660970000001,6827953.5
7700.0,45.209577499999995,80.3554413,6828168.24
7720.0,43.9299545,80.38887849999998,6828386.24
7740.0,42.6502589,80.41737890000002,6828607.28
7760.0,41.370501399999995,80.4413528,6828831.12
7780.0,40.090691799999995,80.46116970000003,6829057.57
7800.0,38.8108388,80.4771629,6829286.390000001
7820.0,37.5309507,80.48963449999997,6829517.350000001
7840.0,36.2510348,80.49885870000003,6829750.22
7860.0,34.9710981,80.50508530000002,6829984.76
7880.0,33.6911473,80.5085426,6830220.72
7900.0,32.4111883,80.50943960000001,6830457.88
7920.0,31.131227199999998,80.5079682,6830696.0
7940.0,29.8512691,80.50430519999998,6830934.88
7960.0,28.5713193,80.49861379999999,6831174.33
7980.0,27.291382499999997,80.49104499999999,6831414.16
8000.0,26.0114628,80.481739,6831654.18
8020.0,24.7315643,80.47082619999998,6831894.18
8040.0,23.451691,80.4584284,6832133.97
8060.0,22.1718466,80.4446595,6832373.34
8080.0,20.892034499999998,80.42962649999998,6832612.08
8100.0,19.6122583,80.41343,6832850.0200000005
8120.0,18.3325212,80.396165,6833086.96
8140.0,17.0528263,80.37792130000003,6833322.74
8160.0,15.773176699999999,80.35878430000002,6833557.17
8180.0,14.4935751,80.3388352,6833790.100000001
8200.0,13.214024199999999,80.3181515,6834021.36
8220.0,11.934526799999999,80.29680769999999,6834250.8
8240.0,10.6550852,80.2748752,6834478.25
8260.0,9.3757019,80.25242320000001,6834703.57
8280.0,8.0963794,80.2295183,6834926.61
8300.0,6.8171197999999995,80.20622559999998,6835147.22
8320.0,5.5379255,80.18260829999997,6835365.28
8340.0,4.2587985999999995,80.1587285,6835580.65
8360.0,2.9797412,80.1346471,6835793.22
8380.0,1.7007554,80.11042420000001,6836002.87
8400.0,0.42184299999999997,80.08611919999998,6836209.48
8420.0,-0.8569937999999999,80.06179150000003,6836412.95
8440.0,-2.1357532999999997,80.03750000000002,6836613.17
8460.0,-3.4144335,80.01330410000003,6836810.05
8480.0,-4.6930325999999996,79.98926319999998,6837003.49
8500.0,-5.9715488,79.9654377,6837193.41
8520.0,-7.2499801999999995,79.9418885,6837379.73
8540.0,-8.5283251,79.91867789999998,6837562.37
8560.0,-9.806581699999999,79.89586930000002,6837741.2700000005
8580.0,-11.0847483,79.87352809999999,6837916.37
8600.0,-12.362822999999999,79.85172119999999,6838087.600000001
8620.0,-13.640804,79.83051820000003,6838254.92
8640.0,-14.9186897,79.80999079999998,6838418.29
8660.0,-16.196478,79.79021399999999,6838577.67
8680.0,-17.474167299999998,79.7712659,6838733.04
8700.0,-18.7517556,79.75322829999999,6838884.36
8720.0,-20.029241,79.7361874,6839031.63
8740.0,-21.306621399999997,79.72023360000003,6839174.84
8760.0,-22.583895,79.70546289999999,6839313.96
8780.0,-23.8610595,79.69197689999999,6839449.0200000005
8800.0,-25.1381126,79.67988350000002,6839580.01
8820.0,-26.415052199999998,79.6692979,6839706.95
8840.0,-27.6918756,79.66034330000002,6839829.86
8860.0,-28.9685803,79.6531516,6839948.74
8880.0,-30.2451635,79.64786470000001,6840063.65
8900.0,-31.5216221,79.64463560000002,6840174.59
8920.0,-32.7979531,79.64362929999999,6840281.62
8940.0,-34.0741528,79.64502490000001,6840384.7700000005
8960.0,-35.3502176,79.64901680000003,6840484.09
8980.0,-36.6261432,79.65581689999999,6840579.62
9000.0,-37.9019251,79.66565639999999,6840671.42
9020.0,-39.177558399999995,79.67878859999996,6840759.55
9040.0,-40.453037599999995,79.69549180000001,6840844.05
9060.0,-41.7283566,79.71607240000003,6840925.01
9080.0,-43.003508499999995,79.74086890000001,6841002.47
9100.0,-44.2784858,79.7702564,6841076.5
9120.0,-45.55328,79.80465190000001,6841147.18
9140.0,-46.827881399999995,79.84452039999996,6841214.5600000005
9160.0,-48.1022793,79.8903823,6841278.73
9180.0,-49.3764614,79.94282199999998,6841339.75
9200.0,-50.650413699999994,80.00249839999998,6841397.7
9220.0,-51.9241203,80.0701573,6841452.65
9240.0,-53.197562899999994,80.14664619999996,6841504.68
9260.0,-54.4707206,80.23293289999998,6841553.87
9280.0,-55.743569,80.33012719999999,6841600.3
9300.0,-57.016079999999995,80.43950869999998,6841644.05
9320.0,-58.2882208,80.56256020000001,6841685.19
9340.0,-59.5599527,80.70101030000001,6841723.79
9360.0,-60.831230299999994,80.85688649999997,6841759.95
9380.0,-62.1019995,81.0325823,6841793.72
9400.0,-63.3721958,81.23094470000001,6841825.19
9420.0,-64.6417412,81.45538569999997,6841854.43
9440.0,-65.9105414,81.71003059999998,6841881.5
9460.0,-67.1784806,81.99991310000001,6841906.48
9480.0,-68.4454153,82.33123949999998,6841929.43
9500.0,-69.7111661,82.71174930000001,6841950.4
9520.0,-70.9755053,83.15121699999997,6841969.45
9540.0,-72.2381405,83.66216270000001,6841986.640000001
9560.0,-73.4986893,84.26087999999999,6842002.0200000005
9580.0,-74.7566432,84.9689578,6842015.65
9600.0,-76.0113113,85.81559170000003,6842027.58
9620.0,-77.2617319,86.8412007,6842037.86
9640.0,-78.506528,88.10327669999998,6842046.5200000005
9660.0,-79.7436609,89.68620909999999,6842053.62
9680.0,-80.96999,91.7185,6842059.18
9700.0,-82.1804403,94.4043762,6842063.24
9720.0,-83.3663236,98.08472289999997,6842065.83
9740.0,-84.5117018,103.3593611,6842067.0
9760.0,-85.584947,111.33133420000001,6842066.76
9780.0,-86.5187033,123.99902729999997,6842065.15
9800.0,-87.17129419999999,144.0543925,6842062.17
9820.0,-87.32808589999999,170.61703219999998,6842057.84
9840.0,-86.9125936,-165.2030534,6842052.16
9860.0,-86.1037886,-148.9116464,6842045.13
9880.0,-85.092421,-138.7715163,6842036.75
9900.0,-83.9797214,-132.2518788,6842027.0200000005
9920.0,-82.81259229999999,-127.8257558,6842015.91
9940.0,-81.6137212,-124.6679303,6842003.42
9960.0,-80.3949791,-122.3215161,6841989.53
9980.0,-79.1630607,-120.5203186,6841974.22
10000.0,-77.9219894,-119.1010218,6841957.44
10020.0,-76.67431479999999,-117.95869409999999,6841939.16
10040.0,-75.4217242,-117.02317559999999,6841919.36
10060.0,-74.1653766,-116.2459274,6841897.98
10080.0,-72.90609239999999,-115.59237089999999,6841874.99
10100.0,-71.6444683,-115.0372417,6841850.34
10120.0,-70.3809477,-114.56167149999999,6841823.99
10140.0,-69.1158672,-114.15129479999999,6841795.88
10160.0,-67.849486,-113.7949881,6841765.96
10180.0,-66.5820076,-113.4840074,6841734.18
10200.0,-65.31359309999999,-113.2113866,6841700.47
10220.0,-64.0443721,-112.97150889999999,6841664.7700000005
10240.0,-62.7744497,-112.759796,6841627.01
10260.0,-61.503912199999995,-112.572479,6841587.13
10280.0,-60.232830799999995,-112.40642749999999,6841545.05
10300.0,-58.961264799999995,-112.25901999999999,6841500.71
10320.0,-57.689264099999995,-112.1280444,6841454.03
10340.0,-56.4168708,-112.0116214,6841404.94
10360.0,-55.144120699999995,-111.9081437,6841353.350000001
10380.0,-53.871044499999996,-111.81622879999999,6841299.2
10400.0,-52.597668299999995,-111.7346807,6841242.4
10420.0,-51.324014899999995,-111.66245939999999,6841182.890000001
10440.0,-50.0501041,-111.5986561,6841120.58
10460.0,-48.7759529,-111.54247319999999,6841055.41
10480.0,-47.5015764,-111.4932073,6840987.3100000005
10500.0,-46.226987699999995,-111.4502361,6840916.19
10520.0,-44.9521985,-111.41300629999999,6840842.0
10540.0,-43.6772189,-111.3810245,6840764.66
10560.0,-42.4020582,-111.35384909999999,6840684.11
10580.0,-41.1267243,-111.3310836,6840600.2700000005
10600.0,-39.851224599999995,-111.31237069999999,6840513.100000001
10620.0,-38.5755656,-111.29738739999999,6840422.5200000005
10640.0,-37.299752999999995,-111.28584099999999,6840328.48
10660.0,-36.0237923,-111.2774654,6840230.92
10680.0,-34.7476881,-111.27201799999999,6840129.78
10700.0,-33.4714449,-111.2692769,6840025.0200000005
10720.0,-32.1950666,-111.26903879999999,6839916.58
10740.0,-30.918557,-111.2711166,6839804.43
10760.0,-29.6419194,-111.2753381,6839688.5200000005
10780.0,-28.365157,-111.281544,6839568.8
10800.0,-27.088272699999997,-111.2895868,6839445.26
10820.0,-25.811269199999998,-111.29932939999999,6839317.850000001
10840.0,-24.5341491,-111.310644,6839186.55
10860.0,-23.256915,-111.32341129999999,6839051.34
10880.0,-21.9795691,-111.3375198,6838912.21
10900.0,-20.702113699999998,-111.3528643,6838769.15
10920.0,-19.4245508,-111.3693462,6838622.15
10940.0,-18.1468827,-111.386872,6838471.21
10960.0,-16.869111399999998,-111.4053534,6838316.34
10980.0,-15.5912387,-111.42470619999999,6838157.5600000005
11000.0,-14.3132667,-111.4448505,6837994.890000001
11020.0,-13.035197199999999,-111.4657096,6837828.350000001
11040.0,-11.7570322,-111.48720999999999,6837657.97
11060.0,-10.478773499999999,-111.509281,6837483.8100000005
11080.0,-9.2004229,-111.53185429999999,6837305.9
11100.0,-7.921982399999999,-111.55486359999999,6837124.3100000005
11120.0,-6.643453699999999,-111.5782447,6836939.08
11140.0,-5.364838799999999,-111.60193439999999,6836750.3
11160.0,-4.0861395,-111.62587119999999,6836558.03
11180.0,-2.8073576,-111.6499944,6836362.36
11200.0,-1.5284951999999998,-111.6742441,6836163.37
11220.0,-0.24955419999999998,-111.6985608,6835961.15
11240.0,1.0294634999999999,-111.72288549999999,6835755.8
11260.0,2.3085557999999997,-111.7471588,6835547.44
11280.0,3.5877206999999998,-111.7713215,6835336.16
11300.0,4.8669560999999995,-111.79531379999999,6835122.100000001
11320.0,6.1462597,-111.8190752,6834905.37
11340.0,7.4256294,-111.84254419999999,6834686.100000001
11360.0,8.705062999999999,-111.86565829999999,6834464.44
11380.0,9.984558,-111.88835329999999,6834240.5200000005
11400.0,11.2641121,-111.9105635,6834014.5
11420.0,12.5437227,-111.93222089999999,6833786.5200000005
11440.0,13.8233874,-111.9532555,6833556.74
11460.0,15.1031034,-111.9735943,6833325.33
11480.0,16.3828681,-111.9931615,6833092.46
11500.0,17.6626786,-112.0118777,6832858.3
11520.0,18.9425319,-112.02965999999999,6832623.03
11540.0,20.2224249,-112.04642059999999,6832386.83
11560.0,21.5023545,-112.06206759999999,6832149.88
11580.0,22.7823173,-112.0765031,6831912.390000001
11600.0,24.062309799999998,-112.0896238,6831674.54
11620.0,25.3423283,-112.1013193,6831436.53
11640.0,26.622369,-112.11147199999999,6831198.5600000005
11660.0,27.902427799999998,-112.11995619999999,6830960.83
11680.0,29.1825005,-112.12663669999999,6830723.54
11700.0,30.4625825,-112.1313684,6830486.92
11720.0,31.742668899999998,-112.13399439999999,6830251.15
11740.0,33.0227548,-112.1343454,6830016.46
11760.0,34.3028346,-112.1322376,6829783.0600000005
11780.0,35.5829026,-112.1274711,6829551.16
11800.0,36.862952299999996,-112.11982809999999,6829320.96
11820.0,38.1429772,-112.1090703,6829092.69
11840.0,39.4229699,-112.09493669999999,6828866.55
11860.0,40.7029224,-112.07714019999999,6828642.7700000005
11880.0,41.9828263,-112.0553642,6828421.55
11900.0,43.262672099999996,-112.02925859999999,6828203.12
11920.0,44.5424495,-111.998435,6827987.67
11940.0,45.822147099999995,-111.96246119999999,6827775.44
11960.0,47.1017526,-111.9208546,6827566.640000001
11980.0,48.381251999999996,-111.8730743,6827361.48
12000.0,49.66063,-111.81851189999999,6827160.18
12020.0,50.9398693,-111.75648079999999,6826962.96
12040.0,52.2189507,-111.6862025,6826770.0200000005
12060.0,53.4978522,-111.60679049999999,6826581.57
12080.0,54.776548999999996,-111.5172314,6826397.83
12100.0,56.0550128,-111.4163603,6826218.98
12120.0,57.333211,-111.30283179999999,6826045.23
12140.0,58.6111061,-111.1750833,6825876.76
12160.0,59.8886544,-111.031289,6825713.7700000005
12180.0,61.1658044,-110.86930219999999,6825556.44
12200.0,62.4424959,-110.6865816,6825404.94
12220.0,63.7186569,-110.4800958,6825259.44
12240.0,64.9942011,-110.2462,6825120.09
12260.0,66.2690238,-109.9804724,6824987.0600000005
12280.0,67.5429973,-109.67749649999999,6824860.49
12300.0,68.81596309999999,-109.3305656,6824740.53
12320.0,70.0877229,-108.93127729999999,6824627.3100000005
12340.0,71.3580249,-108.4689638,6824520.94
12360.0,72.6265442,-107.9298803,6824421.5600000005
12380.0,73.89285459999999,-107.2960202,6824329.2700000005
12400.0,75.1563856,-106.5433441,6824244.16
12420.0,76.4163564,-105.6390601,6824166.33
12440.0,77.67167049999999,-104.5373144,6824095.87
12460.0,78.92073959999999,-103.1721228,6824032.84
12480.0,80.16118,-101.44530499999999,6823977.3100000005
12500.0,81.38925669999999,-99.20495489999999,6823929.34
12520.0,82.5988074,-96.20511959999999,6823888.98
12540.0,83.7790119,-92.0265754,6823856.28
12560.0,84.909413,-85.91614369999999,6823831.26
12580.0,85.9481071,-76.4752694,6823813.96
12600.0,86.80437859999999,-61.288119300000005,6823804.390000001
12620.0,87.29878409999999,-38.11228750000001,6823802.58
12640.0,87.2302441,-11.095343899999989,6823808.5200000005
12660.0,86.6329655,10.262087199999996,6823822.21
12680.0,85.7230079,23.879219699999993,6823843.63
12700.0,84.65783499999999,32.3883927,6823872.7700000005
12720.0,83.5134705,37.96533629999999,6823909.59
12740.0,82.32526179999999,41.824618499999985,6823954.07
12760.0,81.1107775,44.622482399999996,6824006.15
12780.0,79.87947729999999,46.728417199999996,6824065.79
12800.0,78.63683089999999,48.361839299999986,6824132.92
12820.0,77.3861958,49.6597544,6824207.49
12840.0,76.1297374,50.7115522,6824289.41
12860.0,74.86891109999999,51.577797000000004,6824378.61
12880.0,73.6047291,52.30086829999999,6824474.99
12900.0,72.3379167,52.911254799999995,6824578.45
12920.0,71.0690067,53.43142319999998,6824688.87
12940.0,69.7983991,53.87827849999999,6824806.15
12960.0,68.5263999,54.26477589999999,6824930.140000001
12980.0,67.25324739999999,54.6010057,6825060.72
13000.0,65.9791297,54.8949408,6825197.74
13020.0,64.7041976,55.152962599999995,6825341.0600000005
13040.0,63.4285729,55.3802383,6825490.51
13060.0,62.152355899999996,55.58099579999998,6825645.93
13080.0,60.8756291,55.758727300000004,6825807.16
13100.0,59.598461699999994,55.91634289999999,6825974.03
13120.0,58.3209119,56.05628659999999,6826146.36
13140.0,57.0430291,56.180626099999984,6826323.96
13160.0,55.764855499999996,56.29112269999999,6826506.66
13180.0,54.4864274,56.389285900000004,6826694.25
13200.0,53.2077764,56.476417200000014,6826886.57
13220.0,51.9289299,56.55364449999999,6827083.390000001
13240.0,50.6499119,56.62195070000001,6827284.54
13260.0,49.3707436,56.68219579999999,6827489.8100000005
13280.0,48.0914437,56.7351362,6827699.0
13300.0,46.812028999999995,56.78143979999999,6827911.890000001
13320.0,45.532514299999995,56.8216985,6828128.28
13340.0,44.252913,56.85643920000001,6828347.94
13360.0,42.9732371,56.88613240000001,6828570.66
13380.0,41.693497699999995,56.911199899999986,6828796.22
13400.0,40.413704599999996,56.93202070000001,6829024.4
13420.0,39.133866999999995,56.948937,6829254.95
13440.0,37.8539932,56.96225820000001,6829487.67
13460.0,36.5740908,56.972265300000004,6829722.32
13480.0,35.2941669,56.97921389999999,6829958.65
13500.0,34.0142282,56.98333729999999,6830196.45
13520.0,32.7342808,56.984849199999985,6830435.49
13540.0,31.4543306,56.98394569999999,6830675.53
13560.0,30.1743828,56.980807,6830916.36
13580.0,28.894442599999998,56.975599700000004,6831157.7700000005
13600.0,27.614514699999997,56.96847789999998,6831399.54
13620.0,26.334603599999998,56.959584199999995,6831641.48
13640.0,25.0547135,56.94905159999999,6831883.390000001
13660.0,23.774848199999997,56.937004,6832125.0600000005
13680.0,22.4950114,56.923557200000005,6832366.3
13700.0,21.2152068,56.90881969999998,6832606.92
13720.0,19.9354376,56.89289360000001,6832846.71
13740.0,18.6557071,56.875875199999996,6833085.48
13760.0,17.3760184,56.85785559999999,6833323.0600000005
13780.0,16.0963745,56.838921,6833559.24
13800.0,14.816778099999999,56.81915369999999,6833793.87
13820.0,13.5372322,56.798632,6834026.75
13840.0,12.257739299999999,56.777431199999995,6834257.74
13860.0,10.978302,56.75562339999999,6834486.67
13880.0,9.6989228,56.7332782,6834713.38
13900.0,8.419604099999999,56.710463000000004,6834937.74
13920.0,7.1403479999999995,56.68724309999999,6835159.600000001
13940.0,5.8611568,56.663682300000005,6835378.83
13960.0,4.5820327,56.63984289999999,6835595.29
13980.0,3.3029777,56.615786000000014,6835808.850000001
14000.0,2.0239938,56.5915718,6836019.4
14020.0,0.7450829999999999,56.5672601,6836226.82
14040.0,-0.5337527,56.542910000000006,6836431.0
14060.0,-1.8125116,56.5185807,6836631.84
14080.0,-3.0911918,56.494331200000005,6836829.24
14100.0,-4.3697913999999995,56.4702212,6837023.100000001
14120.0,-5.648308699999999,56.4463107,6837213.34
14140.0,-6.9267419,56.422660399999984,6837399.88
14160.0,-8.2050891,56.3993323,6837582.65
14180.0,-9.4833488,56.37638959999998,6837761.59
14200.0,-10.7615191,56.35389699999999,6837936.63
14220.0,-12.039598199999999,56.33192120000001,6838107.72
14240.0,-13.317584499999999,56.310531,6838274.82
14260.0,-14.595476199999998,56.28979770000001,6838437.890000001
14280.0,-15.8732715,56.2697953,6838596.9
14300.0,-17.1509686,56.25060109999998,6838751.82
14320.0,-18.4285656,56.232296099999985,6838902.63
14340.0,-19.7060607,56.214965199999995,6839049.3100000005
14360.0,-20.9834519,56.19869779999999,6839191.850000001
14380.0,-22.2607373,56.1835883,6839330.26
14400.0,-23.537914699999998,56.169736900000004,6839464.54
14420.0,-24.814982,56.15724979999999,6839594.7
14440.0,-26.0919368,56.14624040000001,6839720.75
14460.0,-27.3687769,56.136829500000005,6839842.71
14480.0,-28.645499599999997,56.129146899999995,6839960.62
14500.0,-29.9221023,56.123331699999994,6840074.48
14520.0,-31.1985821,56.11953389999999,6840184.34
14540.0,-32.4749358,56.11791539999999,6840290.23
14560.0,-33.7511601,56.11865130000001,6840392.19
14580.0,-35.027251199999995,56.12193209999998,6840490.26
14600.0,-36.3032051,56.1279648,6840584.49
14620.0,-37.5790173,56.136975500000005,6840674.94
14640.0,-38.854683099999995,56.14921150000001,6840761.67
14660.0,-40.130196999999995,56.1649443,6840844.73
14680.0,-41.4055532,56.1844729,6840924.2
14700.0,-42.680744999999995,56.20812699999999,6841000.13
14720.0,-43.9557651,56.236271999999985,6841072.59
14740.0,-45.2306052,56.26931350000001,6841141.65
14760.0,-46.505255999999996,56.307703599999996,6841207.38
14780.0,-47.779707099999996,56.351947800000005,6841269.850000001
14800.0,-49.053946499999995,56.40261319999999,6841329.140000001
14820.0,-50.3279608,56.460338699999994,6841385.33
14840.0,-51.6017345,56.5258465,6841438.49
14860.0,-52.875250199999996,56.599956599999985,6841488.71
14880.0,-54.148487499999995,56.6836041,6841536.0600000005
14900.0,-55.4214232,56.77786019999999,6841580.63
14920.0,-56.69403,56.88395839999998,6841622.49
14940.0,-57.9662765,57.00332589999999,6841661.72
14960.0,-59.2381256,57.1376243,6841698.4
14980.0,-60.5095338,57.288798799999995,6841732.61
15000.0,-61.780449399999995,57.4591427,6841764.43
15020.0,-63.050810799999994,57.651377800000006,6841793.93
15040.0,-64.3205438,57.86876000000001,6841821.18
15060.0,-65.5895587,58.1152165,6841846.24
15080.0,-66.8577457,58.39552800000001,6841869.18
15100.0,-68.1249689,58.715572899999984,6841890.07
15120.0,-69.3910593,59.082660000000004,6841908.97
15140.0,-70.6558027,59.50598880000001,6841925.93
15160.0,-71.9189253,59.997299699999985,6841941.01
15180.0,-73.1800705,60.57180740000001,6841954.29
15200.0,-74.4387663,61.2495758,6841965.8100000005
15220.0,-75.6943752,62.0575915,6841975.640000001
15240.0,-76.9460154,63.032983400000006,6841983.8100000005
15260.0,-78.1924337,64.2281845,6841990.38
15280.0,-79.4317914,65.71951480000001,6841995.390000001
15300.0,-80.6612863,67.62205560000001,6841998.86
15320.0,-81.876448,70.11663440000001,6842000.83
15340.0,-83.0697421,73.5012175,6842001.34
15360.0,-84.2276004,78.2932141,6842000.42
15380.0,-85.3236359,85.4359488,6841998.100000001
15400.0,-86.3024653,96.66597560000002,6841994.41
15420.0,-87.0452241,114.65818919999998,6841989.37
15440.0,-87.3457249,140.17442800000003,6841983.0
15460.0,-87.0648349,165.8741033,6841975.3100000005
15480.0,-86.33383289999999,-175.8476763,6841966.3100000005
15500.0,-85.3608204,-164.4270885,6841955.98
15520.0,-84.26773299999999,-157.1750567,6841944.33
15540.0,-83.1114901,-152.319199,6841931.36
15560.0,-81.9191489,-148.89527139999998,6841917.0600000005
15580.0,-80.7045827,-146.3751198,6841901.4
15600.0,-79.4754756,-144.4551622,6841884.38
15620.0,-78.2363768,-142.9514944,6841865.97
15640.0,-76.9901331,-141.7472611,6841846.12
15660.0,-75.7386095,-140.7650713,6841824.83
15680.0,-74.4830755,-139.95181789999998,6841802.04
15700.0,-73.2244238,-139.2699322,6841777.71
15720.0,-71.9632989,-138.6921314,6841751.82
15740.0,-70.70017779999999,-138.1981465,6841724.3100000005
15760.0,-69.4354202,-137.7726176,6841695.12
15780.0,-68.1693028,-137.4036993,6841664.22
15800.0,-66.9020412,-137.082114,6841631.5200000005
15820.0,-65.6338061,-136.8004949,6841596.98
15840.0,-64.3647343,-136.5529192,6841560.53
15860.0,-63.094936399999995,-136.3345717,6841522.100000001
15880.0,-61.8245028,-136.14149849999998,6841481.62
15900.0,-60.5535084,-135.9704223,6841439.0200000005
15920.0,-59.2820152,-135.8186043,6841394.22
15940.0,-58.0100753,-135.6837377,6841347.16
15960.0,-56.737732599999994,-135.5638659,6841297.75
15980.0,-55.4650244,-135.4573184,6841245.92
16000.0,-54.191982499999995,-135.3626601,6841191.600000001
16020.0,-52.9186343,-135.2786516,6841134.71
16040.0,-51.6450033,-135.20421629999998,6841075.17
16060.0,-50.3711099,-135.13841449999998,6841012.93
16080.0,-49.0969719,-135.0804226,6840947.9
16100.0,-47.8226048,-135.0295151,6840880.0200000005
16120.0,-46.5480222,-134.9850504,6840809.21
16140.0,-45.2732361,-134.946459,6840735.4
16160.0,-43.9982571,-134.9132334,6840658.5200000005
16180.0,-42.723094499999995,-134.8849198,6840578.51
16200.0,-41.4477568,-134.8611109,6840495.29
16220.0,-40.1722514,-134.8414401,6840408.8
16240.0,-38.896585,-134.8255764,6840318.99
16260.0,-37.6207637,-134.8132199,6840225.78
16280.0,-36.3447928,-134.8040981,6840129.12
16300.0,-35.0686774,-134.7979628,6840028.95
16320.0,-33.792422,-134.7945872,6839925.22
16340.0,-32.5160307,-134.7937636,6839817.890000001
16360.0,-31.2395073,-134.7953011,6839706.91
16380.0,-29.9628552,-134.7990238,6839592.24
16400.0,-28.6860778,-134.8047694,6839473.84
16420.0,-27.409177999999997,-134.8123876,6839351.68
16440.0,-26.1321586,-134.8217388,6839225.74
16460.0,-24.855022299999998,-134.832693,6839095.99
16480.0,-23.577771499999997,-134.8451289,6838962.41
16500.0,-22.3004087,-134.858933,6838824.98
16520.0,-21.0229361,-134.8739987,6838683.7
16540.0,-19.7453559,-134.8902258,6838538.55
16560.0,-18.4676701,-134.9075196,6838389.55
16580.0,-17.1898809,-134.9257906,6838236.7
16600.0,-15.9119902,-134.9449536,6838080.01
16620.0,-14.633999999999999,-134.9649277,6837919.49
16640.0,-13.3559121,-134.9856355,6837755.17
16660.0,-12.0777284,-135.0070027,6837587.08
16680.0,-10.7994509,-135.028958,6837415.25
16700.0,-9.521081299999999,-135.0514326,6837239.72
16720.0,-8.2426216,-135.0743598,6837060.54
16740.0,-6.9640736,-135.0976748,6836877.76
16760.0,-5.6854393,-135.1213143,6836691.44
16780.0,-4.4067204,-135.1452165,6836501.65
16800.0,-3.127919,-135.1693205,6836308.47
16820.0,-1.8490370999999999,-135.1935662,6836111.96
16840.0,-0.5700765,-135.2178941,6835912.23
16860.0,0.7089607,-135.24224519999999,6835709.37
16880.0,1.9880723999999999,-135.2665602,6835503.48
16900.0,3.2672566,-135.29077999999998,6835294.66
16920.0,4.5465111,-135.314845,6835083.04
16940.0,5.8258338,-135.33869479999998,6834868.74
16960.0,7.1052224,-135.3622684,6834651.890000001
16980.0,8.3846746,-135.3855036,6834432.62
17000.0,9.6641882,-135.4083367,6834211.07
17020.0,10.9437607,-135.4307024,6833987.390000001
17040.0,12.223389599999999,-135.4525334,6833761.73
17060.0,13.503072399999999,-135.4737604,6833534.26
17080.0,14.7828065,-135.4943111,6833305.12
17100.0,16.0625891,-135.5141105,6833074.5
17120.0,17.3424174,-135.5330804,6832842.55
17140.0,18.6222884,-135.5511385,6832609.47
17160.0,19.9021992,-135.56819869999998,6832375.43
17180.0,21.1821466,-135.5841699,6832140.61
17200.0,22.4621271,-135.5989562,6831905.22
17220.0,23.7421375,-135.6124554,6831669.43
17240.0,25.022174,-135.6245592,6831433.44
17260.0,26.3022328,-135.635152,6831197.46
17280.0,27.5823099,-135.6441101,6830961.69
17300.0,28.8624011,-135.651301,6830726.33
17320.0,30.142501799999998,-135.6565822,6830491.600000001
17340.0,31.4226073,-135.6598,6830257.7
17360.0,32.7027125,-135.6607883,6830024.850000001
17380.0,33.9828121,-135.65936729999999,6829793.2700000005
17400.0,35.2629004,-135.6553414,6829563.18
17420.0,36.5429712,-135.6484975,6829334.79
17440.0,37.823017899999996,-135.6386029,6829108.33
17460.0,39.1030334,-135.6254026,6828884.01
17480.0,40.3830101,-135.6086164,6828662.04
17500.0,41.6629394,-135.5879359,6828442.66
17520.0,42.9428124,-135.56301969999998,6828226.0600000005
17540.0,44.222619099999996,-135.53349,6828012.46
17560.0,45.5023483,-135.4989263,6827802.08
17580.0,46.7819881,-135.4588594,6827595.12
17600.0,48.061524999999996,-135.4127643,6827391.79
17620.0,49.340944,-135.3600507,6827192.3
17640.0,50.620228499999996,-135.3000533,6826996.850000001
17660.0,51.8993598,-135.2320182,6826805.63
17680.0,53.178316599999995,-135.1550883,6826618.850000001
17700.0,54.457074999999996,-135.0682845,6826436.69
17720.0,55.7356075,-134.9704831,6826259.34
17740.0,57.0138829,-134.8603877,6826086.98
17760.0,58.2918648,-134.7364948,6825919.8
17780.0,59.569511299999995,-134.5970505,6825757.97
17800.0,60.8467729,-134.439996,6825601.66
17820.0,62.123591899999994,-134.2628982,6825451.04
17840.0,63.399899299999994,-134.0628604,6825306.28
17860.0,64.67561289999999,-133.83640699999998,6825167.54
17880.0,65.95063309999999,-133.5793313,6825034.98
17900.0,67.22483849999999,-133.2864928,6824908.75
17920.0,68.4980794,-132.9515448,6824789.01
17940.0,69.7701688,-132.5665596,6824675.9
17960.0,71.04087009999999,-132.1215072,6824569.5600000005
17980.0,72.30987929999999,-131.6035139,6824470.100000001
18000.0,73.57679949999999,-130.9957877,6824377.65
18020.0,74.8411021,-130.2760207,6824292.32
18040.0,76.1020679,-129.41395459999998,6824214.21
18060.0,77.3586937,-128.3675532,6824143.4
18080.0,78.6095382,-127.0767807,6824079.98
18100.0,79.8524585,-125.453092,6824024.0200000005
18120.0,81.0841353,-123.36089059999999,6823975.57
18140.0,82.29916709999999,-120.5832262,6823934.7
18160.0,83.4882252,-116.7551446,6823901.45
18180.0,84.63401069999999,-111.22907409999999,6823875.84
18200.0,85.7017731,-102.80670529999999,6823857.92
18220.0,86.61681019999999,-89.3343944,6823847.7
18240.0,87.22376,-68.1521708,6823845.18
18260.0,87.30568029999999,-41.1495697,6823850.390000001
18280.0,86.82171269999999,-17.793730900000014,6823863.3100000005
18300.0,85.9708642,-2.4438777000000016,6823883.93
18320.0,84.9347659,7.092523699999987,6823912.24
18340.0,83.8056928,13.256302500000004,6823948.19
18360.0,82.6262352,17.465923599999996,6823991.75
18380.0,81.417144,20.484912399999985,6824042.88
18400.0,80.189374,22.737694799999986,6824101.5200000005
18420.0,78.94915379999999,24.472944600000005,6824167.62
18440.0,77.70025369999999,25.84406770000001,6824241.100000001
18460.0,76.4450772,26.95011439999999,6824321.88
18480.0,75.1852243,27.857597,6824409.9
18500.0,73.9217989,28.61270300000001,6824505.05
18520.0,72.6555865,29.24844250000001,6824607.24
18540.0,71.3871605,29.78900200000001,6824716.37
18560.0,70.1169494,30.252489700000012,6824832.3100000005
18580.0,68.8452793,30.65272250000001,6824954.94
18600.0,67.57240329999999,31.000420300000002,6825084.13
18620.0,66.2985205,31.304024099999992,6825219.74
18640.0,65.0237896,31.570269199999984,6825361.640000001
18660.0,63.748339099999995,31.804593899999986,6825509.67
18680.0,62.472273699999995,32.01143680000001,6825663.67
18700.0,61.195679899999995,32.19445590000001,6825823.48
18720.0,59.9186299,32.35669279999999,6825988.94
18740.0,58.6411843,32.500697,6826159.86
18760.0,57.363394199999995,32.62862179999999,6826336.07
18780.0,56.085303499999995,32.742298300000016,6826517.37
18800.0,54.8069498,32.8432933,6826703.59
18820.0,53.528365699999995,32.932955899999996,6826894.5200000005
18840.0,52.2495793,33.0124538,6827089.96
18860.0,50.9706155,33.08280300000001,6827289.7
18880.0,49.691496199999996,33.14489179999998,6827493.55
18900.0,48.412240399999995,33.19950059999999,6827701.29
18920.0,47.1328655,33.247317399999986,6827912.69
18940.0,45.853386699999994,33.2889519,6828127.5600000005
18960.0,44.5738178,33.32494600000001,6828345.66
18980.0,43.2941712,33.35578319999999,6828566.78
19000.0,42.0144579,33.3818967,6828790.7
19020.0,40.734688299999995,33.4036754,6829017.18
19040.0,39.4548716,33.42147019999999,6829246.0
19060.0,38.1750165,33.435598,6829476.92
19080.0,36.8951309,33.446346500000004,6829709.72
19100.0,35.6152221,33.4539772,6829944.2
19120.0,34.3352968,33.4587286,6830180.140000001
19140.0,33.055361,33.46081889999999,6830417.34
19160.0,31.775420599999997,33.4604482,6830655.57
19180.0,30.4954808,33.457800399999996,6830894.63
19200.0,29.2155468,33.45304519999999,6831134.29
19220.0,27.935623099999997,33.4463394,6831374.34
19240.0,26.6557143,33.43782830000001,6831614.57
19260.0,25.375824599999998,33.427647199999996,6831854.78
19280.0,24.0959579,33.41592180000001,6832094.75
19300.0,22.816118,33.402770000000004,6832334.28
19320.0,21.536308599999998,33.38830189999999,6832573.18
19340.0,20.256532999999997,33.3726211,6832811.25
19360.0,18.9767945,33.355825400000015,6833048.3
19380.0,17.6970963,33.338007000000005,6833284.140000001
19400.0,16.4174413,33.319253300000014,6833518.600000001
19420.0,15.1378325,33.29964749999999,6833751.49
19440.0,13.8582725,33.279268900000005,6833982.65
19460.0,12.578764099999999,33.25819339999998,6834211.91
19480.0,11.2993098,33.236493800000005,6834439.100000001
19500.0,10.019912099999999,33.214240399999994,6834664.09
19520.0,8.740573399999999,33.1915008,6834886.71
19540.0,7.461296,33.168341,6835106.82
19560.0,6.1820821,33.14482479999998,6835324.28
19580.0,4.9029339,33.121015,6835538.98
19600.0,3.6238534999999996,33.09697270000001,6835750.76
19620.0,2.3448428999999997,33.072758599999986,6835959.53
19640.0,1.0659041,33.04843220000001,6836165.16
19660.0,-0.21296089999999998,33.024052900000015,6836367.53
19680.0,-1.4917502,32.9996797,6836566.57
19700.0,-2.7704619,32.975371800000005,6836762.15
19720.0,-4.0490943,32.95118830000001,6836954.21
19740.0,-5.3276454,32.92718919999999,6837142.66
19760.0,-6.606113499999999,32.903435,6837327.43
19780.0,-7.884496899999999,32.87998729999998,6837508.44
19800.0,-9.1627938,32.85690890000001,6837685.640000001
19820.0,-10.4410025,32.834263899999996,6837858.96
19840.0,-11.7191213,32.81211859999999,6838028.37
19860.0,-12.9971483,32.79054099999999,6838193.8100000005
19880.0,-14.2750819,32.76960170000001,6838355.26
19900.0,-15.5529204,32.74937410000001,6838512.68
19920.0,-16.8306619,32.72993439999999,6838666.04
19940.0,-18.1083046,32.711362699999995,6838815.33
19960.0,-19.3858467,32.6937427,6838960.5200000005
19980.0,-20.6632863,32.6771626,6839101.61
20000.0,-21.940621399999998,32.661715500000014,6839238.600000001
20020.0,-23.217849899999997,32.647499900000014,6839371.48
20040.0,-24.4949697,32.63462049999998,6839500.26
20060.0,-25.771978599999997,32.623188700000014,6839624.94
20080.0,-27.0488741,32.61332329999999,6839745.5600000005
20100.0,-28.3256537,32.60515179999999,6839862.13
20120.0,-29.602314699999997,32.59881060000001,6839974.67
20140.0,-30.8788542,32.594447,6840083.22
20160.0,-32.1552691,32.59221969999999,6840187.83
20180.0,-33.4315561,32.5923004,6840288.54
20200.0,-34.707711499999995,32.5948755,6840385.390000001
20220.0,-35.9837315,32.60014770000001,6840478.44
20240.0,-37.2596117,32.608338,6840567.74
20260.0,-38.5353475,32.61968809999999,6840653.350000001
20280.0,-39.8109335,32.63446329999999,6840735.34
20300.0,-41.0863641,32.65295499999999,6840813.75
20320.0,-42.3616327,32.675484900000015,6840888.67
20340.0,-43.6367323,32.702408899999995,6840960.140000001
20360.0,-44.9116548,32.73412189999999,6841028.25
20380.0,-46.186391199999996,32.77106359999999,6841093.07
20400.0,-47.4609314,32.81372519999999,6841154.65
20420.0,-48.7352637,32.862657299999995,6841213.09
20440.0,-50.0093751,32.91847949999999,6841268.45
20460.0,-51.2832509,32.981891700000006,6841320.8100000005
20480.0,-52.5568739,33.05368759999999,6841370.26
20500.0,-53.8302246,33.134771400000005,6841416.87
20520.0,-55.1032805,33.2261776,6841460.73
20540.0,-56.376015499999994,33.3290959,6841501.91
20560.0,-57.6483992,33.44490109999998,6841540.49
20580.0,-58.9203962,33.5751913,6841576.57
20600.0,-60.1919646,33.721834900000005,6841610.2
20620.0,-61.463055,33.887030400000015,6841641.48
20640.0,-62.733608499999995,34.0733826,6841670.48
20660.0,-64.00355429999999,34.28400160000001,6841697.2700000005
20680.0,-65.272807,34.5226304,6841721.93
20700.0,-66.5412624,34.7938149,6841744.53
20720.0,-67.8087919,35.10313020000001,6841765.13
20740.0,-69.0752358,35.45748800000001,6841783.8
20760.0,-70.3403927,35.86556089999999,6841800.59
20780.0,-71.6040055,36.3383767,6841815.5600000005
20800.0,-72.8657413,36.890170299999994,6841828.76
20820.0,-74.12516099999999,37.539628100000016,6841840.24
20840.0,-75.3816749,38.31175489999998,6841850.0600000005
20860.0,-76.63447219999999,39.2407499,6841858.26
20880.0,-77.882409,40.37457939999999,6841864.890000001
20900.0,-79.1238211,41.78250990000001,6841870.0
20920.0,-80.3561976,43.56802210000001,6841873.62
20940.0,-81.5755813,45.89196899999999,6841875.79
20960.0,-82.7753996,49.016153799999984,6841876.55
20980.0,-83.9440216,53.389253499999995,6841875.93
21000.0,-85.05927,59.82073889999998,6841873.94
21020.0,-86.07538579999999,69.80971249999999,6841870.63
21040.0,-86.89352629999999,85.8643619,6841866.01
21060.0,-87.3253907,109.8406132,6841860.09
21080.0,-87.1870545,136.51312429999996,6841852.91
21100.0,-86.5463668,156.839206,6841844.45
21120.0,-85.6184095,169.7003469,6841834.73
21140.0,-84.5479373,177.7820696,6841823.73
21160.0,-83.40396899999999,-176.88104489999998,6841811.46
21180.0,-82.2188461,-173.16355,6841797.91
21200.0,-81.0088203,-170.4542481,6841783.07
21220.0,-79.78272799999999,-168.4064472,6841766.91
21240.0,-78.5457198,-166.8128159,6841749.43
21260.0,-77.3009776,-165.5431032,6841730.58
21280.0,-76.05056379999999,-164.5118856,6841710.36
21300.0,-74.7958699,-163.6610325,6841688.72
21320.0,-73.5378667,-162.9497154,6841665.62
21340.0,-72.27725079999999,-162.3484676,6841641.04
21360.0,-71.014535,-161.8355154,6841614.91
21380.0,-69.7501041,-161.3944358,6841587.19
21400.0,-68.48425259999999,-161.01261649999998,6841557.83
21420.0,-67.2172095,-160.68021579999998,6841526.76
21440.0,-65.9491554,-160.3894445,6841493.91
21460.0,-64.6802344,-160.1340586,6841459.22
21480.0,-63.410562999999996,-159.90899579999999,6841422.63
21500.0,-62.1402363,-159.7101087,6841384.05
21520.0,-60.869332299999996,-159.5339679,6841343.42
21540.0,-59.5979162,-159.3777129,6841300.67
21560.0,-58.326042099999995,-159.2389389,6841255.72
21580.0,-57.0537559,-159.1156098,6841208.5
21600.0,-55.7810962,-159.0059899,6841158.94
21620.0,-54.5080962,-158.9085905,6841106.95
21640.0,-53.2347842,-158.8221273,6841052.47
21660.0,-51.961184599999996,-158.7454865,6840995.42
21680.0,-50.687318499999996,-158.6776969,6840935.71
21700.0,-49.413204199999996,-158.6179084,6840873.29
21720.0,-48.138857699999996,-158.56537269999998,6840808.0600000005
21740.0,-46.8642932,-158.519429,6840739.96
21760.0,-45.589523,-158.4794911,6840668.9
21780.0,-44.3145579,-158.4450373,6840594.82
21800.0,-43.0394077,-158.4156013,6840517.640000001
21820.0,-41.764081,-158.39076509999998,6840437.3
21840.0,-40.4885855,-158.3701527,6840353.71
21860.0,-39.2129281,-158.3534248,6840266.83
21880.0,-37.937115,-158.3402743,6840176.58
21900.0,-36.6611518,-158.33042229999998,6840082.9
21920.0,-35.385043599999996,-158.32361509999998,6839985.74
21940.0,-34.1087951,-158.3196209,6839885.04
21960.0,-32.8324105,-158.3182275,6839780.76
21980.0,-31.5558935,-158.3192401,6839672.86
22000.0,-30.279247899999998,-158.3224794,6839561.28
22020.0,-29.002476899999998,-158.3277799,6839445.99
22040.0,-27.7255836,-158.33498849999998,6839326.96
22060.0,-26.4485708,-158.343963,6839204.15
22080.0,-25.171441299999998,-158.3545714,6839077.55
22100.0,-23.8941975,-158.3666903,6838947.12
22120.0,-22.6168418,-158.3802044,6838812.850000001
22140.0,-21.3393767,-158.3950054,6838674.73
22160.0,-20.061804199999997,-158.4109918,6838532.75
22180.0,-18.7841265,-158.4280675,6838386.9
22200.0,-17.5063457,-158.4461418,6838237.2
22220.0,-16.2284638,-158.4651285,6838083.65
22240.0,-14.950482699999998,-158.4849457,6837926.28
22260.0,-13.6724043,-158.5055151,6837765.09
22280.0,-12.394230499999999,-158.5267619,6837600.13
22300.0,-11.115963299999999,-158.54861409999998,6837431.42
22320.0,-9.8376044,-158.5710021,6837259.0
22340.0,-8.5591557,-158.5938588,6837082.92
22360.0,-7.280619,-158.617119,6836903.22
22380.0,-6.0019963,-158.64071909999998,6836719.98
22400.0,-4.723289299999999,-158.6645969,6836533.24
22420.0,-3.4445001,-158.6886913,6836343.08
22440.0,-2.1656304,-158.712942,6836149.57
22460.0,-0.8866822999999999,-158.7372895,6835952.8
22480.0,0.3923422,-158.7616746,6835752.86
22500.0,1.6714411999999998,-158.78603809999998,6835549.83
22520.0,2.9506125,-158.810321,6835343.83
22540.0,4.229854,-158.8344637,6835134.97
22560.0,5.5091636,-158.85840629999998,6834923.36
22580.0,6.7885390999999995,-158.8820879,6834709.12
22600.0,8.0679781,-158.90544649999998,6834492.4
22620.0,9.3474784,-158.928419,6834273.32
22640.0,10.6270376,-158.9509406,6834052.04
22660.0,11.9066532,-158.97294449999998,6833828.7
22680.0,13.1863228,-158.9943619,6833603.45
22700.0,14.4660437,-159.0151213,6833376.47
22720.0,15.7458133,-159.03514869999998,6833147.91
22740.0,17.0256288,-159.0543664,6832917.94
22760.0,18.3054873,-159.0726934,6832686.73
22780.0,19.585385799999997,-159.0900447,6832454.45
22800.0,20.8653212,-159.1063304,6832221.28
22820.0,22.1452901,-159.1214558,6831987.42
22840.0,23.425289,-159.1353207,6831753.03
22860.0,24.7053144,-159.1478182,6831518.34
22880.0,25.985362499999997,-159.1588347,6831283.53
22900.0,27.265429299999997,-159.1682487,6831048.82
22920.0,28.5455105,-159.17593,6830814.41
22940.0,29.8256019,-159.1817388,6830580.53
22960.0,31.105698699999998,-159.1855243,6830347.38
22980.0,32.385796,-159.1871238,6830115.18
23000.0,33.6658887,-159.1863611,6829884.140000001
23020.0,34.945971,-159.18304469999998,6829654.5
23040.0,36.2260371,-159.1769663,6829426.46
23060.0,37.506080499999996,-159.1678983,6829200.24
23080.0,38.7860942,-159.1555917,6828976.05
23100.0,40.0660707,-159.13977309999999,6828754.12
23120.0,41.3460019,-159.1201413,6828534.66
23140.0,42.6258789,-159.0963639,6828317.88
23160.0,43.905691999999995,-159.0680727,6828103.99
23180.0,45.1854304,-159.03485849999998,6827893.21
23200.0,46.4650824,-158.99626519999998,6827685.73
23220.0,47.744634999999995,-158.95178239999998,6827481.7700000005
23240.0,49.0240736,-158.9008375,6827281.53
23260.0,50.303382,-158.8427849,6827085.2
23280.0,51.5825421,-158.77689429999998,6826893.0
23300.0,52.8615333,-158.7023362,6826705.12
23320.0,54.1403323,-158.6181642,6826521.75
23340.0,55.418912799999994,-158.52329319999998,6826343.08
23360.0,56.6972445,-158.4164731,6826169.32
23380.0,57.9752924,-158.2962561,6826000.63
23400.0,59.253015999999995,-158.16095579999998,6825837.21
23420.0,60.5303682,-158.00859549999998,6825679.23
23440.0,61.8072934,-157.8368432,6825526.88
23460.0,63.083725799999996,-157.6429283,6825380.3100000005
23480.0,64.3595867,-157.4235325,6825239.7
23500.0,65.6347816,-157.1746487,6825105.2
23520.0,66.909195,-156.8913925,6824976.97
23540.0,68.18268499999999,-156.5677494,6824855.16
23560.0,69.4550752,-156.1962289,6824739.91
23580.0,70.72614279999999,-155.7673857,6824631.36
23600.0,71.9956028,-155.2691414,6824529.63
23620.0,73.2630847,-154.6858071,6824434.84
23640.0,74.5280974,-153.99663909999998,6824347.12
23660.0,75.7899769,-153.1736525,6824266.55
23680.0,77.0478025,-152.1782116,6824193.23
23700.0,78.3002618,-150.9555341,6824127.25
23720.0,79.5454213,-149.4255009,6824068.68
23740.0,80.7803181,-147.4666211,6824017.58
23760.0,82.0001936,-144.8867208,6823974.0200000005
23780.0,83.1969575,-141.3666595,6823938.04
23800.0,84.35588469999999,-136.3474556,6823909.69
23820.0,85.4479789,-128.802266,6823888.98
23840.0,86.4116871,-116.84489549999999,6823875.95
23860.0,87.1153277,-97.72148299999999,6823870.61
23880.0,87.34351079999999,-71.4297852,6823872.96
23900.0,86.9862345,-46.3478092,6823883.01
23920.0,86.2054173,-29.10550459999999,6823900.74
23940.0,85.2036337,-18.396399799999983,6823926.13
23960.0,84.0922464,-11.564796099999995,6823959.16
23980.0,82.9227074,-6.961624900000004,6823999.79
24000.0,81.7196246,-3.697517199999993,6824047.98
24020.0,80.49573199999999,-1.2838216000000102,6824103.66
24040.0,79.2581445,0.5619407000000081,6824166.78
24060.0,78.0111068,2.0118870000000015,6824237.2700000005
24080.0,76.7572928,3.175960900000007,6824315.05
24100.0,75.4984644,4.127313100000009,6824400.03
24120.0,74.2358275,4.916342500000013,6824492.12
24140.0,72.97023349999999,5.578826399999997,6824591.22
24160.0,71.7023007,6.140825500000005,6824697.21
24180.0,70.4324883,6.621752399999991,6824810.0
24200.0,69.1611446,7.036352700000009,6824929.45
24220.0,67.8885384,7.396021399999995,6825055.44
24240.0,66.6148803,7.709699900000004,6825187.850000001
24260.0,65.3403381,7.984500099999991,6825326.53
24280.0,64.06504679999999,8.2261484,6825471.34
24300.0,62.7891164,8.439306299999998,6825622.13
24320.0,61.5126375,8.627806700000008,6825778.72
24340.0,60.2356853,8.794829700000008,6825940.97
24360.0,58.958323099999994,8.9430361,6826108.69
24380.0,57.6806041,9.074668800000012,6826281.71
24400.0,56.4025739,9.191632099999993,6826459.86
24420.0,55.1242715,9.2955532,6826642.94
24440.0,53.8457303,9.387830699999995,6826830.7700000005
24460.0,52.5669798,9.469674099999992,6827023.140000001
24480.0,51.288045399999994,9.542134000000004,6827219.86
24500.0,50.008949699999995,9.606128100000006,6827420.7
24520.0,48.7297124,9.6624616,6827625.47
24540.0,47.4503513,9.711843899999991,6827833.95
24560.0,46.1708821,9.754902600000008,6828045.92
24580.0,44.891318899999995,9.792195200000009,6828261.17
24600.0,43.6116745,9.824218699999989,6828479.48
24620.0,42.3319604,9.851417800000007,6828700.65
24640.0,41.052186999999996,9.874191700000011,6828924.44
24660.0,39.7723638,9.892899900000003,6829150.640000001
24680.0,38.492499599999995,9.907867199999998,6829379.03
24700.0,37.2126023,9.919387999999998,6829609.4
24720.0,35.9326793,9.927729699999986,6829841.5200000005
24740.0,34.6527375,9.933136300000001,6830075.19
24760.0,33.3727831,9.935830600000003,6830310.18
24780.0,32.092822,9.936016800000004,6830546.29
24800.0,30.812859699999997,9.933882799999992,6830783.3100000005
24820.0,29.5329011,9.929601399999996,6831021.01
24840.0,28.252951099999997,9.923332600000009,6831259.19
24860.0,26.9730143,9.9152244,6831497.640000001
24880.0,25.6930947,9.90541429999999,6831736.13
24900.0,24.413196499999998,9.894030200000003,6831974.46
24920.0,23.1333236,9.881191900000005,6832212.43
24940.0,21.8534796,9.867011300000001,6832449.84
24960.0,20.5736679,9.851593500000007,6832686.48
24980.0,19.293892,9.835037499999999,6832922.18
25000.0,18.014155,9.817437000000012,6833156.75
25020.0,16.7344598,9.798880400000002,6833390.0
25040.0,15.454809399999998,9.779451899999998,6833621.76
25060.0,14.1752066,9.759231599999993,6833851.86
25080.0,12.895653999999999,9.738296300000002,6834080.13
25100.0,11.616154199999999,9.716719399999988,6834306.4
25120.0,10.3367097,9.694571599999989,6834530.5200000005
25140.0,9.0573228,9.671921400000002,6834752.32
25160.0,7.777996,9.648834899999997,6834971.65
25180.0,6.498731599999999,9.625376499999987,6835188.390000001
25200.0,5.2195317,9.601609200000013,6835402.38
25220.0,3.9403986,9.577594500000004,6835613.51
25240.0,2.6613343,9.553393,6835821.66
25260.0,1.3823409,9.529064599999998,6836026.71
25280.0,0.1034204,9.504668699999996,6836228.55
25300.0,-1.1754254,9.480264299999988,6836427.100000001
25320.0,-2.4541944,9.455910499999987,6836622.26
25340.0,-3.732885,9.431666500000006,6836813.93
25360.0,-5.0114952,9.407591999999994,6837002.04
25380.0,-6.2900233,9.383747499999998,6837186.5200000005
25400.0,-7.5684675,9.360194199999995,6837367.29
25420.0,-8.8468261,9.336994599999997,6837544.28
25440.0,-10.1250974,9.31421259999999,6837717.44
25460.0,-11.4032795,9.291913899999997,6837886.71
25480.0,-12.681370699999999,9.270165999999989,6838052.04
25500.0,-13.9593692,9.24903900000001,6838213.4
25520.0,-15.2372733,9.228605299999998,6838370.74
25540.0,-16.5150811,9.2089407,6838524.0600000005
25560.0,-17.792790699999998,9.190124099999991,6838673.3100000005
25580.0,-19.0704004,9.17223820000001,6838818.5
25600.0,-20.347908099999998,9.155370199999993,6838959.61
25620.0,-21.625311999999997,9.139611800000011,6839096.640000001
25640.0,-22.9026098,9.125060200000007,6839229.58
25660.0,-24.179799499999998,9.111818400000004,6839358.46
25680.0,-25.4568789,9.099996000000004,6839483.28
25700.0,-26.7338454,9.089709999999997,6839604.07
25720.0,-28.0106967,9.081085599999994,6839720.84
25740.0,-29.287430099999998,9.074256999999989,6839833.640000001
25760.0,-30.564042699999998,9.069368400000002,6839942.5
25780.0,-31.8405314,9.06657580000001,6840047.46
25800.0,-33.1168931,9.066047300000008,6840148.5600000005
25820.0,-34.3931241,9.067965500000014,6840245.86
25840.0,-35.669220599999996,9.072528900000009,6840339.41
25860.0,-36.945178399999996,9.079953499999988,6840429.26
25880.0,-38.2209928,9.090475900000001,6840515.48
25900.0,-39.4966588,9.104354999999998,6840598.12
25920.0,-40.7721708,9.121875399999993,6840677.24
25940.0,-42.0475225,9.143350999999996,6840752.92
25960.0,-43.3227069,9.169128599999993,6840825.22
25980.0,-44.5977162,9.199592999999993,6840894.22
26000.0,-45.8725416,9.2351721,6840959.97
26020.0,-47.1471733,9.276343499999996,6841022.5600000005
26040.0,-48.4216001,9.323642400000011,6841082.07
26060.0,-49.695809399999995,9.3776704,6841138.5600000005
26080.0,-50.969786799999994,9.439106100000004,6841192.11
26100.0,-52.2435158,9.508718600000009,6841242.8
26120.0,-53.516977499999996,9.587383100000011,6841290.71
26140.0,-54.7901502,9.676099599999986,6841335.92
26160.0,-56.0630087,9.776016900000002,6841378.5
26180.0,-57.335523699999996,9.88846079999999,6841418.53
26200.0,-58.607661199999995,10.014970299999987,6841456.11
26220.0,-59.879380899999994,10.157341800000012,6841491.3
26240.0,-61.150635599999994,10.317685799999992,6841524.18
26260.0,-62.421368699999995,10.498498799999993,6841554.82
26280.0,-63.6915128,10.702755300000007,6841583.3
26300.0,-64.9609864,10.934028100000006,6841609.68
26320.0,-66.2296902,11.196646499999986,6841634.03
26340.0,-67.4975023,11.49590649999999,6841656.43
26360.0,-68.7642716,11.838356199999993,6841676.93
26380.0,-70.029808,12.232186299999995,6841695.600000001
26400.0,-71.29387,12.6877772,6841712.48
26420.0,-72.5561456,13.218475899999987,6841727.640000001
26440.0,-73.8162256,13.841728499999988,6841741.12
26460.0,-75.07356279999999,14.580764999999985,6841752.97
26480.0,-76.32740919999999,15.4671788,6841763.24
26500.0,-77.576717,16.5449945,6841771.98
26520.0,-78.8199739,17.87730780000001,6841779.24
26540.0,-80.0549193,19.557554400000015,6841785.05
26560.0,-81.2780317,21.729488500000002,6841789.46
26580.0,-82.4835416,24.62433139999999,6841792.49
26600.0,-83.6614075,28.6332496,6841794.17
26620.0,-84.7928457,34.4537431,6841794.53
26640.0,-85.8398112,43.37648869999998,6841793.59
26660.0,-86.72038959999999,57.6724002,6841791.38
26680.0,-87.26861919999999,79.80266489999997,6841787.890000001
26700.0,-87.2758585,106.78899619999999,6841783.15
26720.0,-86.73850159999999,129.1117087,6841777.17
26740.0,-85.86360719999999,143.57404759999997,6841769.94
26760.0,-84.8194479,152.59578290000002,6841761.46
26780.0,-83.6894872,158.4730603,6841751.74
26800.0,-82.512464,162.51600310000003,6841740.76
26820.0,-81.3074682,165.4323895,6841728.51
26840.0,-80.0846858,167.61867059999997,6841714.97
26860.0,-78.8499599,169.3088914,6841700.13
26880.0,-77.60685219999999,170.64839289999998,6841683.95
26900.0,-76.3576464,171.7315476,6841666.41
26920.0,-75.103869,172.6220292,6841647.47
26940.0,-73.8465768,173.3642327,6841627.09
26960.0,-72.58652339999999,173.98999730000003,6841605.23
26980.0,-71.3242601,174.5227208,6841581.850000001
27000.0,-70.0601988,174.9799668,6841556.890000001
27020.0,-68.7946534,175.37516700000003,6841530.3100000005
27040.0,-67.527867,175.7187631,6841502.04
27060.0,-66.2600307,176.0189919,6841472.0200000005
27080.0,-64.9912964,176.28243609999998,6841440.2
27100.0,-63.7217869,176.5144188,6841406.5
27120.0,-62.4516017,176.71928960000002,6841370.850000001
27140.0,-61.180822799999994,176.9006379,6841333.2
27160.0,-59.9095182,177.06145119999996,6841293.46
27180.0,-58.637744399999995,177.20423619999997,6841251.57
27200.0,-57.365548999999994,177.3311119,6841207.45
27220.0,-56.0929724,177.44388170000002,6841161.04
27240.0,-54.820048799999995,177.54409020000003,6841112.24
27260.0,-53.5468075,177.63306790000001,6841060.99
27280.0,-52.2732739,177.7119674,6841007.2
27300.0,-50.9994697,177.78179219999998,6840950.78
27320.0,-49.7254139,177.8434201,6840891.65
27340.0,-48.451122999999995,177.8976227,6840829.74
27360.0,-47.1766116,177.9450807,6840764.96
27380.0,-45.9018923,177.98639749999995,6840697.22
27400.0,-44.626976299999995,178.02210960000002,6840626.45
27420.0,-43.3518737,178.0526961,6840552.58
27440.0,-42.0765933,178.07858599999997,6840475.51
27460.0,-40.801142999999996,178.100165,6840395.2
27480.0,-39.5255298,178.11778099999998,6840311.55
27500.0,-38.2497602,178.13174830000003,6840224.5200000005
27520.0,-36.9738397,178.1423524,6840134.03
27540.0,-35.6977736,178.14985260000003,6840040.0200000005
27560.0,-34.4215666,178.15448600000002,6839942.43
27580.0,-33.1452229,178.1564692,6839841.2
27600.0,-31.8687465,178.156001,6839736.28
27620.0,-30.592140999999998,178.15326419999997,6839627.62
27640.0,-29.3154099,178.14842769999996,6839515.17
27660.0,-28.038556099999997,178.1416473,6839398.9
27680.0,-26.761582699999998,178.13306769999997,6839278.78
27700.0,-25.4844923,178.1228233,6839154.7700000005
27720.0,-24.207287599999997,178.11103960000003,6839026.850000001
27740.0,-22.9299709,178.09783370000002,6838895.01
27760.0,-21.652544499999998,178.08331529999998,6838759.23
27780.0,-20.3750108,178.06758760000002,6838619.49
27800.0,-19.097371799999998,178.05074790000003,6838475.8
27820.0,-17.8196297,178.0328882,6838328.15
27840.0,-16.5417864,178.0140955,6838176.5600000005
27860.0,-15.2638441,177.9944527,6838021.03
27880.0,-13.9858046,177.974039,6837861.600000001
27900.0,-12.707669899999999,177.95292989999996,6837698.3
27920.0,-11.429441899999999,177.9311983,6837531.16
27940.0,-10.151122599999999,177.90891390000002,6837360.24
27960.0,-8.872713599999999,177.8861447,6837185.59
27980.0,-7.594216899999999,177.86295610000002,6837007.2700000005
28000.0,-6.3156343,177.8394121,6836825.34
28020.0,-5.036967499999999,177.81557529999998,6836639.87
28040.0,-3.7582185,177.7915069,6836450.94
28060.0,-2.4793890999999997,177.76726739999998,6836258.63
28080.0,-1.2004812,177.7429163,6836063.0200000005
28100.0,0.0785033,177.7185131,6835864.19
28120.0,1.3575622999999999,177.6941167,6835662.26
28140.0,2.636694,177.6697863,6835457.32
28160.0,3.9158961,177.64558119999998,6835249.47
28180.0,5.1951667,177.6215613,6835038.850000001
28200.0,6.4745034,177.5977871,6834825.5600000005
28220.0,7.7539042,177.57432029999995,6834609.73
28240.0,9.0333667,177.5512238,6834391.51
28260.0,10.3128885,177.5285619,6834171.03
28280.0,11.5924673,177.50640090000002,6833948.43
28300.0,12.8721006,177.48480899999998,6833723.86
28320.0,14.1517856,177.46385699999996,6833497.49
28340.0,15.4315199,177.44361830000003,6833269.49
28360.0,16.711300599999998,177.42416960000003,6833040.0
28380.0,17.991124799999998,177.40559099999996,6832809.22
28400.0,19.2709895,177.38796660000003,6832577.3100000005
28420.0,20.550891699999998,177.37138489999995,6832344.47
28440.0,21.830828099999998,177.35593919999997,6832110.88
28460.0,23.1107953,177.3417286,6831876.72
28480.0,24.390789899999998,177.3288581,6831642.21
28500.0,25.6708079,177.31743949999998,6831407.53
28520.0,26.9508458,177.30759239999998,6831172.9
28540.0,28.2308992,177.2994445,6830938.51
28560.0,29.5109639,177.2931334,6830704.57
28580.0,30.7910354,177.28880679999997,6830471.3
28600.0,32.071108699999996,177.28662429999997,6830238.890000001
28620.0,33.3511787,177.28675869999995,6830007.58
28640.0,34.6312399,177.28939730000002,6829777.57
28660.0,35.9112863,177.2947441,6829549.07
28680.0,37.1913117,177.3030217,6829322.3100000005
28700.0,38.4713092,177.3144734,6829097.51
28720.0,39.7512715,177.3293663,6828874.88
28740.0,41.0311905,177.34799429999998,6828654.640000001
28760.0,42.3110576,177.3706816,6828437.01
28780.0,43.590863299999995,177.397787,6828222.2
28800.0,44.8705971,177.42970909999997,6828010.42
28820.0,46.1502476,177.4668916,6827801.88
28840.0,47.429801999999995,177.5098306,6827596.8
28860.0,48.7092463,177.55908239999997,6827395.37
28880.0,49.988564499999995,177.6152733,6827197.8
28900.0,51.2677392,177.67911119999997,6827004.3
28920.0,52.5467504,177.7513993,6826815.08
28940.0,53.8255756,177.8330532,6826630.32
28960.0,55.104189399999996,177.92512119999998,6826450.22
28980.0,56.3825623,178.02880949999997,6826274.97
29000.0,57.660660799999995,178.14551319999998,6826104.7700000005
29020.0,58.938446,178.27685510000003,6825939.79
29040.0,60.215872399999995,178.42473429999995,6825780.22
29060.0,61.492886799999994,178.59138729999995,6825626.23
29080.0,62.7694262,178.7794669,6825477.98
29100.0,64.0454156,178.99214340000003,6825335.640000001
29120.0,65.3207645,179.23323749999997,6825199.350000001
29140.0,66.5953633,179.50739520000002,6825069.28
29160.0,67.8690775,179.8203226,6824945.5600000005
29180.0,69.14174,-179.82089449999998,6824828.34
29200.0,70.4131409,-179.4073493,6824717.75
29220.0,71.68301269999999,-178.9276932,6824613.91
29240.0,72.9510087,-178.3672442,6824516.95
29260.0,74.216672,-177.70667899999998,6824426.97
29280.0,75.4793878,-176.9200646,6824344.07
29300.0,76.7383093,-175.9718116,6824268.36
29320.0,77.9922381,-174.8118064,6824199.92
29340.0,79.23942389999999,-173.3673471,6824138.83
29360.0,80.4772122,-171.52922479999998,6824085.15
29380.0,81.70139189999999,-169.12658199999998,6824038.96
29400.0,82.9049107,-165.87920979999998,6824000.3
29420.0,84.07516,-161.3027481,6823969.22
29440.0,85.1878018,-154.5161249,6823945.75
29460.0,86.19199619999999,-143.8847673,6823929.91
29480.0,86.9776376,-126.7618746,6823921.73
29500.0,87.3431964,-101.7685664,6823921.21
29520.0,87.12377289999999,-75.40651299999999,6823928.36
29540.0,86.4255222,-56.1539578,6823943.16
29560.0,85.4644507,-44.10909179999999,6823965.61
29580.0,84.3736698,-36.51448579999999,6823995.66
29600.0,83.2154592,-31.467016699999988,6824033.3
29620.0,82.0191256,-27.929901,6824078.48
29640.0,80.7995325,-25.339128799999997,6824131.140000001
29660.0,79.564836,-23.372977399999996,6824191.22
29680.0,78.31982889999999,-21.8378807,6824258.67
29700.0,77.06749289999999,-20.611557199999993,6824333.41
29720.0,75.8097724,-19.613416,6824415.350000001
29740.0,74.5479866,-18.788382100000007,6824504.4
29760.0,73.2830602,-18.097630100000003,6824600.46
29780.0,72.0156603,-17.513048999999995,6824703.4
29800.0,70.7462797,-17.013808900000015,6824813.12
29820.0,69.4752905,-16.584159699999987,6824929.49
29840.0,68.2029785,-16.2119797,6825052.390000001
29860.0,66.9295671,-15.887791399999998,6825181.67
29880.0,65.6552334,-15.604080699999997,6825317.2
29900.0,64.3801194,-15.354814900000008,6825458.83
29920.0,63.104341,-15.135096000000004,6825606.41
29940.0,61.8279928,-14.940906100000007,6825759.78
29960.0,60.5511537,-14.768918799999994,6825918.79
29980.0,59.273889399999995,-14.6163564,6826083.2700000005
30000.0,57.9962556,-14.480881899999986,6826253.05
30020.0,56.7182994,-14.360514200000011,6826427.95
30040.0,55.440061299999996,-14.25356339999999,6826607.79
30060.0,54.1615762,-14.158578799999987,6826792.37
30080.0,52.8828743,-14.074307900000008,6826981.51
30100.0,51.603981999999995,-13.999663699999985,6827175.0
30120.0,50.3249225,-13.933697999999993,6827372.66
30140.0,49.045716299999995,-13.875580100000008,6827574.26
30160.0,47.7663814,-13.824578400000007,6827779.61
30180.0,46.4869342,-13.780046499999997,6827988.5
30200.0,45.207389,-13.741410800000011,6828200.72
30220.0,43.9277589,-13.708160099999986,6828416.05
30240.0,42.6480556,-13.679837800000001,6828634.29
30260.0,41.3682898,-13.6560341,6828855.21
30280.0,40.0884712,-13.636380099999997,6829078.600000001
30300.0,38.8086087,-13.620543099999992,6829304.24
30320.0,37.5287104,-13.60822139999999,6829531.92
30340.0,36.2487839,-13.599141500000002,6829761.41
30360.0,34.968835999999996,-13.593053900000001,6829992.5
30380.0,33.6888733,-13.589730900000006,6830224.97
30400.0,32.4089015,-13.58896390000001,6830458.600000001
30420.0,31.1289263,-13.590561199999996,6830693.18
30440.0,29.848952899999997,-13.594346400000006,6830928.49
30460.0,28.568986199999998,-13.600156700000014,6831164.32
30480.0,27.2890308,-13.60784129999999,6831400.47
30500.0,26.0090909,-13.617260200000004,6831636.71
30520.0,24.729170699999997,-13.62828300000001,6831872.850000001
30540.0,23.449274,-13.640788299999997,6832108.68
30560.0,22.1694046,-13.654662400000007,6832344.01
30580.0,20.8895658,-13.669798299999997,6832578.640000001
30600.0,19.6097611,-13.686095800000004,6832812.38
30620.0,18.329993599999998,-13.703460100000001,6833045.04
30640.0,17.050266399999998,-13.72180130000001,6833276.44
30660.0,15.770582399999999,-13.74103439999999,6833506.4
30680.0,14.4909445,-13.761078199999986,6833734.74
30700.0,13.2113552,-13.78185529999999,6833961.3
30720.0,11.931817299999999,-13.803291300000012,6834185.91
30740.0,10.652333299999999,-13.825314899999995,6834408.42
30760.0,9.3729056,-13.847857099999999,6834628.66
30780.0,8.0935367,-13.870851200000004,6834846.49
30800.0,6.8142289,-13.894232399999993,6835061.7700000005
30820.0,5.534984499999999,-13.917937499999994,6835274.38
30840.0,4.2558055,-13.941904599999987,6835484.19
30860.0,2.9766942,-13.966072800000006,6835691.08
30880.0,1.6976524,-13.990382199999999,6835894.93
30900.0,0.41868239999999995,-14.014773300000002,6836095.65
30920.0,-0.8602141,-14.039186999999998,6836293.12
30940.0,-2.1390351,-14.063564299999996,6836487.24
30960.0,-3.4177787,-14.08784589999999,6836677.92
30980.0,-4.6964429,-14.111972400000013,6836865.08
31000.0,-5.975026,-14.1358836,6837048.640000001
31020.0,-7.2535262,-14.159518399999996,6837228.53
31040.0,-8.5319415,-14.182814799999989,6837404.69
31060.0,-9.810270299999999,-14.205709299999995,6837577.07
31080.0,-11.0885108,-14.2281366,6837745.61
31100.0,-12.3666611,-14.250029699999999,6837910.2700000005
31120.0,-13.644719499999999,-14.271319299999988,6838071.0200000005
31140.0,-14.922684299999998,-14.291933499999999,6838227.83
31160.0,-16.200553499999998,-14.311797399999989,6838380.67
31180.0,-17.4783255,-14.330833000000013,6838529.5200000005
31200.0,-18.7559982,-14.348958299999993,6838674.37
31220.0,-20.0335699,-14.366087600000014,6838815.21
31240.0,-21.3110385,-14.38212999999999,6838952.05
31260.0,-22.588402,-14.396989999999988,6839084.87
31280.0,-23.8656582,-14.410565899999995,6839213.69
31300.0,-25.142805,-14.422749899999985,6839338.53
31320.0,-26.419839999999997,-14.433426800000007,6839459.41
31340.0,-27.6967608,-14.4424736,6839576.33
31360.0,-28.9735646,-14.449758400000007,6839689.34
31380.0,-30.250248799999998,-14.455139500000001,6839798.47
31400.0,-31.5268104,-14.458464099999986,6839903.75
31420.0,-32.803246,-14.459567099999987,6840005.22
31440.0,-34.0795522,-14.458269599999994,6840102.93
31460.0,-35.355725299999996,-14.454377399999998,6840196.93
31480.0,-36.631761,-14.447678700000012,6840287.26
31500.0,-37.907654799999996,-14.437942399999997,6840373.99
31520.0,-39.1834018,-14.42491530000001,6840457.17
31540.0,-40.458996299999995,-14.408319299999988,6840536.87
31560.0,-41.7344322,-14.387848099999985,6840613.13
31580.0,-43.0097028,-14.36316339999999,6840686.05
31600.0,-44.284800399999995,-14.333890199999985,6840755.67
31620.0,-45.5597165,-14.299611700000014,6840822.08
31640.0,-46.834441299999995,-14.259862900000002,6840885.34
31660.0,-48.108964199999996,-14.214123699999988,6840945.54
31680.0,-49.383272899999994,-14.161809699999992,6841002.75
31700.0,-50.657353199999996,-14.102262200000013,6841057.04
31720.0,-51.9311894,-14.034735399999988,6841108.5
31740.0,-53.204763199999995,-13.958382099999994,6841157.21
31760.0,-54.478053499999994,-13.87223449999999,6841203.24
31780.0,-55.7510361,-13.77518280000001,6841246.68
31800.0,-57.023682799999996,-13.66594760000001,6841287.600000001
31820.0,-58.295960699999995,-13.543046000000004,6841326.09
31840.0,-59.5678311,-13.404749199999998,6841362.22
31860.0,-60.8392487,-13.249029699999994,6841396.07
31880.0,-62.1101593,-13.073493200000001,6841427.72
31900.0,-63.3804984,-12.87529219999999,6841457.25
31920.0,-64.6501881,-12.6510131,6841484.74
31940.0,-65.9191341,-12.396528999999987,6841510.24
31960.0,-67.1872204,-12.106803299999996,6841533.850000001
31980.0,-68.45430379999999,-11.7756258,6841555.61
32000.0,-69.72020479999999,-11.395251000000002,6841575.58
32020.0,-70.9846958,-10.955895400000003,6841593.84
32040.0,-72.24748439999999,-10.44502589999999,6841610.42
32060.0,-73.5081881,-9.846329099999991,6841625.37
32080.0,-74.7662983,-9.138185599999986,6841638.76
32100.0,-76.0211236,-8.2913523,6841650.62
32120.0,-77.2717016,-7.265333800000008,6841661.01
32140.0,-78.5166539,-6.002511900000002,6841669.97
32160.0,-79.7539389,-4.418280799999991,6841677.54
32180.0,-80.9804103,-2.383751399999994,6841683.76
32200.0,-82.190981,0.30602989999999863,6841688.66
32220.0,-83.3769362,3.9933896999999945,6841692.28
32240.0,-84.52227409999999,9.281168100000002,6841694.62
32260.0,-85.5952059,17.27889780000001,6841695.72
32280.0,-86.52795449999999,29.997355499999998,6841695.59
32300.0,-87.1779258,50.135497999999984,6841694.23
32320.0,-87.32994409999999,76.7547902,6841691.66
32340.0,-86.9096302,100.90022160000001,6841687.890000001
32360.0,-86.0977333,117.13141910000002,6841682.9
32380.0,-85.0846016,127.22809239999998,6841676.71
32400.0,-83.9708362,133.72035929999998,6841669.3100000005
32420.0,-82.8030009,138.12900000000002,6841660.68
32440.0,-81.6036206,141.27515,6841650.83
32460.0,-80.3844855,143.61340159999997,6841639.72
32480.0,-79.15224719999999,145.40865710000003,6841627.36
32500.0,-77.9109046,146.8234777,6841613.7
32520.0,-76.6629925,147.96233510000002,6841598.73
32540.0,-75.41018919999999,148.89509669999995,6841582.41
32560.0,-74.1536472,149.6701091,6841564.7
32580.0,-72.894183,150.32182,6841545.55
32600.0,-71.6323902,150.87540209999997,6841524.92
32620.0,-70.3687103,151.34965820000002,6841502.75
32640.0,-69.1034782,151.75890549999997,6841478.99
32660.0,-67.8369522,152.11423159999998,6841453.58
32680.0,-66.56933459999999,152.424353,6841426.45
32700.0,-65.3007861,152.69621469999998,6841397.54
32720.0,-64.0314357,152.93541670000002,6841366.79
32740.0,-62.7613881,153.1465245,6841334.11
32760.0,-61.490729099999996,153.33329600000002,6841299.42
32780.0,-60.2195299,153.49885329999995,6841262.67
32800.0,-58.9478496,153.6458106,6841223.76
32820.0,-57.6757378,153.77637419999996,6841182.63
32840.0,-56.4032366,153.89241859999998,6841139.19
32860.0,-55.1303817,153.995547,6841093.37
32880.0,-53.857203399999996,154.08713849999998,6841045.09
32900.0,-52.583728199999996,154.1683862,6840994.28
32920.0,-51.3099785,154.24032750000003,6840940.87
32940.0,-50.0359741,154.3038692,6840884.76
32960.0,-48.761731999999995,154.359807,6840825.9
32980.0,-47.4872672,154.4088425,6840764.21
33000.0,-46.212592799999996,154.4515968,6840699.600000001
33020.0,-44.937720399999996,154.4886219,6840632.0200000005
33040.0,-43.6626601,154.52040999999997,6840561.38
33060.0,-42.3874211,154.5474016,6840487.61
33080.0,-41.1120114,154.56999259999998,6840410.65
33100.0,-39.836438199999996,154.5885394,6840330.42
33120.0,-38.560708,154.60336429999995,6840246.850000001
33140.0,-37.284826699999996,154.6147593,6840159.88
33160.0,-36.008799599999996,154.6229899,6840069.45
33180.0,-34.7326313,154.6282984,6839975.48
33200.0,-33.4563264,154.63090599999998,6839877.93
33220.0,-32.1798888,154.6310158,6839776.74
33240.0,-30.903322199999998,154.62881419999997,6839671.850000001
33260.0,-29.626629899999998,154.62447329999998,6839563.22
33280.0,-28.3498152,154.6181519,6839450.8100000005
33300.0,-27.072881,154.60999730000003,6839334.5600000005
33320.0,-25.7958301,154.6001465,6839214.46
33340.0,-24.518665,154.5887267,6839090.47
33360.0,-23.2413882,154.5758571,6838962.5600000005
33380.0,-21.9640021,154.56164909999995,6838830.72
33400.0,-20.6865088,154.5462076,6838694.93
33420.0,-19.4089106,154.52963109999996,6838555.18
33440.0,-18.1312095,154.51201279999998,6838411.47
33460.0,-16.8534075,154.49344109999998,6838263.8
33480.0,-15.575506599999999,154.47399969999998,6838112.19
33500.0,-14.2975088,154.45376869999996,6837956.640000001
33520.0,-13.0194159,154.43282439999996,6837797.18
33540.0,-11.7412297,154.41124019999995,6837633.83
33560.0,-10.4629522,154.3890867,6837466.63
33580.0,-9.1845853,154.3664321,6837295.61
33600.0,-7.9061308,154.34334239999998,6837120.83
33620.0,-6.627590499999999,154.319882,6836942.34
33640.0,-5.3489664999999995,154.2961136,6836760.21
33660.0,-4.0702604,154.27209879999998,6836574.5
33680.0,-2.7914743,154.2478982,6836385.3100000005
33700.0,-1.5126100999999998,154.2235715,6836192.7
33720.0,-0.23366959999999998,154.19917809999998,6835996.78
33740.0,1.0453451,154.1747772,6835797.63
33760.0,2.324432,154.15042770000002,6835595.37
33780.0,3.6035892,154.1261889,6835390.09
33800.0,4.8828144,154.10212060000003,6835181.93
33820.0,6.1621057,154.07828310000002,6834970.99
33840.0,7.4414606999999995,154.0547378,6834757.4
33860.0,8.7208773,154.0315473,6834541.3
33880.0,10.0003531,154.0087754,6834322.84
33900.0,11.279885799999999,153.9864879,6834102.16
33920.0,12.5594729,153.96475250000003,6833879.41
33940.0,13.8391118,153.9436394,6833654.74
33960.0,15.1188001,153.9232212,6833428.33
33980.0,16.398535,153.90357389999997,6833200.33
34000.0,17.6783137,153.88477639999996,6832970.91
34020.0,18.9581333,153.86691199999996,6832740.25
34040.0,20.237990699999997,153.85006799999996,6832508.53
34060.0,21.517882699999998,153.83433639999998,6832275.93
34080.0,22.797805999999998,153.81981480000002,6832042.65
34100.0,24.0777571,153.80660669999997,6831808.87
34120.0,25.3577324,153.79482210000003,6831574.8100000005
34140.0,26.637728,153.78457849999995,6831340.66
34160.0,27.91774,153.7760017,6831106.63
34180.0,29.197764199999998,153.76922660000002,6830872.93
34200.0,30.4777959,153.76439819999996,6830639.76
34220.0,31.7578306,153.76167329999998,6830407.36
34240.0,33.037863099999996,153.76122120000002,6830175.91
34260.0,34.317887999999996,153.7632254,6829945.65
34280.0,35.5978997,153.76788569999997,6829716.78
34300.0,36.8778918,153.77541989999997,6829489.53
34320.0,38.157857799999995,153.78606579999996,6829264.11
34340.0,39.4377905,153.8000846,6829040.73
34360.0,40.717681999999996,153.817763,6828819.600000001
34380.0,41.9975239,153.8394176,6828600.95
34400.0,43.2773068,153.86539819999996,6828384.98
34420.0,44.557020699999995,153.89609299999995,6828171.91
34440.0,45.8366542,153.93193399999996,6827961.94
34460.0,47.1161951,153.97340380000003,6827755.3
34480.0,48.3956296,154.02104299999996,6827552.17
34500.0,49.6749424,154.0754597,6827352.7700000005
34520.0,50.9541165,154.1373405,6827157.29
34540.0,52.233132399999995,154.20746380000003,6826965.94
34560.0,53.511968499999995,154.28671580000002,6826778.9
34580.0,54.7906,154.37610999999998,6826596.390000001
34600.0,56.068998699999995,154.47681109999996,6826418.58
34620.0,57.347131999999995,154.59016450000001,6826245.68
34640.0,58.624962499999995,154.71773299999995,6826077.88
34660.0,59.902446499999996,154.86134249999998,6825915.34
34680.0,61.1795329,155.0231399,6825758.26
34700.0,62.4561613,155.20566710000003,6825606.8
34720.0,63.732259899999995,155.4119564,6825461.140000001
34740.0,65.00774249999999,155.64565389999996,6825321.44
34760.0,66.2825046,155.9111835,6825187.850000001
34780.0,67.5564186,156.21396479999999,6825060.53
34800.0,68.8293262,156.5607086,6824939.62
34820.0,70.1010294,156.9598244,6824825.25
34840.0,71.3712765,157.42198969999998,6824717.57
34860.0,72.6397427,157.9609643,6824616.69
34880.0,73.9060022,158.59477819999995,6824522.73
34900.0,75.1694844,159.3475067,6824435.78
34920.0,76.4294087,160.25199980000002,6824355.96
34940.0,77.6846778,161.35420569999997,6824283.34
34960.0,78.9337024,162.7202684,6824218.0200000005
34980.0,80.1740957,164.44864869999998,6824160.0600000005
35000.0,81.40211599999999,166.6917664,6824109.53
35020.0,82.6115861,169.6965667,6824066.5
35040.0,83.7916496,173.88430010000002,6824031.0
35060.0,84.9217594,-179.98749959999998,6824003.08
35080.0,85.95977219999999,-170.5109267,6823982.76
35100.0,86.814347,-155.25468909999998,6823970.0600000005
35120.0,87.30493419999999,-131.98490759999999,6823965.01
35140.0,87.2308065,-104.9418805,6823967.600000001
35160.0,86.6290152,-83.6419343,6823977.82
35180.0,85.7164638,-70.0845312,6823995.67
35200.0,84.6498752,-61.61506739999999,6824021.12
35220.0,83.50469729999999,-56.063139699999994,6824054.15
35240.0,82.3159908,-52.220123599999994,6824094.71
35260.0,81.1011858,-49.4333359,6824142.7700000005
35280.0,79.8696707,-47.335279299999996,6824198.26
35300.0,78.62687629999999,-45.70767480000001,6824261.11
35320.0,77.3761373,-44.41419400000001,6824331.26
35340.0,76.1196051,-43.36586679999999,6824408.62
35360.0,74.8587261,-42.502399999999994,6824493.11
35380.0,73.5945064,-41.78159499999998,6824584.62
35400.0,72.3276673,-41.173087699999996,6824683.0600000005
35420.0,71.0587384,-40.6544997,6824788.3100000005
35440.0,69.78811759999999,-40.20898979999998,6824900.25
35460.0,68.5161095,-39.8236503,6825018.75
35480.0,67.2429509,-39.48842640000001,6825143.69
35500.0,65.9688291,-39.19537270000001,6825274.92
35520.0,64.69389389999999,-38.9381291,6825412.3
35540.0,63.4182669,-38.711545099999995,6825555.67
35560.0,62.1420476,-38.5114064,6825704.9
35580.0,60.865318099999996,-38.3342313,6825859.8
35600.0,59.5881474,-38.177118699999994,6826020.22
35620.0,58.3105932,-38.037631799999986,6826185.98
35640.0,57.0327047,-37.913708799999995,6826356.9
35660.0,55.754523999999996,-37.8035936,6826532.8
35680.0,54.476087,-37.70578069999999,6826713.49
35700.0,53.1974253,-37.618972499999984,6826898.78
35720.0,51.918566,-37.54204390000001,6827088.48
35740.0,50.639533199999995,-37.47401479999999,6827282.390000001
35760.0,49.3603478,-37.41402740000001,6827480.3
35780.0,48.081028599999996,-37.36132709999998,6827682.0200000005
35800.0,46.801592199999995,-37.315248,6827887.34
35820.0,45.5220535,-37.27519939999999,6828096.05
35840.0,44.2424258,-37.24065569999999,6828307.94
35860.0,42.962721099999996,-37.2111477,6828522.79
35880.0,41.6829505,-37.18625449999999,6828740.38
35900.0,40.403123799999996,-37.165597899999995,6828960.5200000005
35920.0,39.1232502,-37.14883659999998,6829182.96
35940.0,37.843337999999996,-37.1356619,6829407.51
35960.0,36.563394699999996,-37.125793499999986,6829633.94
35980.0,35.283427599999996,-37.1189765,6829862.03
36000.0,34.0034432,-37.11497800000001,6830091.5600000005
36020.0,32.7234475,-37.113585,6830322.34
36040.0,31.4434464,-37.1146018,6830554.13
36060.0,30.163445099999997,-37.1178486,6830786.74
36080.0,28.883448599999998,-37.1231593,6831019.96
36100.0,27.603461499999998,-37.13038019999999,6831253.59
36120.0,26.3234884,-37.1393688,6831487.43
36140.0,25.0435333,-37.14999259999999,6831721.29
36160.0,23.7636002,-37.16212780000001,6831954.96
36180.0,22.4836928,-37.1756589,6832188.26
36200.0,21.203814599999998,-37.190477499999986,6832420.98
36220.0,19.9239691,-37.206481499999995,6832652.95
36240.0,18.6441594,-37.223574799999994,6832883.99
36260.0,17.3643888,-37.24166650000001,6833113.9
36280.0,16.0846601,-37.26067039999998,6833342.51
36300.0,14.804976199999999,-37.28050429999999,6833569.66
36320.0,13.525339899999999,-37.30108999999999,6833795.17
36340.0,12.2457538,-37.3223524,6834018.890000001
36360.0,10.9662204,-37.34421950000001,6834240.640000001
36380.0,9.686742299999999,-37.36662179999999,6834460.29
36400.0,8.4073219,-37.389492099999984,6834677.68
36420.0,7.1279613,-37.41276500000001,6834892.65
36440.0,5.8486631,-37.43637699999999,6835105.09
36460.0,4.5694292,-37.460265899999996,6835314.850000001
36480.0,3.2902620999999996,-37.48437050000001,6835521.8100000005
36500.0,2.0111635999999997,-37.50863079999999,6835725.850000001
36520.0,0.732136,-37.53298699999999,6835926.86
36540.0,-0.5468187999999999,-37.55738009999999,6836124.74
36560.0,-1.8256987999999998,-37.581751,6836319.390000001
36580.0,-3.1045021,-37.6060406,6836510.72
36600.0,-4.3832268,-37.630189599999994,6836698.640000001
36620.0,-5.6618711,-37.654137899999995,6836883.0600000005
36640.0,-6.940432899999999,-37.6778247,6837063.92
36660.0,-8.2189106,-37.70118830000001,6837241.140000001
36680.0,-9.4973022,-37.7241655,6837414.67
36700.0,-10.775605899999999,-37.74669159999999,6837584.46
36720.0,-12.053819899999999,-37.7686999,6837750.47
36740.0,-13.331942399999999,-37.79012180000001,6837912.65
36760.0,-14.6099716,-37.81088599999998,6838070.98
36780.0,-15.8879056,-37.8309184,6838225.42
36800.0,-17.1657427,-37.850141699999995,6838375.96
36820.0,-18.4434808,-37.86847510000001,6838522.58
36840.0,-19.721118,-37.88583349999999,6838665.2700000005
36860.0,-20.9986523,-37.902127699999994,6838804.0200000005
36880.0,-22.276081599999998,-37.917263100000014,6838938.84
36900.0,-23.5534037,-37.9311395,6839069.74
36920.0,-24.830616499999998,-37.943650700000006,6839196.73
36940.0,-26.1077175,-37.9546833,6839319.84
36960.0,-27.3847043,-37.9641163,6839439.08
36980.0,-28.6615744,-37.97181979999999,6839554.48
37000.0,-29.9383248,-37.97765469999999,6839666.08
37020.0,-31.214952699999998,-37.98147080000001,6839773.9
37040.0,-32.4914548,-37.983106099999986,6839878.0
37060.0,-33.7678276,-37.98238520000001,6839978.41
37080.0,-35.0440673,-37.979117599999995,6840075.19
37100.0,-36.320169899999996,-37.973096,6840168.390000001
37120.0,-37.5961309,-37.96409410000001,6840258.0600000005
37140.0,-38.8719453,-37.95186419999999,6840344.2700000005
37160.0,-40.147607799999996,-37.9361347,6840427.07
37180.0,-41.4231124,-37.916606099999996,6840506.54
37200.0,-42.6984523,-37.892948399999995,6840582.74
37220.0,-43.9736202,-37.864795799999996,6840655.74
37240.0,-45.248607799999995,-37.831742099999985,6840725.600000001
37260.0,-46.5234056,-37.7933347,6840792.41
37280.0,-47.7980033,-37.7490674,6840856.23
37300.0,-49.0723889,-37.698372199999994,6840917.12
37320.0,-50.346548899999995,-37.64060939999999,6840975.17
37340.0,-51.620467899999994,-37.575055599999985,6841030.43
37360.0,-52.894128099999996,-37.5008895,6841082.99
37380.0,-54.1675092,-37.41717439999999,6841132.9
37400.0,-55.4405879,-37.322837100000015,6841180.23
37420.0,-56.7133368,-37.21664200000001,6841225.0600000005
37440.0,-57.985724299999994,-37.097159000000005,6841267.45
37460.0,-59.2577131,-36.96272299999998,6841307.48
37480.0,-60.529259599999996,-36.8113845,6841345.22
37500.0,-61.800311799999996,-36.64084500000001,6841380.74
37520.0,-63.0708078,-36.448375999999996,6841414.11
37540.0,-64.3406731,-36.2307131,6841445.42
37560.0,-65.6098178,-35.98391809999998,6841474.73
37580.0,-66.8781315,-35.703196399999996,6841502.11
37600.0,-68.1454783,-35.38265100000001,6841527.640000001
37620.0,-69.4116883,-35.01494869999999,6841551.38
37640.0,-70.6765468,-34.59085669999999,6841573.4
37660.0,-71.9397791,-34.0985896,6841593.75
37680.0,-73.2010272,-33.5228692,6841612.5
37700.0,-74.4598173,-32.84354139999999,6841629.69
37720.0,-75.7155089,-32.03348750000001,6841645.37
37740.0,-76.9672159,-31.055380299999996,6841659.58
37760.0,-78.2136783,-29.85647979999999,6841672.37
37780.0,-79.45304639999999,-28.359971599999994,6841683.78
37800.0,-80.68249879999999,-26.4499457,6841693.850000001
37820.0,-81.89753069999999,-23.944118099999997,6841702.600000001
37840.0,-83.0905408,-20.54182399999999,6841710.0600000005
37860.0,-84.2478216,-15.720398799999998,6841716.25
37880.0,-85.34267249999999,-8.526031999999987,6841721.18
37900.0,-86.3189709,2.796670299999988,6841724.88
37920.0,-87.05630719999999,20.9341388,6841727.350000001
37940.0,-87.3473185,46.556732600000004,6841728.600000001
37960.0,-87.05650949999999,72.1812113,6841728.62
37980.0,-86.3192952,90.32161589999998,6841727.41
38000.0,-85.3430588,101.64627159999998,6841724.98
38020.0,-84.2482411,108.84175619999996,6841721.3
38040.0,-83.09098089999999,113.66383180000003,6841716.36
38060.0,-81.8979853,117.0665242,6841710.16
38080.0,-80.6829654,119.57260819999999,6841702.66
38100.0,-79.4535239,121.48280640000002,6841693.86
38120.0,-78.2141664,122.9794344,6841683.73
38140.0,-76.9677147,124.17842059999998,6841672.23
38160.0,-75.7160189,125.1565903,6841659.34
38180.0,-74.46033899999999,125.96669059999999,6841645.01
38200.0,-73.20156109999999,126.64605319999998,6841629.2
38220.0,-71.94032589999999,127.22179979999999,6841611.86
38240.0,-70.6771071,127.7140867,6841592.94
38260.0,-69.4122627,128.13819339999998,6841572.36
38280.0,-68.1460677,128.50590649999998,6841550.09
38300.0,-66.8787366,128.8264597,6841526.05
38320.0,-65.6104393,129.10718680000002,6841500.2
38340.0,-64.341312,129.3539852,6841472.45
38360.0,-63.0714646,129.5716501,6841442.75
38380.0,-61.8009874,129.76412,6841411.03
38400.0,-60.529954599999996,129.9346594,6841377.22
38420.0,-59.258428099999996,130.08599719999995,6841341.24
38440.0,-57.9864597,130.22043199999996,6841303.01
38460.0,-56.7140931,130.3399136,6841262.46
38480.0,-55.441365499999996,130.4461071,6841219.5
38500.0,-54.168308499999995,130.54044269999997,6841174.0600000005
38520.0,-52.8949493,130.62415620000002,6841126.05
38540.0,-51.6213115,130.69832080000003,6841075.4
38560.0,-50.347415299999994,130.76387320000003,6841022.03
38580.0,-49.0732784,130.8216349,6840965.86
38600.0,-47.798916299999995,130.87232919999997,6840906.82
38620.0,-46.524342499999996,130.91659600000003,6840844.83
38640.0,-45.249569099999995,130.9550033,6840779.82
38660.0,-43.9746064,130.9880571,6840711.72
38680.0,-42.6994639,131.0162102,6840640.46
38700.0,-41.424149799999995,131.03986880000002,6840565.98
38720.0,-40.1486716,131.0593986,6840488.2
38740.0,-38.8730359,131.07513,6840407.08
38760.0,-37.5972487,131.08736199999998,6840322.54
38780.0,-36.3213152,131.0963665,6840234.53
38800.0,-35.0452404,131.1023912,6840142.99
38820.0,-33.7690287,131.10566240000003,6840047.86
38840.0,-32.492684,131.10638740000002,6839949.09
38860.0,-31.216210099999998,131.1047567,6839846.62
38880.0,-29.939610499999997,131.1009456,6839740.41
38900.0,-28.662888199999998,131.0951162,6839630.4
38920.0,-27.3860463,131.08741859999998,6839516.5600000005
38940.0,-26.1090874,131.077992,6839398.84
38960.0,-24.8320141,131.06696599999998,6839277.23
38980.0,-23.554828999999998,131.0544618,6839151.68
39000.0,-22.277534199999998,131.04059259999997,6839022.17
39020.0,-21.000132,131.02546489999997,6838888.68
39040.0,-19.7226245,131.00917859999998,6838751.19
39060.0,-18.445013799999998,130.99182829999995,6838609.7
39080.0,-17.167302,130.9735033,6838464.2
39100.0,-15.889490799999999,130.9542887,6838314.7
39120.0,-14.611582299999998,130.9342653,6838161.19
39140.0,-13.333578399999999,130.91351050000003,6838003.71
39160.0,-12.0554808,130.8920983,6837842.26
39180.0,-10.7772916,130.8700999,6837676.890000001
39200.0,-9.4990124,130.8475843,6837507.63
39220.0,-8.2206453,130.82461790000002,6837334.53
39240.0,-6.9421919,130.80126559999997,6837157.66
39260.0,-5.663653999999999,130.77759029999999,6836977.07
39280.0,-4.3850335,130.7536541,6836792.83
39300.0,-3.1063321,130.7295176,6836605.01
39320.0,-1.8275518,130.70524090000004,6836413.67
39340.0,-0.5486943,130.68088339999997,6836218.88
39360.0,0.7302382,130.6565043,6836020.72
39380.0,2.0092437999999997,130.6321625,6835819.3
39400.0,3.2883202999999996,130.6079173,6835614.71
39420.0,4.5674656,130.5838283,6835407.08
39440.0,5.8466777,130.5599557,6835196.5200000005
39460.0,7.1259543999999995,130.53636059999997,6834983.16
39480.0,8.4052933,130.51310519999998,6834767.140000001
39500.0,9.6846924,130.49025310000002,6834548.59
39520.0,10.9641491,130.4678697,6834327.68
39540.0,12.243661099999999,130.4460221,6834104.54
39560.0,13.5232259,130.42477989999998,6833879.34
39580.0,14.8028409,130.40421519999995,6833652.25
39600.0,16.082503499999998,130.3844031,6833423.42
39620.0,17.362211,130.3654219,6833193.05
39640.0,18.6419604,130.34735390000003,6832961.3
39660.0,19.9217489,130.3302852,6832728.350000001
39680.0,21.2015733,130.3143071,6832494.4
39700.0,22.4814305,130.29951549999998,6832259.62
39720.0,23.761317,130.2860126,6832024.23
39740.0,25.041229299999998,130.27390679999996,6831788.4
39760.0,26.3211637,130.26331389999996,6831552.350000001
39780.0,27.6011162,130.25435749999997,6831316.2700000005
39800.0,28.881082799999998,130.2471703,6831080.37
39820.0,30.161058999999998,130.241895,6830844.86
39840.0,31.441040299999997,130.23868519999996,6830609.94
39860.0,32.7210215,130.23770709999997,6830375.82
39880.0,34.0009975,130.2391409,6830142.71
39900.0,35.280962599999995,130.2431823,6829910.83
39920.0,36.5609106,130.2500445,6829680.4
39940.0,37.840835,130.25996050000003,6829451.62
39960.0,39.1207287,130.27318549999995,6829224.72
39980.0,40.400584099999996,130.2899999,6828999.93
40000.0,41.6803929,130.31071280000003,6828777.46
40020.0,42.960145999999995,130.33566539999998,6828557.5200000005
40040.0,44.239833399999995,130.36523649999998,6828340.350000001
40060.0,45.519444199999995,130.39984679999998,6828126.140000001
40080.0,46.7989663,130.43996619999996,6827915.13
40100.0,48.0783864,130.4861206,6827707.5200000005
40120.0,49.3576895,130.5389007,6827503.53
40140.0,50.636859099999995,130.5989732,6827303.38
40160.0,51.915876399999995,130.66709279999998,6827107.26
40180.0,53.1947203,130.74411809999998,6826915.4
40200.0,54.473366899999995,130.8310297,6826727.98
40220.0,55.751788899999994,130.92895320000002,6826545.2
40240.0,57.0299548,131.0391871,6826367.2700000005
40260.0,58.3078286,131.1632376,6826194.37
40280.0,59.585367999999995,131.3028617,6826026.69
40300.0,60.8625239,131.46012229999997,6825864.43
40320.0,62.139238299999995,131.63745740000002,6825707.75
40340.0,63.4154425,131.83776939999996,6825556.84
40360.0,64.6910541,132.06454159999998,6825411.86
40380.0,65.9659734,132.3219901,6825272.97
40400.0,67.2400789,132.61526730000003,6825140.3100000005
40420.0,68.5132206,132.9507355,6825014.05
40440.0,69.785211,133.33634289999998,6824894.3
40460.0,71.0558128,133.7821469,6824781.21
40480.0,72.3247213,134.30105849999995,6824674.890000001
40500.0,73.5915382,134.9099218,6824575.48
40520.0,74.8557333,135.63111830000003,6824483.0600000005
40540.0,76.1165846,136.49501379999998,6824397.75
40560.0,77.3730851,137.54380600000002,6824319.63
40580.0,78.6237872,138.8377805,6824248.8
40600.0,79.8665381,140.4658855,6824185.32
40620.0,81.0980012,142.5643946,6824129.2700000005
40640.0,82.3127439,145.3514546,6824080.71
40660.0,83.50137699999999,149.1942429,6824039.69
40680.0,84.6464745,154.74464060000003,6824006.25
40700.0,85.71300049999999,163.20921339999995,6823980.43
40720.0,86.6256061,176.7535077,6823962.26
40740.0,87.2278572,-161.973443,6823951.75
40760.0,87.3031297,-134.9556014,6823948.9
40780.0,86.81385139999999,-111.68457889999999,6823953.72
40800.0,85.960189,-96.41540959999999,6823966.2
40820.0,84.9227287,-86.9275516,6823986.3100000005
40840.0,83.7929601,-80.79138429999999,6824014.05
40860.0,82.61311859999999,-76.5981125,6824049.37
40880.0,81.4038005,-73.58935699999999,6824092.23
40900.0,80.17588839999999,-71.3433174,6824142.600000001
40920.0,78.9355748,-69.6127089,6824200.4
40940.0,77.68661019999999,-68.2448987,6824265.58
40960.0,76.4313871,-67.1412893,6824338.0600000005
40980.0,75.1714985,-66.2356454,6824417.75
41000.0,73.9080444,-65.4819565,6824504.5600000005
41020.0,72.6418071,-64.8473288,6824598.4
41040.0,71.3733585,-64.30765509999999,6824699.15
41060.0,70.1031256,-63.844882,6824806.71
41080.0,68.8314339,-63.44523229999999,6824920.96
41100.0,67.55853549999999,-63.098014899999995,6825041.78
41120.0,66.2846291,-62.79480989999999,6825169.04
41140.0,65.0098731,-62.5288985,6825302.59
41160.0,63.7343956,-62.29485439999999,6825442.3
41180.0,62.458301199999994,-62.088248699999994,6825588.01
41200.0,61.1816764,-61.90543099999999,6825739.5600000005
41220.0,59.904593,-61.7433657,6825896.8
41240.0,58.6271117,-61.5995078,6826059.5600000005
41260.0,57.3492836,-61.4717081,6826227.66
41280.0,56.0711525,-61.35813859999999,6826400.93
41300.0,54.792756,-61.257234999999994,6826579.18
41320.0,53.514126499999996,-61.16765029999999,6826762.23
41340.0,52.2352924,-61.088218600000005,6826949.890000001
41360.0,50.956278499999996,-61.017925399999996,6827141.95
41380.0,49.6771065,-60.95588359999999,6827338.22
41400.0,48.3977958,-60.901314,6827538.49
41420.0,47.118363599999995,-60.85352929999999,6827742.55
41440.0,45.838825199999995,-60.811920799999996,6827950.2
41460.0,44.559194399999996,-60.77594719999999,6828161.21
41480.0,43.2794837,-60.74512569999999,6828375.390000001
41500.0,41.9997044,-60.719023699999994,6828592.51
41520.0,40.7198667,-60.6972526,6828812.37
41540.0,39.43998,-60.679462099999995,6829034.75
41560.0,38.1600527,-60.66533559999999,6829259.44
41580.0,36.8800928,-60.65458580000001,6829486.21
41600.0,35.6001075,-60.646951400000006,6829714.86
41620.0,34.3201034,-60.642194200000006,6829945.16
41640.0,33.040087,-60.64009619999999,6830176.91
41660.0,31.7600639,-60.64045759999999,6830409.88
41680.0,30.4800397,-60.643094399999995,6830643.86
41700.0,29.2000194,-60.647837100000004,6830878.640000001
41720.0,27.9200078,-60.65452909999999,6831114.03
41740.0,26.640009499999998,-60.663025000000005,6831349.8
41760.0,25.360028699999997,-60.67318979999999,6831585.7700000005
41780.0,24.080069299999998,-60.68489769999999,6831821.74
41800.0,22.800135299999997,-60.69803089999999,6832057.5
41820.0,21.5202302,-60.7124793,6832292.850000001
41840.0,20.2403575,-60.7281394,6832527.61
41860.0,18.9605204,-60.744913499999996,6832761.59
41880.0,17.6807223,-60.762709400000006,6832994.600000001
41900.0,16.400966,-60.78143979999999,6833226.46
41920.0,15.1212544,-60.8010216,6833457.0
41940.0,13.8415904,-60.821375599999996,6833686.03
41960.0,12.561976699999999,-60.84242599999999,6833913.390000001
41980.0,11.282415799999999,-60.86409979999999,6834138.9
42000.0,10.0029103,-60.88632709999999,6834362.41
42020.0,8.7234625,-60.909039899999996,6834583.7700000005
42040.0,7.4440748999999995,-60.9321726,6834802.8100000005
42060.0,6.1647498,-60.9556611,6835019.38
42080.0,4.8854893,-60.97944279999999,6835233.350000001
42100.0,3.6062958999999997,-61.003456299999996,6835444.57
42120.0,2.3271716,-61.0276413,6835652.92
42140.0,1.0481185,-61.0519379,6835858.29
42160.0,-0.23086109999999999,-61.07628679999999,6836060.5600000005
42180.0,-1.5097654999999999,-61.100629,6836259.640000001
42200.0,-2.7885925,-61.124905299999995,6836455.42
42220.0,-4.0673403,-61.1490563,6836647.83
42240.0,-5.346007,-61.17302219999999,6836836.7700000005
42260.0,-6.6245908,-61.196742400000005,6837022.16
42280.0,-7.9030898,-61.220155199999994,6837203.94
42300.0,-9.181502199999999,-61.243197699999996,6837382.03
42320.0,-10.4598263,-61.265805799999995,6837556.37
42340.0,-11.7380601,-61.28791319999999,6837726.890000001
42360.0,-13.0162018,-61.30945159999999,6837893.5600000005
42380.0,-14.294249599999999,-61.330350499999994,6838056.32
42400.0,-15.5722016,-61.350536399999996,6838215.15
42420.0,-16.8500559,-61.36993279999999,6838370.01
42440.0,-18.1278105,-61.38845979999999,6838520.890000001
42460.0,-19.405463599999997,-61.40603329999999,6838667.7700000005
42480.0,-20.683013199999998,-61.4225651,6838810.65
42500.0,-21.960456999999998,-61.437962,6838949.5200000005
42520.0,-23.237793099999998,-61.4521252,6839084.4
42540.0,-24.515019199999998,-61.46494999999999,6839215.28
42560.0,-25.792133,-61.47632469999999,6839342.19
42580.0,-27.0691319,-61.4861303,6839465.140000001
42600.0,-28.3460136,-61.494239199999996,6839584.17
42620.0,-29.6227751,-61.5005144,6839699.3100000005
42640.0,-30.8994136,-61.5048087,6839810.58
42660.0,-32.175926,-61.50696289999999,6839918.05
42680.0,-33.4523089,-61.5068052,6840021.74
42700.0,-34.7285587,-61.504148799999996,6840121.7
42720.0,-36.0046712,-61.49879060000001,6840217.99
42740.0,-37.2806423,-61.49050919999999,6840310.66
42760.0,-38.556467,-61.4790625,6840399.78
42780.0,-39.8321401,-61.4641848,6840485.4
42800.0,-41.1076559,-61.4455839,6840567.58
42820.0,-42.3830078,-61.4229376,6840646.41
42840.0,-43.658188599999995,-61.39588929999999,6840721.94
42860.0,-44.9331903,-61.36404329999999,6840794.25
42880.0,-46.2080038,-61.3269588,6840863.41
42900.0,-47.4826189,-61.2841435,6840929.49
42920.0,-48.7570242,-61.23504539999999,6840992.5600000005
42940.0,-50.031206499999996,-61.17904329999999,6841052.7
42960.0,-51.3051509,-61.1154356,6841109.98
42980.0,-52.5788404,-61.04342629999999,6841164.47
43000.0,-53.852255299999996,-60.96210869999999,6841216.24
43020.0,-55.125372999999996,-60.87044549999999,6841265.38
43040.0,-56.3981674,-60.76724329999999,6841311.95
43060.0,-57.670607999999994,-60.6511232,6841356.01
43080.0,-58.942659,-60.52048199999999,6841397.65
43100.0,-60.2142785,-60.37344519999999,6841436.93
43120.0,-61.485416699999995,-60.207807,6841473.92
43140.0,-62.7560145,-60.0209533,6841508.68
43160.0,-64.02600079999999,-59.809762899999996,6841541.3
43180.0,-65.2952897,-59.5704786,6841571.84
43200.0,-66.5637763,-59.2985365,6841600.37
43220.0,-67.83133149999999,-58.98833859999999,6841626.96
43240.0,-69.0977948,-58.6329432,6841651.67
43260.0,-70.36296349999999,-58.223637999999994,6841674.57
43280.0,-71.62657949999999,-57.749342,6841695.72
43300.0,-72.8883079,-57.195747600000004,6841715.19
43320.0,-74.147707,-56.5440667,6841733.0200000005
43340.0,-75.4041834,-55.769149299999995,6841749.28
43360.0,-76.65692109999999,-54.8365831,6841764.01
43380.0,-77.9047677,-53.698079899999996,6841777.2700000005
43400.0,-79.1460463,-52.2838696,6841789.100000001
43420.0,-80.3782246,-50.489651400000014,6841799.53
43440.0,-81.5973083,-48.15317640000001,6841808.600000001
43460.0,-82.79665659999999,-45.0101444,6841816.33
43480.0,-83.9645034,-40.607192,6841822.75
43500.0,-85.0783831,-34.125806899999986,6841827.88
43520.0,-86.0918865,-24.05069119999999,6841831.71
43540.0,-86.9047982,-7.859637300000003,6841834.28
43560.0,-87.327353,16.237609899999995,6841835.58
43580.0,-87.1783627,42.852440599999994,6841835.61
43600.0,-86.5306968,63.0244687,6841834.36
43620.0,-85.5992782,75.77385900000002,6841831.84
43640.0,-84.5271077,83.7916611,6841828.0200000005
43660.0,-83.3822414,89.09205529999997,6841822.88
43680.0,-82.1966044,92.78763750000002,6841816.41
43700.0,-80.9862646,95.48303349999998,6841808.58
43720.0,-79.759971,97.52156589999998,6841799.36
43740.0,-78.5228293,99.1087584,6841788.73
43760.0,-77.277997,100.37384020000002,6841776.65
43780.0,-76.0275223,101.40162880000003,6841763.100000001
43800.0,-74.7727879,102.24987950000002,6841748.0200000005
43820.0,-73.51475909999999,102.9591795,6841731.390000001
43840.0,-72.2541293,103.5588353,6841713.15
43860.0,-70.99140849999999,104.07051100000001,6841693.2700000005
43880.0,-69.72698,104.51055280000003,6841671.68
43900.0,-68.46113729999999,104.89151809999998,6841648.33
43920.0,-67.1941083,105.22320830000001,6841623.16
43940.0,-65.92607319999999,105.51338299999998,6841596.12
43960.0,-64.6571755,105.76826340000002,6841567.12
43980.0,-63.3875314,105.9928946,6841536.12
44000.0,-62.1172355,106.19141049999996,6841503.05
44020.0,-60.846365899999995,106.36723,6841467.84
44040.0,-59.5749873,106.5232054,6841430.41
44060.0,-58.3031538,106.66173449999997,6841390.7
44080.0,-57.030910899999995,106.7848482,6841348.62
44100.0,-55.7582975,106.8942778,6841304.09
44120.0,-54.4853465,106.99150829999996,6841257.05
44140.0,-53.212086,107.07782099999997,6841207.42
44160.0,-51.938540599999996,107.15432750000002,6841155.11
44180.0,-50.6647312,107.22199660000001,6841100.0600000005
44200.0,-49.3906761,107.281677,6841042.18
44220.0,-48.1163915,107.33411519999999,6840981.41
44240.0,-46.8418912,107.37997100000001,6840917.67
44260.0,-45.5671876,107.4198293,6840850.9
44280.0,-44.2922916,107.45421119999997,6840781.0200000005
44300.0,-43.0172129,107.48358200000001,6840707.96
44320.0,-41.7419599,107.50835919999997,6840631.67
44340.0,-40.4665403,107.5289181,6840552.08
44360.0,-39.190961099999996,107.54559760000001,6840469.12
44380.0,-37.9152282,107.55870429999999,6840382.74
44400.0,-36.639347199999996,107.56851669999998,6840292.88
44420.0,-35.363323099999995,107.57528830000001,6840199.49
44440.0,-34.087160499999996,107.5792505,6840102.5200000005
44460.0,-32.810863499999996,107.5806154,6840001.91
44480.0,-31.534435799999997,107.57957750000003,6839897.62
44500.0,-30.257880999999998,107.5763159,6839789.600000001
44520.0,-28.9812022,107.57099579999999,6839677.8
44540.0,-27.7044025,107.56377040000001,6839562.2
44560.0,-26.4274846,107.55478160000001,6839442.75
44580.0,-25.1504512,107.54416129999998,6839319.43
44600.0,-23.8733048,107.53203289999999,6839192.21
44620.0,-22.5960477,107.51851160000001,6839061.07
44640.0,-21.318682199999998,107.5037054,6838926.0
44660.0,-20.0412104,107.4877161,6838786.98
44680.0,-18.7636343,107.47063939999998,6838644.01
44700.0,-17.4859559,107.45256619999998,6838497.100000001
44720.0,-16.2081771,107.43358239999998,6838346.24
44740.0,-14.930299799999998,107.41377,6838191.46
44760.0,-13.652325699999999,107.3932072,6838032.75
44780.0,-12.3742568,107.37196879999999,6837870.15
44800.0,-11.0960947,107.35012689999996,6837703.66
44820.0,-9.8178413,107.32775090000001,6837533.34
44840.0,-8.5394984,107.30490789999999,6837359.2
44860.0,-7.261067799999999,107.28166320000003,6837181.29
44880.0,-5.9825513,107.25808039999998,6836999.65
44900.0,-4.7039507,107.23422169999998,6836814.34
44920.0,-3.4252681,107.21014809999997,6836625.42
44940.0,-2.1465054,107.18591989999999,6836432.96
44960.0,-0.8676646,107.16159670000002,6836237.05
44980.0,0.41125239999999996,107.13723759999999,6836037.78
45000.0,1.6902435,107.1129019,6835835.25
45020.0,2.9693066,107.0886486,6835629.57
45040.0,4.2484396,107.06453720000002,6835420.86
45060.0,5.5276404,107.0406279,6835209.25
45080.0,6.8069068999999995,107.01698160000001,6834994.86
45100.0,8.086236699999999,106.9936601,6834777.84
45120.0,9.3656276,106.97072689999999,6834558.33
45140.0,10.6450774,106.94824679999999,6834336.48
45160.0,11.924583499999999,106.9262865,6834112.44
45180.0,13.2041436,106.90491499999996,6833886.37
45200.0,14.483754999999999,106.88420380000002,6833658.44
45220.0,15.7634151,106.86422720000002,6833428.8100000005
45240.0,17.043121199999998,106.84506269999997,6833197.67
45260.0,18.3228704,106.82679150000001,6832965.19
45280.0,19.602659799999998,106.8094987,6832731.5600000005
45300.0,20.882486399999998,106.79327430000001,6832496.96
45320.0,22.162346799999998,106.778213,6832261.59
45340.0,23.4422377,106.7644153,6832025.640000001
45360.0,24.722155599999997,106.75198820000003,6831789.3
45380.0,26.0020968,106.74104539999996,6831552.78
45400.0,27.2820574,106.73170870000001,6831316.2700000005
45420.0,28.562033099999997,106.72410830000001,6831080.0
45440.0,29.842019699999998,106.71838450000001,6830844.17
45460.0,31.1220124,106.71468809999999,6830608.99
45480.0,32.4020065,106.7131822,6830374.67
45500.0,33.6819966,106.71404330000001,6830141.44
45520.0,34.9619771,106.71746329999996,6829909.51
45540.0,36.2419419,106.72365079999997,6829679.09
45560.0,37.5218847,106.73283400000003,6829450.4
45580.0,38.801798399999996,106.7452624,6829223.67
45600.0,40.081675499999996,106.76121009999997,6828999.12
45620.0,41.3615078,106.78097880000001,6828776.97
45640.0,42.6412864,106.80490170000002,6828557.43
45660.0,43.9210016,106.83334780000001,6828340.72
45680.0,45.200642699999996,106.86672720000001,6828127.07
45700.0,46.4801978,106.90549699999997,6827916.68
45720.0,47.759654,106.95016859999998,6827709.76
45740.0,49.0389967,107.00131599999997,6827506.53
45760.0,50.318209599999996,107.05958629999998,6827307.2
45780.0,51.5972745,107.12571129999998,6827111.96
45800.0,52.876171,107.20052249999998,6826921.0200000005
45820.0,54.1548757,107.28496869999998,6826734.59
45840.0,55.4333622,107.38013749999999,6826552.850000001
45860.0,56.7116001,107.48728219999998,6826376.0
45880.0,57.989554399999996,107.6078541,6826204.24
45900.0,59.2671846,107.7435443,6826037.73
45920.0,60.5444433,107.89633449999997,6825876.67
45940.0,61.8212749,108.06856299999998,6825721.23
45960.0,63.0976133,108.26300839999999,6825571.5600000005
45980.0,64.3733799,108.4829982,6825427.850000001
46000.0,65.6484794,108.7325515,6825290.22
46020.0,66.9227962,109.01656760000003,6825158.84
46040.0,68.1961879,109.34107999999998,6825033.83
46060.0,69.468477,109.71360370000002,6824915.350000001
46080.0,70.7394399,110.14361629999996,6824803.5
46100.0,72.0087903,110.64323860000002,6824698.42
46120.0,73.2761558,111.22821770000002,6824600.23
46140.0,74.541043,111.91937710000002,6824509.03
46160.0,75.80278419999999,112.7448147,6824424.93
46180.0,77.0604539,113.74333100000001,6824348.01
46200.0,78.31273209999999,114.9699549,6824278.36
46220.0,79.5576736,116.50518840000001,6824216.0600000005
46240.0,80.7922968,118.47114110000001,6824161.17
46260.0,82.0118102,121.06103080000003,6824113.76
46280.0,83.2080646,124.59584219999999,6824073.87
46300.0,84.3662186,129.63793269999996,6824041.5600000005
46320.0,85.4570332,137.22023869999998,6824016.850000001
46340.0,86.4184379,149.2373955,6823999.7700000005
46360.0,87.1178759,168.43634780000002,6823990.34
46380.0,87.3399778,-165.2557923,6823988.57
46400.0,86.9776127,-140.2589156,6823994.46
46420.0,86.1942215,-123.1018242,6824008.0
46440.0,85.1913546,-112.44148709999999,6824029.18
46460.0,84.0795143,-105.6353889,6824057.97
46480.0,82.9097853,-101.046005,6824094.350000001
46500.0,81.7066298,-97.78976229999999,6824138.2700000005
46520.0,80.4827203,-95.3807796,6824189.68
46540.0,79.2451438,-93.5379553,6824248.55
46560.0,77.9981315,-92.0898955,6824314.8
46580.0,76.7443503,-90.9270581,6824388.37
46600.0,75.4855584,-89.9765255,6824469.18
46620.0,74.2229595,-89.1880401,6824557.140000001
46640.0,72.9574039,-88.5259135,6824652.16
46660.0,71.6895092,-87.9641424,6824754.15
46680.0,70.4197343,-87.48335279999999,6824862.99
46700.0,69.14842689999999,-87.0688249,6824978.59
46720.0,67.87585589999999,-86.70918189999999,6825100.82
46740.0,66.60223189999999,-86.395495,6825229.55
46760.0,65.3277224,-86.12066159999999,6825364.65
46780.0,64.05246249999999,-85.8789619,6825505.97
46800.0,62.776562199999994,-85.66573919999999,6825653.38
46820.0,61.500111999999994,-85.47716439999999,6825806.7
46840.0,60.2231874,-85.31005979999999,6825965.78
46860.0,58.945851299999994,-85.16176689999999,6826130.44
46880.0,57.6681573,-85.03004419999999,6826300.5200000005
46900.0,56.3901507,-84.9129889,6826475.82
46920.0,55.111870599999996,-84.8089746,6826656.16
46940.0,53.833350599999996,-84.7166033,6826841.350000001
46960.0,52.5546201,-84.63466629999999,6827031.17
46980.0,51.2757047,-84.5621133,6827225.44
47000.0,49.9966267,-84.4980269,6827423.94
47020.0,48.7174062,-84.44160219999999,6827626.46
47040.0,47.438060899999996,-84.39212979999999,6827832.78
47060.0,46.1586065,-84.3489823,6828042.69
47080.0,44.8790571,-84.3116022,6828255.97
47100.0,43.599425499999995,-84.27949249999999,6828472.41
47120.0,42.3197233,-84.2522085,6828691.78
47140.0,41.039960799999996,-84.229351,6828913.87
47160.0,39.7601477,-84.21056039999999,6829138.45
47180.0,38.4802925,-84.1955119,6829365.3
47200.0,37.2004033,-84.1839111,6829594.2
47220.0,35.9204876,-84.1754905,6829824.93
47240.0,34.640552,-84.1700062,6830057.2700000005
47260.0,33.360602899999996,-84.1672353,6830290.99
47280.0,32.0806462,-84.1669735,6830525.88
47300.0,30.800687399999997,-84.16903289999999,6830761.71
47320.0,29.520731599999998,-84.1732406,6830998.28
47340.0,28.240783699999998,-84.1794367,6831235.37
47360.0,26.960848,-84.187473,6831472.7700000005
47380.0,25.680929,-84.197212,6831710.26
47400.0,24.401030499999997,-84.2085254,6831947.66
47420.0,23.121156499999998,-84.2212938,6832184.74
47440.0,21.8413106,-84.23540489999999,6832421.3100000005
47460.0,20.5614961,-84.2507536,6832657.17
47480.0,19.281716499999998,-84.26724089999999,6832892.13
47500.0,18.001974699999998,-84.28477319999999,6833125.99
47520.0,16.722274,-84.3032617,6833358.5600000005
47540.0,15.4426171,-84.3226224,6833589.65
47560.0,14.163006999999999,-84.3427748,6833819.08
47580.0,12.8834463,-84.36364239999999,6834046.69
47600.0,11.6039377,-84.38515149999999,6834272.29
47620.0,10.3244837,-84.4072312,6834495.73
47640.0,9.0450869,-84.429813,6834716.86
47660.0,7.7657495999999995,-84.45283069999999,6834935.54
47680.0,6.4864741,-84.4762198,6835151.62
47700.0,5.2072628,-84.4999172,6835364.97
47720.0,3.9281178,-84.5238612,6835575.47
47740.0,2.6490413,-84.5479912,6835783.01
47760.0,1.3700352999999998,-84.57224719999999,6835987.47
47780.0,0.0911018,-84.59656969999999,6836188.76
47800.0,-1.1877571999999998,-84.6208995,6836386.7700000005
47820.0,-2.4665396,-84.6451776,6836581.4
47840.0,-3.7452438,-84.6693447,6836772.59
47860.0,-5.0238676,-84.6933409,6836960.24
47880.0,-6.3024094999999996,-84.7171058,6837144.29
47900.0,-7.5808674,-84.7405781,6837324.67
47920.0,-8.8592397,-84.7636952,6837501.3100000005
47940.0,-10.137524599999999,-84.78639319999999,6837674.17
47960.0,-11.415720199999999,-84.8086064,6837843.19
47980.0,-12.6938248,-84.8302671,6838008.34
48000.0,-13.971836699999999,-84.8513052,6838169.5600000005
48020.0,-15.2497539,-84.8716479,6838326.84
48040.0,-16.5275747,-84.8912198,6838480.15
48060.0,-17.8052972,-84.9099415,6838629.45
48080.0,-19.0829195,-84.9277302,6838774.75
48100.0,-20.3604397,-84.9444986,6838916.03
48120.0,-21.6378557,-84.96015489999999,6839053.29
48140.0,-22.9151655,-84.9746016,6839186.53
48160.0,-24.1923668,-84.9877356,6839315.75
48180.0,-25.4694573,-84.99944699999999,6839440.98
48200.0,-26.7464348,-85.0096186,6839562.23
48220.0,-28.0232966,-85.018125,6839679.53
48240.0,-29.30004,-85.0248318,6839792.91
48260.0,-30.576662199999998,-85.02959419999999,6839902.4
48280.0,-31.8531601,-85.03225619999999,6840008.05
48300.0,-33.1295304,-85.0326492,6840109.9
48320.0,-34.4057695,-85.0305901,6840208.0
48340.0,-35.681873599999996,-85.0258802,6840302.4
48360.0,-36.9578384,-85.0183028,6840393.16
48380.0,-38.2336592,-85.00762089999999,6840480.32
48400.0,-39.509330899999995,-84.99357499999999,6840563.96
48420.0,-40.7848478,-84.9758797,6840644.12
48440.0,-42.060203699999995,-84.9542206,6840720.890000001
48460.0,-43.3353914,-84.9282498,6840794.3100000005
48480.0,-44.6104031,-84.89758189999999,6840864.46
48500.0,-45.88523,-84.8617876,6840931.42
48520.0,-47.1598622,-84.8203882,6840995.25
48540.0,-48.4342884,-84.7728473,6841056.03
48560.0,-49.708495899999996,-84.7185617,6841113.83
48580.0,-50.982470199999995,-84.6568509,6841168.74
48600.0,-52.256194799999996,-84.5869438,6841220.83
48620.0,-53.5296508,-84.5079629,6841270.19
48640.0,-54.802816299999996,-84.4189054,6841316.88
48660.0,-56.075666,-84.3186195,6841361.0
48680.0,-57.348170599999996,-84.2057754,6841402.600000001
48700.0,-58.6202957,-84.0788299,6841441.79
48720.0,-59.892001099999995,-83.9359812,6841478.62
48740.0,-61.1632391,-83.77511249999999,6841513.18
48760.0,-62.433952999999995,-83.5937196,6841545.54
48780.0,-63.7040751,-83.3888187,6841575.78
48800.0,-64.9735233,-83.1568255,6841603.96
48820.0,-66.2421979,-82.8933965,6841630.140000001
48840.0,-67.5099766,-82.5932175,6841654.41
48860.0,-68.77670719999999,-82.24971769999999,6841676.8100000005
48880.0,-70.0421989,-81.8546767,6841697.42
48900.0,-71.30620859999999,-81.39767599999999,6841716.28
48920.0,-72.5684228,-80.8653168,6841733.45
48940.0,-73.82843009999999,-80.2400835,6841748.99
48960.0,-75.0856802,-79.4986493,6841762.94
48980.0,-76.33942069999999,-78.6092834,6841775.36
49000.0,-77.5885974,-77.52776039999999,6841786.29
49020.0,-78.8316883,-76.1906818,6841795.78
49040.0,-80.066418,-74.504138,6841803.87
49060.0,-81.2892397,-72.32360489999999,6841810.600000001
49080.0,-82.4943411,-69.4165524,6841816.0
49100.0,-83.6716005,-65.3894993,6841820.09
49120.0,-84.802076,-59.5407735,6841822.9
49140.0,-85.8473917,-50.57276869999998,6841824.45
49160.0,-86.7249722,-36.20914349999998,6841824.73
49180.0,-87.26809019999999,-14.01832060000001,6841823.7700000005
49200.0,-87.2693017,12.932467000000003,6841821.57
49220.0,-86.72800339999999,35.15546380000001,6841818.12
49240.0,-85.8513728,49.546952799999985,6841813.41
49260.0,-84.806523,58.531547700000004,6841807.44
49280.0,-83.6762887,64.3897948,6841800.17
49300.0,-82.49916209999999,68.42255360000001,6841791.59
49320.0,-81.29413679999999,71.3332179,6841781.67
49340.0,-80.07135869999999,73.51615520000001,6841770.390000001
49360.0,-78.8366526,75.20436899999999,6841757.7
49380.0,-77.5935721,76.5426501,6841743.59
49400.0,-76.3443964,77.62506530000002,6841728.01
49420.0,-75.0906502,78.5151103,6841710.93
49440.0,-73.83338909999999,79.25707269999998,6841692.32
49460.0,-72.5733663,79.88272469999998,6841672.11
49480.0,-71.3111328,80.41542129999999,6841650.2700000005
49500.0,-70.0471007,80.8726977,6841626.74
49520.0,-68.7815837,81.26796689999998,6841601.46
49540.0,-67.5148251,81.61165770000002,6841574.38
49560.0,-66.247016,81.9119981,6841545.45
49580.0,-64.97830859999999,82.1755647,6841514.600000001
49600.0,-63.708825499999996,82.4076761,6841481.7700000005
49620.0,-62.4386665,82.61267909999998,6841446.9
49640.0,-61.1679136,82.79416090000001,6841409.92
49660.0,-59.8966346,82.95510739999997,6841370.75
49680.0,-58.6248863,83.09802430000002,6841329.32
49700.0,-57.3527165,83.22502989999998,6841285.5600000005
49720.0,-56.0801653,83.33792729999999,6841239.4
49740.0,-54.8072674,83.43826050000001,6841190.76
49760.0,-53.534051899999994,83.52736019999998,6841139.5600000005
49780.0,-52.2605443,83.6063787,6841085.73
49800.0,-50.986766499999995,83.67631949999998,6841029.18
49820.0,-49.712737399999995,83.7380607,6840969.850000001
49840.0,-48.438473699999996,83.7923735,6840907.65
49860.0,-47.1639899,83.83993909999998,6840842.5200000005
49880.0,-45.8892988,83.88136070000002,6840774.38
49900.0,-44.6144116,83.91717499999999,6840703.15
49920.0,-43.3393382,83.94786119999998,6840628.78
49940.0,-42.064087699999995,83.97384850000003,6840551.19
49960.0,-40.7886678,83.99552269999998,6840470.3100000005
49980.0,-39.5130856,84.01323149999996,6840386.09
50000.0,-38.2373476,84.0272898,6840298.46
50020.0,-36.961459399999995,84.03798289999997,6840207.36
50040.0,-35.685426199999995,84.0455705,6840112.74
50060.0,-34.409252699999996,84.05028949999996,6840014.55
50080.0,-33.1329432,84.0523569,6839912.74
50100.0,-31.856501599999998,84.05197149999998,6839807.25
50120.0,-30.5799317,84.04931629999999,6839698.0600000005
50140.0,-29.3032367,84.04455999999999,6839585.11
50160.0,-28.026419699999998,84.0378589,6839468.390000001
50180.0,-26.7494838,84.0293575,6839347.84
50200.0,-25.4724315,84.01919040000001,6839223.47
50220.0,-24.1952654,84.00748320000002,6839095.23
50240.0,-22.917987999999998,83.99435299999999,6838963.13
50260.0,-21.640601699999998,83.97990979999997,6838827.140000001
50280.0,-20.3631086,83.96425690000001,6838687.2700000005
50300.0,-19.0855109,83.94749159999998,6838543.5200000005
50320.0,-17.8078105,83.92970600000001,6838395.9
50340.0,-16.5300097,83.91098729999999,6838244.42
50360.0,-15.252110199999999,83.89141860000001,6838089.09
50380.0,-13.974113899999999,83.87107900000001,6837929.95
50400.0,-12.696022899999999,83.85004429999998,6837767.03
50420.0,-11.4178388,83.82838720000001,6837600.350000001
50440.0,-10.1395637,83.80617789999997,6837429.97
50460.0,-8.8611993,83.78348410000001,6837255.93
50480.0,-7.5827474,83.76037159999998,6837078.28
50500.0,-6.304209999999999,83.73690440000001,6836897.100000001
50520.0,-5.0255887999999995,83.71314519999999,6836712.44
50540.0,-3.7468374,83.6891994,6836526.21
50560.0,-2.4680546999999997,83.66503929999999,6836334.86
50580.0,-1.1891939,83.64076890000001,6836140.2700000005
50600.0,0.08974299999999999,83.61644739999997,6835942.55
50620.0,1.3687071,83.5920903,6835739.93
50640.0,2.6477907,83.56784429999999,6835536.24
50660.0,3.9269444,83.54372510000002,6835329.72
50680.0,5.2061661,83.51979260000002,6835120.5
50700.0,6.4854537,83.4961075,6834908.69
50720.0,7.7648049,83.47273150000001,6834694.42
50740.0,9.0442175,83.44972740000003,6834477.82
50760.0,10.323689199999999,83.42715989999999,6834259.03
50780.0,11.6032175,83.40509500000002,6834038.19
50800.0,12.8828,83.38360130000001,6833815.46
50820.0,14.162434099999999,83.3627495,6833590.98
50840.0,15.442117099999999,83.34261320000002,6833364.91
50860.0,16.721846499999998,83.3232691,6833137.42
50880.0,18.0016192,83.30479739999998,6832908.65
50900.0,19.281432499999998,83.28728230000002,6832678.79
50920.0,20.561283,83.27081240000001,6832447.99
50940.0,21.8411676,83.25548129999999,6832216.44
50960.0,23.1210828,83.2413881,6831984.33
50980.0,24.4010251,83.22863810000001,6831751.84
51000.0,25.6809908,83.21734320000002,6831519.18
51020.0,26.960976,83.20762330000002,6831286.54
51040.0,28.240976699999997,83.19960650000002,6831054.12
51060.0,29.5209886,83.19343040000001,6830822.100000001
51080.0,30.8010071,83.18924319999996,6830590.67
51100.0,32.0810271,83.18720480000002,6830360.01
51120.0,33.3610433,83.18748800000003,6830130.34
51140.0,34.6410499,83.19028079999998,6829901.88
51160.0,35.9210409,83.19578739999997,6829674.850000001
51180.0,37.2010098,83.2042308,6829449.49
51200.0,38.480949599999995,83.21585490000001,6829226.04
51220.0,39.7608532,83.23092729999996,6829004.75
51240.0,41.0407125,83.24974250000002,6828785.83
51260.0,42.320518899999996,83.2726252,6828569.5200000005
51280.0,43.6002629,83.2999352,6828356.01
51300.0,44.8799341,83.3320718,6828145.54
51320.0,46.159521,83.3694797,6827938.3
51340.0,47.4390109,83.41265620000001,6827734.51
51360.0,48.718389599999995,83.46215889999996,6827534.38
51380.0,49.9976415,83.51861559999998,6827338.100000001
51400.0,51.2767487,83.5827357,6827145.88
51420.0,52.5556914,83.6553245,6826957.92
51440.0,53.834447,83.7372995,6826774.41
51460.0,55.112989799999994,83.8297116,6826595.55
51480.0,56.3912906,83.9337696,6826421.54
51500.0,57.6693156,84.05087229999998,6826252.55
51520.0,58.9470257,84.18264620000002,6826088.7700000005
51540.0,60.2243754,84.3309951,6825930.390000001
51560.0,61.5013113,84.4981611,6825777.5600000005
51580.0,62.7777701,84.68680369999998,6825630.47
51600.0,64.0536765,84.9001015,6825489.25
51620.0,65.3289398,85.14188519999999,6825354.08
51640.0,66.6034499,85.41681289999997,6825225.09
51660.0,67.8770717,85.73060659999999,6825102.44
51680.0,69.1496374,86.09037139999998,6824986.25
51700.0,70.4209363,86.50503939999999,6824876.65
51720.0,71.6906995,86.98599179999997,6824773.78
51740.0,72.95857889999999,87.54795409999997,6824677.74
51760.0,74.2241154,88.21030789999998,6824588.65
51780.0,75.48669129999999,88.99906699999997,6824506.61
51800.0,76.74545549999999,89.94993469999997,6824431.71
51820.0,77.9992039,91.11318990000001,6824364.04
51840.0,79.246177,92.561782,6824303.67
51860.0,80.4837063,94.40530239999998,6824250.66
51880.0,81.70755779999999,96.81522359999997,6824205.08
51900.0,82.9106395,100.0727779,6824166.98
51920.0,84.0802697,104.66406760000001,6824136.390000001
51940.0,85.19196869999999,111.4730252,6824113.350000001
51960.0,86.19461749999999,122.1375832,6824097.890000001
51980.0,86.9776598,139.2995601,6824090.03
52000.0,87.3395518,164.2966834,6824089.78
52020.0,87.1170739,-169.4035849,6824097.140000001
52040.0,86.41749279999999,-150.212468,6824112.11
52060.0,85.4560766,-138.1992979,6824134.67
52080.0,84.365298,-130.6187304,6824164.8
52100.0,83.2071962,-125.57737999999999,6824202.47
52120.0,82.0109998,-122.0428707,6824247.640000001
52140.0,80.79154679999999,-119.4530831,6824300.2700000005
52160.0,79.55698559999999,-117.487138,6824360.3100000005
52180.0,78.31210709999999,-115.9518671,6824427.69
52200.0,77.0598931,-114.72518489999999,6824502.36
52220.0,75.8022888,-113.7266015,6824584.22
52240.0,74.5406142,-112.9010946,6824673.2
52260.0,73.275795,-112.20986699999999,6824769.21
52280.0,72.0084988,-111.6248224,6824872.15
52300.0,70.7392192,-111.12513799999999,6824981.9
52320.0,69.46832859999999,-110.6950674,6825098.36
52340.0,68.1961132,-110.3224896,6825221.4
52360.0,66.92279669999999,-109.9979268,6825350.88
52380.0,65.6485564,-109.713864,6825486.67
52400.0,64.3735348,-109.46426729999999,6825628.63
52420.0,63.0978474,-109.24423709999999,6825776.59
52440.0,61.821589499999995,-109.0497542,6825930.4
52460.0,60.5448397,-108.8774905,6826089.9
52480.0,59.267663999999996,-108.7246672,6826254.9
52500.0,57.990117899999994,-108.5889459,6826425.24
52520.0,56.7122489,-108.4683445,6826600.72
52540.0,55.4340973,-108.3611718,6826781.15
52560.0,54.155698199999996,-108.2659762,6826966.34
52580.0,52.8770817,-108.18150419999999,6827156.08
52600.0,51.5982744,-108.1066682,6827350.16
52620.0,50.3192995,-108.04051919999999,6827548.390000001
52640.0,49.0401774,-107.9822255,6827750.54
52660.0,47.7609262,-107.93105519999999,6827956.4
52680.0,46.4815623,-107.88636129999999,6828165.76
52700.0,45.202100099999996,-107.84756949999999,6828378.4
52720.0,43.922552599999996,-107.8141684,6828594.100000001
52740.0,42.6429317,-107.7857008,6828812.640000001
52760.0,41.3632481,-107.7617566,6829033.8
52780.0,40.0835114,-107.74196669999999,6829257.37
52800.0,38.8037306,-107.7259978,6829483.13
52820.0,37.5239139,-107.7135483,6829710.87
52840.0,36.2440686,-107.70434399999999,6829940.36
52860.0,34.9642017,-107.6981354,6830171.4
52880.0,33.684319699999996,-107.69469439999999,6830403.76
52900.0,32.4044284,-107.6938122,6830637.25
52920.0,31.124533399999997,-107.695297,6830871.63
52940.0,29.844639899999997,-107.6989722,6831106.71
52960.0,28.5647526,-107.70467459999999,6831342.2700000005
52980.0,27.2848762,-107.7122533,6831578.100000001
53000.0,26.005015,-107.7215681,6831813.99
53020.0,24.7251731,-107.7324886,6832049.74
53040.0,23.4453542,-107.74489299999999,6832285.16
53060.0,22.1655622,-107.7586674,6832520.04
53080.0,20.8858004,-107.77370499999999,6832754.19
53100.0,19.6060722,-107.78990519999999,6832987.43
53120.0,18.3263808,-107.80717299999999,6833219.5600000005
53140.0,17.046729199999998,-107.8254187,6833450.4
53160.0,15.7671204,-107.8445569,6833679.79
53180.0,14.4875571,-107.8645066,6833907.53
53200.0,13.208041999999999,-107.88519009999999,6834133.47
53220.0,11.928577899999999,-107.9065332,6834357.45
53240.0,10.6491671,-107.9284642,6834579.29
53260.0,9.369812099999999,-107.9509144,6834798.86
53280.0,8.0905154,-107.97381689999999,6835016.0
53300.0,6.811279099999999,-107.9971068,6835230.57
53320.0,5.5321054,-108.02072079999999,6835442.44
53340.0,4.2529967,-108.04459709999999,6835651.49
53360.0,2.9739548,-108.0686746,6835857.58
53380.0,1.694982,-108.0928933,6836060.600000001
53400.0,0.4160801,-108.1171938,6836260.44
53420.0,-0.8627488,-108.1415167,6836457.0
53440.0,-2.1415028,-108.16580309999999,6836650.17
53460.0,-3.4201801,-108.18999369999999,6836839.87
53480.0,-4.6987787999999995,-108.2140288,6837026.0
53500.0,-5.9772970999999995,-108.23784839999999,6837208.5
53520.0,-7.2557331,-108.26139119999999,6837387.28
53540.0,-8.5340851,-108.284595,6837562.29
53560.0,-9.8123513,-108.3073964,6837733.46
53580.0,-11.090529799999999,-108.32973,6837900.73
53600.0,-12.368618999999999,-108.35152869999999,6838064.07
53620.0,-13.646616999999999,-108.372723,6838223.43
53640.0,-14.924522,-108.39324099999999,6838378.79
53660.0,-16.2023322,-108.4130077,6838530.100000001
53680.0,-17.480045699999998,-108.431945,6838677.36
53700.0,-18.757660599999998,-108.44997079999999,6838820.55
53720.0,-20.035175,-108.466999,6838959.66
53740.0,-21.3125869,-108.4829391,6839094.7
53760.0,-22.5898942,-108.4976949,6839225.67
53780.0,-23.8670947,-108.5111649,6839352.58
53800.0,-25.144186299999998,-108.52324089999999,6839475.45
53820.0,-26.4211666,-108.53380759999999,6839594.3
53840.0,-27.6980331,-108.5427419,6839709.16
53860.0,-28.9747831,-108.5499116,6839820.07
53880.0,-30.251413999999997,-108.5551746,6839927.05
53900.0,-31.5279226,-108.5583781,6840030.15
53920.0,-32.8043057,-108.5593566,6840129.43
53940.0,-34.0805599,-108.55793109999999,6840224.91
53960.0,-35.3566814,-108.5539067,6840316.67
53980.0,-36.632666,-108.54707169999999,6840404.75
54000.0,-37.9085092,-108.53719439999999,6840489.21
54020.0,-39.184205999999996,-108.5240214,6840570.11
54040.0,-40.459750799999995,-108.507274,6840647.5200000005
54060.0,-41.7351375,-108.48664559999999,6840721.51
54080.0,-43.0103593,-108.4617973,6840792.140000001
54100.0,-44.285408499999996,-108.43235349999999,6840859.47
54120.0,-45.560276599999995,-108.39789689999999,6840923.600000001
54140.0,-46.834953999999996,-108.357962,6840984.58
54160.0,-48.1094297,-108.3120276,6841042.49
54180.0,-49.3836915,-108.2595087,6841097.42
54200.0,-50.657725299999996,-108.1997456,6841149.44
54220.0,-51.9315152,-108.13199139999999,6841198.62
54240.0,-53.2050428,-108.0553975,6841245.05
54260.0,-54.478287099999996,-107.9689949,6841288.8100000005
54280.0,-55.7512237,-107.8716721,6841329.98
54300.0,-57.023824299999994,-107.7621477,6841368.640000001
54320.0,-58.2960559,-107.6389366,6841404.87
54340.0,-59.567879899999994,-107.50030749999999,6841438.75
54360.0,-60.8392505,-107.3442297,6841470.36
54380.0,-62.1101137,-107.1683056,6841499.78
54400.0,-63.3804045,-106.9696834,6841527.09
54420.0,-64.6500451,-106.74494469999999,6841552.36
54440.0,-65.9189406,-106.4899568,6841575.66
54460.0,-67.1869748,-106.19967589999999,6841597.07
54480.0,-68.45400409999999,-105.86788299999999,6841616.640000001
54500.0,-69.7198484,-105.4868221,6841634.45
54520.0,-70.9842796,-105.0466965,6841650.55
54540.0,-72.24700419999999,-104.5349564,6841665.01
54560.0,-73.5076389,-103.935267,6841677.86
54580.0,-74.7656734,-103.22598149999999,6841689.17
54600.0,-76.0204146,-102.37782109999999,6841698.98
54620.0,-77.2708974,-101.3502431,6841707.34
54640.0,-78.5157394,-100.08556589999999,6841714.29
54660.0,-79.75289389999999,-98.49909939999999,6841719.87
54680.0,-80.9792063,-96.46184249999999,6841724.12
54700.0,-82.18957739999999,-93.76870219999999,6841727.07
54720.0,-83.3752727,-90.07721339999999,6841728.75
54740.0,-84.5202602,-84.7845533,6841729.18
54760.0,-85.5927069,-76.7820175,6841728.390000001
54780.0,-86.5248009,-64.0628935,6841726.38
54800.0,-87.1740765,-43.9404418,6841723.18
54820.0,-87.3259162,-17.359802300000013,6841718.78
54840.0,-86.90618979999999,6.757523600000013,6841713.19
54860.0,-86.0950431,22.98417409999999,6841706.4
54880.0,-85.08249459999999,33.08511060000001,6841698.41
54900.0,-83.9691417,39.58282109999999,6841689.19
54920.0,-82.8015999,43.99623270000001,6841678.72
54940.0,-81.6024339,47.146266499999996,6841666.99
54960.0,-80.3834595,49.487646100000006,6841653.96
54980.0,-79.15134429999999,51.2854399,6841639.600000001
55000.0,-77.9100977,52.70234690000001,6841623.88
55020.0,-76.6622613,53.84294269999998,6841606.78
55040.0,-75.40951799999999,54.7771721,6841588.24
55060.0,-74.1530238,55.55343879999998,6841568.24
55080.0,-72.89359739999999,56.20623359999999,6841546.72
55100.0,-71.6318343,56.7607615,6841523.63
55120.0,-70.3681773,57.23585019999999,6841498.93
55140.0,-69.1029622,57.6458365,6841472.55
55160.0,-67.8364484,58.001823099999996,6841444.44
55180.0,-66.5688388,58.312538700000005,6841414.54
55200.0,-65.3002946,58.5849379,6841382.8
55220.0,-64.0309453,58.824629200000004,6841349.15
55240.0,-62.760895899999994,59.03618419999998,6841313.54
55260.0,-61.4902325,59.223366699999985,6841275.890000001
55280.0,-60.2190264,59.38930310000001,6841236.15
55300.0,-58.947337,59.53661169999998,6841194.24
55320.0,-57.6752141,59.6675018,6841150.09
55340.0,-56.4026997,59.78385079999998,6841103.62
55360.0,-55.129829799999996,59.887264200000004,6841054.76
55380.0,-53.856635,59.97912309999998,6841003.44
55400.0,-52.583141399999995,60.060622300000006,6840949.57
55420.0,-51.309371999999996,60.13280090000001,6840893.08
55440.0,-50.035346399999995,60.1965668,6840833.9
55460.0,-48.7610818,60.25271699999999,6840771.95
55480.0,-47.486593299999996,60.30195420000001,6840707.15
55500.0,-46.211894,60.344900199999984,6840639.42
55520.0,-44.9369957,60.38210799999999,6840568.71
55540.0,-43.6619087,60.414070400000014,6840494.93
55560.0,-42.386642099999996,60.441228800000005,6840418.03
55580.0,-41.111204099999995,60.4639794,6840337.92
55600.0,-39.8356019,60.482679399999995,6840254.5600000005
55620.0,-38.5598422,60.49765149999999,6840167.87
55640.0,-37.2839308,60.50918819999998,6840077.8
55660.0,-36.0078731,60.517555500000014,6839984.28
55680.0,-34.731673799999996,60.52299590000001,6839887.25
55700.0,-33.4553376,60.5257311,6839786.67
55720.0,-32.1788684,60.525964499999986,6839682.49
55740.0,-30.9022699,60.52388289999999,6839574.65
55760.0,-29.6255456,60.519658600000014,6839463.12
55780.0,-28.348698799999998,60.51345069999999,6839347.86
55800.0,-27.0717324,60.5054068,6839228.84
55820.0,-25.794649099999997,60.49566390000001,6839106.04
55840.0,-24.5174517,60.48434979999999,6838979.42
55860.0,-23.240142499999997,60.4715836,6838848.97
55880.0,-21.9627239,60.45747699999998,6838714.69
55900.0,-20.6851983,60.442134899999985,6838576.54
55920.0,-19.4075678,60.4256561,6838434.55
55940.0,-18.1298344,60.408133899999996,6838288.7
55960.0,-16.8520003,60.38965669999999,6838139.0
55980.0,-15.574067399999999,60.37030849999999,6837985.48
56000.0,-14.2960377,60.3501694,6837828.15
56020.0,-13.017913,60.32931589999998,6837667.04
56040.0,-11.739695399999999,60.307821399999995,6837502.18
56060.0,-10.4613865,60.28575670000001,6837333.63
56080.0,-9.1829884,60.263189899999986,6837161.41
56100.0,-7.904502699999999,60.240187399999996,6836985.59
56120.0,-6.6259315,60.2168135,6836806.23
56140.0,-5.3472764999999995,60.19313109999999,6836623.390000001
56160.0,-4.0685396,60.169201799999996,6836437.140000001
56180.0,-2.7897227,60.14508619999998,6836247.57
56200.0,-1.5108275999999998,60.12084429999999,6836054.76
56220.0,-0.2318563,60.09653549999999,6835858.8
56240.0,1.0471892,60.072218899999996,6835659.79
56260.0,2.3263070999999997,60.04795379999999,6835457.82
56280.0,3.6054952,60.02379930000001,6835253.0
56300.0,4.8847515,59.99981539999999,6835045.45
56320.0,6.1640739,59.97606250000001,6834835.2700000005
56340.0,7.443460099999999,59.95260200000001,6834622.600000001
56360.0,8.722908,59.9294965,6834407.5600000005
56380.0,10.0024152,59.90681000000001,6834190.29
56400.0,11.2819792,59.88460850000001,6833970.94
56420.0,12.5615978,59.86295960000001,6833749.63
56440.0,13.8412682,59.841933600000004,6833526.54
56460.0,15.1209878,59.82160329999999,6833301.82
56480.0,16.400754,59.80204470000001,6833075.63
56500.0,17.6805639,59.78333699999999,6832848.13
56520.0,18.9604145,59.765563499999985,6832619.5
56540.0,20.240302699999997,59.748811700000005,6832389.92
56560.0,21.520225399999998,59.7331738,6832159.5600000005
56580.0,22.8001792,59.7187476,6831928.600000001
56600.0,24.0801606,59.70563680000001,6831697.24
56620.0,25.3601659,59.6939515,6831465.67
56640.0,26.6401914,59.68380959999999,6831234.07
56660.0,27.920233,59.67533689999999,6831002.65
56680.0,29.2002863,59.668668499999995,6830771.59
56700.0,30.4803467,59.66394980000001,6830541.100000001
56720.0,31.760409399999997,59.661337599999996,6830311.390000001
56740.0,33.040469099999996,59.6610015,6830082.66
56760.0,34.3205204,59.66312529999999,6829855.140000001
56780.0,35.6005573,59.66790900000001,6829629.04
56800.0,36.8805735,59.67557069999998,6829404.600000001
56820.0,38.160562299999995,59.6863486,6829182.03
56840.0,39.4405163,59.700504300000006,6828961.57
56860.0,40.720427799999996,59.7183249,6828743.43
56880.0,42.0002882,59.740127400000006,6828527.84
56900.0,43.2800882,59.766262100000006,6828315.0200000005
56920.0,44.5598175,59.797117799999995,6828105.18
56940.0,45.839465,59.83312720000001,6827898.54
56960.0,47.1190183,59.8747735,6827695.3100000005
56980.0,48.3984636,59.92259819999998,6827495.7
57000.0,49.6777856,59.977210299999996,6827299.9
57020.0,50.9569671,60.03929729999999,6827108.12
57040.0,52.235988799999994,60.1096388,6826920.57
57060.0,53.514829,60.189122199999986,6826737.42
57080.0,54.7934627,60.27876259999999,6826558.88
57100.0,56.0718617,60.37972619999999,6826385.13
57120.0,57.349993399999995,60.49336059999999,6826216.350000001
57140.0,58.62782,60.621230800000006,6826052.74
57160.0,59.905297999999995,60.765165499999995,6825894.46
57180.0,61.1823759,60.927314800000005,6825741.69
57200.0,62.4589931,61.1102248,6825594.61
57220.0,63.7350778,61.3169321,6825453.36
57240.0,65.0105433,61.55108899999999,6825318.13
57260.0,66.285285,61.817126099999996,6825189.04
57280.0,67.5591748,62.120471699999996,6825066.26
57300.0,68.83205389999999,62.467847500000005,6824949.92
57320.0,70.1037237,62.867676700000004,6824840.17
57340.0,71.3739318,63.330654400000014,6824737.12
57360.0,72.6423526,63.870563300000015,6824640.890000001
57380.0,73.90855859999999,64.50546349999999,6824551.61
57400.0,75.1719779,65.2594714,6824469.36
57420.0,76.4318273,66.165493,6824394.24
57440.0,77.6870063,67.26955570000001,6824326.350000001
57460.0,78.9359207,68.63791809999998,6824265.75
57480.0,80.1761764,70.36921130000002,6824212.5200000005
57500.0,81.4040201,72.6161156,6824166.71
57520.0,82.61325529999999,75.6259838,6824128.38
57540.0,83.7929922,79.82070490000001,6824097.5600000005
57560.0,84.92262319999999,85.95873289999997,6824074.3
57580.0,85.9598941,95.44870479999997,6824058.62
57600.0,86.81329889999999,110.71889859999999,6824050.53
57620.0,87.3023003,133.985704,6824050.07
57640.0,87.22691379999999,160.99362259999998,6824057.22
57660.0,86.6247496,-177.7397323,6824072.0
57680.0,85.71228789999999,-164.1970069,6824094.37
57700.0,84.6458948,-155.7321636,6824124.34
57720.0,83.50091069999999,-150.18106079999998,6824161.850000001
57740.0,82.3123758,-146.337549,6824206.890000001
57760.0,81.09772099999999,-143.5498479,6824259.4
57780.0,79.8663389,-141.4507927,6824319.34
57800.0,78.6236644,-139.8222261,6824386.640000001
57820.0,77.3730357,-138.52786,6824461.25
57840.0,76.11660669999999,-137.47873339999998,6824543.08
57860.0,74.8558257,-136.6145497,6824632.04
57880.0,73.5917003,-135.89310279999998,6824728.04
57900.0,72.3249526,-135.28402,6824830.98
57920.0,71.05611329999999,-134.7649147,6824940.74
57940.0,69.78558079999999,-134.31893829999999,6825057.2
57960.0,68.51366,-133.93317679999998,6825180.22
57980.0,67.24058819999999,-133.5975698,6825309.67
58000.0,65.96655299999999,-133.304167,6825445.390000001
58020.0,64.6917046,-133.0466042,6825587.24
58040.0,63.416164599999995,-132.8197275,6825735.0600000005
58060.0,62.1400327,-132.6193194,6825888.68
58080.0,60.8633914,-132.44189559999998,6826047.93
58100.0,59.586309699999994,-132.2845529,6826212.640000001
58120.0,58.308845399999996,-132.1448523,6826382.65
58140.0,57.031048,-132.0207304,6826557.7700000005
58160.0,55.752959399999995,-131.9104294,6826737.83
58180.0,54.474615899999996,-131.81244279999999,6826922.63
58200.0,53.1960489,-131.7254714,6827111.99
58220.0,51.9172857,-131.6483895,6827305.72
58240.0,50.6383502,-131.5802158,6827503.63
58260.0,49.3592636,-131.5200918,6827705.51
58280.0,48.0800446,-131.46726239999998,6827911.17
58300.0,46.8007097,-131.4210607,6828120.390000001
58320.0,45.521273799999996,-131.3808957,6828332.98
58340.0,44.2417503,-131.3462414,6828548.71
58360.0,42.9621512,-131.3166279,6828767.38
58380.0,41.6824874,-131.29163409999998,6828988.7700000005
58400.0,40.4027688,-131.2708814,6829212.67
58420.0,39.1230044,-131.2540283,6829438.850000001
58440.0,37.8432027,-131.2407656,6829667.11
58460.0,36.5633711,-131.23081299999998,6829897.23
58480.0,35.2835167,-131.2239152,6830128.98
58500.0,34.003645899999995,-131.2198391,6830362.15
58520.0,32.7237649,-131.2183715,6830596.51
58540.0,31.443879199999998,-131.21931659999998,6830831.86
58560.0,30.1639941,-131.2224943,6831067.97
58580.0,28.8841146,-131.2277383,6831304.63
58600.0,27.6042453,-131.234895,6831541.62
58620.0,26.3243905,-131.2438216,6831778.74
58640.0,25.0445545,-131.25438549999998,6832015.78
58660.0,23.764740999999997,-131.2664629,6832252.53
58680.0,22.4849539,-131.2799382,6832488.8
58700.0,21.2051967,-131.2947027,6832724.38
58720.0,19.9254726,-131.3106545,6832959.09
58740.0,18.645785,-131.3276974,6833192.74
58760.0,17.3661369,-131.3457403,6833425.13
58780.0,16.0865311,-131.36469689999998,6833656.100000001
58800.0,14.8069706,-131.3844851,6833885.46
58820.0,13.527458099999999,-131.40502659999999,6834113.05
58840.0,12.247995999999999,-131.4262461,6834338.69
58860.0,10.968587099999999,-131.4480716,6834562.22
58880.0,9.6892336,-131.4704336,6834783.49
58900.0,8.4099381,-131.4932647,6835002.34
58920.0,7.130702599999999,-131.5164997,6835218.63
58940.0,5.8515296,-131.54007479999999,6835432.21
58960.0,4.5724211,-131.5639278,6835642.95
58980.0,3.2933792,-131.5879976,6835850.73
59000.0,2.0144061,-131.612224,6836055.42
59020.0,0.7355037999999999,-131.6365472,6836256.91
59040.0,-0.5433259,-131.6609081,6836455.09
59060.0,-1.8220808,-131.6852475,6836649.850000001
59080.0,-3.1007591999999997,-131.70950639999998,6836841.11
59100.0,-4.379359099999999,-131.7336252,6837028.78
59120.0,-5.6578786999999995,-131.7575438,6837212.78
59140.0,-6.936316199999999,-131.7812016,6837393.04
59160.0,-8.2146698,-131.80453649999998,6837569.49
59180.0,-9.4929376,-131.8274853,6837742.08
59200.0,-10.771118,-131.84998339999999,6837910.76
59220.0,-12.049209099999999,-131.871964,6838075.47
59240.0,-13.327209199999999,-131.8933583,6838236.19
59260.0,-14.6051164,-131.9140951,6838392.87
59280.0,-15.8829291,-131.9341002,6838545.51
59300.0,-17.1606453,-131.9532963,6838694.07
59320.0,-18.438263199999998,-131.9716025,6838838.54
59340.0,-19.7157809,-131.98893379999998,6838978.92
59360.0,-20.9931965,-132.00520079999998,6839115.2
59380.0,-22.270508,-132.020309,6839247.390000001
59400.0,-23.547713299999998,-132.0341583,6839375.5
59420.0,-24.8248101,-132.0466423,6839499.53
59440.0,-26.1017962,-132.0576476,6839619.5200000005
59460.0,-27.378669199999997,-132.0670534,6839735.49
59480.0,-28.6554266,-132.0747298,6839847.46
59500.0,-29.9320655,-132.0805375,6839955.46
59520.0,-31.2085831,-132.0843266,6840059.55
59540.0,-32.4849762,-132.08593489999998,6840159.75
59560.0,-33.761241399999996,-132.0851872,6840256.12
59580.0,-35.037375,-132.08189289999999,6840348.69
59600.0,-36.313373,-132.0758448,6840437.53
59620.0,-37.589230799999996,-132.0668167,6840522.7
59640.0,-38.8649437,-132.0545608,6840604.24
59660.0,-40.1405063,-132.0388055,6840682.23
59680.0,-41.4159126,-132.0192516,6840756.74
59700.0,-42.6911559,-131.9955689,6840827.83
59720.0,-43.9662289,-131.9673918,6840895.57
59740.0,-45.2411233,-131.93431429999998,6840960.04
59760.0,-46.5158297,-131.89588369999998,6841021.3100000005
59780.0,-47.790337799999996,-131.8515941,6841079.45
59800.0,-49.0646354,-131.8008776,6841134.55
59820.0,-50.3387093,-131.7430948,6841186.68
59840.0,-51.6125438,-131.67752249999998,6841235.92
59860.0,-52.8861214,-131.6033397,6841282.350000001
59880.0,-54.1594218,-131.51961,6841326.04
59900.0,-55.4324215,-131.425261,6841367.08
59920.0,-56.705093399999996,-131.3190574,6841405.55
59940.0,-57.9774057,-131.1995699,6841441.5200000005
59960.0,-59.2493214,-131.0651346,6841475.09
59980.0,-60.5207967,-130.913803,6841506.32
60000.0,-61.791779899999995,-130.7432782,6841535.3100000005
60020.0,-63.0622091,-130.5508338,6841562.13
60040.0,-64.33201009999999,-130.3332079,6841586.86
60060.0,-65.6010928,-130.0864657,6841609.58
60080.0,-66.8693471,-129.805817,6841630.36
60100.0,-68.1366371,-129.485371,6841649.26
60120.0,-69.40279319999999,-129.11780249999998,6841666.37
60140.0,-70.6676008,-128.6938899,6841681.73
60160.0,-71.93078539999999,-128.2018635,6841695.42
60180.0,-73.19198949999999,-127.62646729999999,6841707.48
60200.0,-74.4507398,-126.94757949999999,6841717.97
60220.0,-75.70639659999999,-126.1381296,6841726.93
60240.0,-76.9580751,-125.1608637,6841734.42
60260.0,-78.2045174,-123.9631572,6841740.47
60280.0,-79.4438775,-122.46838509999999,6841745.12
60300.0,-80.67334029999999,-120.560959,6841748.41
60320.0,-81.8884131,-118.0591707,6841750.38
60340.0,-83.08151869999999,-114.66344099999999,6841751.05
60360.0,-84.2390016,-109.85326409999999,6841750.45
60380.0,-85.33428219999999,-102.6792504,6841748.59
60400.0,-86.3115334,-91.3943053,6841745.49
60420.0,-87.0509902,-73.3185288,6841741.16
60440.0,-87.3458471,-47.7458843,6841735.61
60460.0,-87.0591835,-22.096550199999996,6841728.850000001
60480.0,-86.32463419999999,-3.901219300000008,6841720.87
60500.0,-85.3498046,7.463374399999992,6841711.66
60520.0,-84.25574309999999,14.683069799999998,6841701.22
60540.0,-83.0989187,19.51993920000001,6841689.53
60560.0,-81.90619099999999,22.93211579999999,6841676.57
60580.0,-80.69134319999999,25.4445963,6841662.3
60600.0,-79.4620151,27.359306300000014,6841646.71
60620.0,-78.2227324,28.859240099999994,6841629.76
60640.0,-76.97632879999999,30.060726999999986,6841611.42
60660.0,-75.7246615,31.040840000000003,6841591.65
60680.0,-74.4689952,31.85248519999999,6841570.4
60700.0,-73.21021929999999,32.5331003,6841547.63
60720.0,-71.9489765,33.1098796,6841523.3
60740.0,-70.6857423,33.6030308,6841497.37
60760.0,-69.4208757,34.027870199999995,6841469.78
60780.0,-68.1546524,34.3962118,6841440.48
60800.0,-66.8872877,34.71730959999999,6841409.43
60820.0,-65.6189519,34.99851290000001,6841376.57
60840.0,-64.34978149999999,35.245731000000006,6841341.83
60860.0,-63.0798868,35.4637687,6841305.15
60880.0,-61.8093582,35.656571799999995,6841266.47
60900.0,-60.5382703,35.827410999999984,6841225.72
60920.0,-59.2666851,35.9790199,6841182.82
60940.0,-57.994654499999996,36.11370120000001,6841137.69
60960.0,-56.7222223,36.2334079,6841090.28
60980.0,-55.449425899999994,36.339807699999994,6841040.49
61000.0,-54.176297,36.434333400000014,6840988.26
61020.0,-52.902862899999995,36.5182226,6840933.5
61040.0,-51.6291471,36.59255009999998,6840876.13
61060.0,-50.35517,36.65825409999999,6840816.09
61080.0,-49.080949499999996,36.71615729999999,6840753.3
61100.0,-47.806501,36.76698400000001,6840687.68
61120.0,-46.531838199999996,36.81137480000001,6840619.16
61140.0,-45.256972999999995,36.84989869999998,6840547.67
61160.0,-43.9819161,36.883062499999994,6840473.13
61180.0,-42.7066769,36.9113194,6840395.47
61200.0,-41.4312639,36.9350762,6840314.640000001
61220.0,-40.1556845,36.9546991,6840230.57
61240.0,-38.8799454,36.970518700000014,6840143.19
61260.0,-37.6040528,36.98283459999999,6840052.46
61280.0,-36.328012099999995,36.9919189,6839958.32
61300.0,-35.051828199999996,36.9980195,6839860.72
61320.0,-33.7755058,37.001363,6839759.600000001
61340.0,-32.4990488,37.002156799999995,6839654.91
61360.0,-31.222461199999998,37.00059160000001,6839546.62
61380.0,-29.945746399999997,36.99684310000001,6839434.68
61400.0,-28.6689077,36.991073400000005,6839319.05
61420.0,-27.391948199999998,36.98343270000001,6839199.72
61440.0,-26.1148706,36.97406050000001,6839076.63
61460.0,-24.8376777,36.9630866,6838949.78
61480.0,-23.560371999999997,36.9506322,6838819.15
61500.0,-22.282955899999997,36.93681090000001,6838684.72
61520.0,-21.0054317,36.921728900000005,6838546.48
61540.0,-19.7278016,36.90548659999999,6838404.43
61560.0,-18.450067699999998,36.8881786,6838258.59
61580.0,-17.172231999999997,36.8698943,6838108.95
61600.0,-15.894296599999999,36.85071879999998,6837955.53
61620.0,-14.6162633,36.83073300000001,6837798.350000001
61640.0,-13.3381341,36.810014300000006,6837637.44
61660.0,-12.0599109,36.788636999999994,6837472.8100000005
61680.0,-10.781595399999999,36.76667219999999,6837304.5200000005
61700.0,-9.503189599999999,36.74418879999999,6837132.59
61720.0,-8.2246953,36.72125349999999,6836957.08
61740.0,-6.946114199999999,36.697931100000005,6836778.04
61760.0,-5.667448299999999,36.67428480000001,6836595.5200000005
61780.0,-4.3886994999999995,36.6503764,6836409.59
61800.0,-3.1098695,36.62626689999999,6836220.3100000005
61820.0,-1.8309604,36.6020164,6836027.7700000005
61840.0,-0.5519739,36.57768419999999,6835832.05
61860.0,0.7270877,36.553329700000006,6835633.24
61880.0,2.0062227,36.529011800000006,6835431.43
61900.0,3.2854289,36.50478989999999,6835226.74
61920.0,4.5647041999999995,36.480723600000005,6835019.26
61940.0,5.8440465,36.456873099999996,6834809.13
61960.0,7.1234537,36.433299799999986,6834596.45
61980.0,8.402923399999999,36.41006569999999,6834381.350000001
62000.0,9.6824534,36.38723469999999,6834163.98
62020.0,10.9620412,36.36487199999999,6833944.45
62040.0,12.241684399999999,36.34304499999999,6833722.93
62060.0,13.521380299999999,36.32182309999999,6833499.57
62080.0,14.801126499999999,36.3012784,6833274.5200000005
62100.0,16.08092,36.28148619999999,6833047.94
62120.0,17.3607582,36.2625247,6832820.0
62140.0,18.6406381,36.244476099999986,6832590.88
62160.0,19.9205565,36.227426699999995,6832360.75
62180.0,21.2005104,36.211467400000004,6832129.79
62200.0,22.4804964,36.1966946,6831898.2
62220.0,23.760510999999997,36.18321019999999,6831666.15
62240.0,25.0405506,36.17112270000001,6831433.84
62260.0,26.3206113,36.16054789999998,6831201.48
62280.0,27.6006893,36.151609500000006,6830969.25
62300.0,28.8807802,36.1444401,6830737.37
62320.0,30.160879599999998,36.13918239999998,6830506.03
62340.0,31.4409827,36.135990100000015,6830275.44
62360.0,32.721084499999996,36.135029599999996,6830045.82
62380.0,34.0011797,36.13648089999998,6829817.37
62400.0,35.2812626,36.1405398,6829590.3100000005
62420.0,36.5613271,36.14741950000001,6829364.84
62440.0,37.8413665,36.15735290000001,6829141.18
62460.0,39.1213736,36.170595399999996,6828919.5200000005
62480.0,40.4013406,36.187427299999996,6828700.09
62500.0,41.681259,36.20815759999999,6828483.12
62520.0,42.961119599999996,36.233127800000005,6828268.82
62540.0,44.2409124,36.262716299999994,6828057.42
62560.0,45.5206265,36.2973442,6827849.16
62580.0,46.8002496,36.33748120000001,6827644.24
62600.0,48.0797685,36.3836532,6827442.87
62620.0,49.3591682,36.4364511,6827245.28
62640.0,50.638432099999996,36.496541500000006,6827051.66
62660.0,51.917541199999995,36.56467950000001,6826862.22
62680.0,53.196474699999996,36.6417237,6826677.17
62700.0,54.4752084,36.728654800000015,6826496.7
62720.0,55.7537149,36.8265988,6826321.0
62740.0,57.031963,36.936854400000016,6826150.2700000005
62760.0,58.309916199999996,37.06092810000001,6825984.69
62780.0,59.5875327,37.2005776,6825824.43
62800.0,60.864762999999996,37.357866099999995,6825669.69
62820.0,62.1415492,37.53523229999999,6825520.61
62840.0,63.4178225,37.7355795,6825377.38
62860.0,64.6935002,37.9623919,6825240.15
62880.0,65.9684829,38.219887,6825109.07
62900.0,67.2426487,38.513219100000015,6824984.28
62920.0,68.5158476,38.84875299999999,6824865.94
62940.0,69.787892,39.234439899999984,6824754.17
62960.0,71.0585445,39.68034209999999,6824649.100000001
62980.0,72.3275003,40.199376599999994,6824550.87
63000.0,73.5943609,40.8083967,6824459.57
63020.0,74.8585957,41.52979669999999,6824375.33
63040.0,76.1194826,42.39396199999999,6824298.22
63060.0,77.3760138,43.443120300000004,6824228.350000001
63080.0,78.6267409,44.73760469999999,6824165.78
63100.0,79.86950929999999,46.366442000000006,6824110.600000001
63120.0,81.1009796,48.466041099999984,6824062.86
63140.0,82.31571369999999,51.25479469999999,6824022.61
63160.0,83.50431119999999,55.10035060000001,6823989.91
63180.0,84.6493216,60.65553560000001,6823964.79
63200.0,85.7156512,69.12882200000001,6823947.29
63220.0,86.62781249999999,82.6888404,6823937.42
63240.0,87.22912,103.9835544,6823935.21
63260.0,87.30296059999999,131.0086619,6823940.66
63280.0,86.812467,154.263754,6823953.7700000005
63300.0,85.9581216,169.5157079,6823974.54
63320.0,84.9203127,178.99257390000002,6824002.94
63340.0,83.79035929999999,-174.8777984,6824038.95
63360.0,82.6104154,-170.6885539,6824082.54
63380.0,81.4010401,-167.68241329999998,6824133.66
63400.0,80.173098,-165.43815899999998,6824192.25
63420.0,78.9327721,-163.70882369999998,6824258.2700000005
63440.0,77.68380789999999,-162.3419558,6824331.640000001
63460.0,76.42859469999999,-161.2390658,6824412.28
63480.0,75.1687237,-160.3339862,6824500.12
63500.0,73.9052931,-159.5807501,6824595.05
63520.0,72.6390849,-158.9464932,6824696.97
63540.0,71.3706698,-158.4071286,6824805.78
63560.0,70.10047469999999,-157.9446173,6824921.350000001
63580.0,68.8288244,-157.5451924,6825043.5600000005
63600.0,67.555971,-157.1981705,6825172.2700000005
63620.0,66.2821128,-156.8951376,6825307.33
63640.0,65.00740809999999,-156.6293791,6825448.59
63660.0,63.731984999999995,-156.3954722,6825595.9
63680.0,62.4559479,-156.1889908,6825749.09
63700.0,61.1793832,-156.0062863,6825907.99
63720.0,59.9023627,-155.8443251,6826072.43
63740.0,58.624947,-155.70056359999998,6826242.24
63760.0,57.3471871,-155.57285349999998,6826417.24
63780.0,56.0691269,-155.45936799999998,6826597.23
63800.0,54.7908038,-155.35854329999998,6826782.03
63820.0,53.5122504,-155.2690333,6826971.45
63840.0,52.2334949,-155.1896725,6827165.3
63860.0,50.954561999999996,-155.11944689999999,6827363.37
63880.0,49.6754736,-155.0574696,6827565.46
63900.0,48.396248799999995,-155.0029619,6827771.37
63920.0,47.116904899999994,-154.9552368,6827980.91
63940.0,45.837457,-154.9136858,6828193.850000001
63960.0,44.5579189,-154.8777678,6828410.01
63980.0,43.2783029,-154.8470001,6828629.16
64000.0,41.9986201,-154.8209503,6828851.09
64020.0,40.7188806,-154.79923,6829075.58
64040.0,39.4390937,-154.7814889,6829302.43
64060.0,38.159267799999995,-154.7674106,6829531.42
64080.0,36.8794106,-154.75670789999998,6829762.3100000005
64100.0,35.5995293,-154.7491197,6829994.91
64120.0,34.319630499999995,-154.74440769999998,6830228.98
64140.0,33.0397203,-154.7423541,6830464.3
64160.0,31.7598044,-154.7427591,6830700.66
64180.0,30.4798881,-154.7454388,6830937.84
64200.0,29.1999765,-154.75022389999998,6831175.61
64220.0,27.9200743,-154.7569576,6831413.76
64240.0,26.6401857,-154.7654947,6831652.08
64260.0,25.3603152,-154.77570029999998,6831890.350000001
64280.0,24.0804665,-154.7874486,6832128.36
64300.0,22.800643599999997,-154.80062189999998,6832365.92
64320.0,21.520849899999998,-154.8151101,6832602.8
64340.0,20.241089,-154.8308098,6832838.83
64360.0,18.9613641,-154.8476232,6833073.8
64380.0,17.6816784,-154.8654583,6833307.54
64400.0,16.4020348,-154.8842276,6833539.87
64420.0,15.122436299999999,-154.9038479,6833770.600000001
64440.0,13.8428854,-154.92424,6833999.58
64460.0,12.563384899999999,-154.94532809999998,6834226.640000001
64480.0,11.2839373,-154.96703929999998,6834451.62
64500.0,10.004545,-154.9893036,6834674.350000001
64520.0,8.725210299999999,-155.0120531,6834894.68
64540.0,7.4459357,-155.0352221,6835112.47
64560.0,6.1667233,-155.0587466,6835327.57
64580.0,4.887575399999999,-155.0825639,6835539.850000001
64600.0,3.608494,-155.1066129,6835749.17
64620.0,2.3294813,-155.130833,6835955.42
64640.0,1.0505392999999998,-155.1551644,6836158.48
64660.0,-0.22832999999999998,-155.17954799999998,6836358.24
64680.0,-1.5071246,-155.2039246,6836554.600000001
64700.0,-2.7858426,-155.2282351,6836747.47
64720.0,-4.0644822,-155.25242029999998,6836936.7700000005
64740.0,-5.3430415,-155.2764202,6837122.42
64760.0,-6.6215186,-155.30017429999998,6837304.350000001
64780.0,-7.8999118,-155.323621,6837482.49
64800.0,-9.1782194,-155.3466976,6837656.79
64820.0,-10.4564395,-155.36933969999998,6837827.19
64840.0,-11.734570399999999,-155.3914812,6837993.66
64860.0,-13.012610299999999,-155.413054,6838156.140000001
64880.0,-14.2905576,-155.4339874,6838314.61
64900.0,-15.5684103,-155.4542081,6838469.03
64920.0,-16.8461668,-155.4736397,6838619.390000001
64940.0,-18.1238252,-155.4922023,6838765.67
64960.0,-19.401383499999998,-155.5098119,6838907.850000001
64980.0,-20.6788399,-155.5263804,6839045.94
65000.0,-21.956192299999998,-155.54181459999998,6839179.93
65020.0,-23.2334387,-155.5560159,6839309.83
65040.0,-24.5105769,-155.5688796,6839435.65
65060.0,-25.7876047,-155.5802943,6839557.42
65080.0,-27.064519599999997,-155.5901408,6839675.16
65100.0,-28.341319199999997,-155.5982918,6839788.890000001
65120.0,-29.618000799999997,-155.6046106,6839898.65
65140.0,-30.8945615,-155.6089498,6840004.46
65160.0,-32.1709981,-155.6111507,6840106.38
65180.0,-33.4473075,-155.6110414,6840204.44
65200.0,-34.7234858,-155.6084353,6840298.69
65220.0,-35.9995292,-155.60312969999998,6840389.19
65240.0,-37.2754334,-155.5949032,6840475.99
65260.0,-38.5511935,-155.58351389999999,6840559.140000001
65280.0,-39.8268043,-155.5686964,6840638.71
65300.0,-41.10226,-155.5501588,6840714.7700000005
65320.0,-42.3775541,-155.527579,6840787.38
65340.0,-43.6526795,-155.5006008,6840856.61
65360.0,-44.927628,-155.4688287,6840922.54
65380.0,-46.202390699999995,-155.43182249999998,6840985.24
65400.0,-47.476957299999995,-155.3890902,6841044.79
65420.0,-48.7513163,-155.34008029999998,6841101.28
65440.0,-50.025454599999996,-155.2841724,6841154.7700000005
65460.0,-51.2993574,-155.2206654,6841205.36
65480.0,-52.573007499999996,-155.14876429999998,6841253.11
65500.0,-53.8463855,-155.0675633,6841298.12
65520.0,-55.1194688,-154.97602609999998,6841340.46
65540.0,-56.3922312,-154.87296089999998,6841380.22
65560.0,-57.6646423,-154.75699,6841417.47
65580.0,-58.936666499999994,-154.6265124,6841452.29
65600.0,-60.208261799999995,-154.4796558,6841484.76
65620.0,-61.4793787,-154.3142169,6841514.97
65640.0,-62.7499581,-154.12758499999998,6841543.0
65660.0,-64.01992919999999,-153.9166429,6841568.91
65680.0,-65.2892061,-153.6776382,6841592.79
65700.0,-66.55768429999999,-153.40601329999998,6841614.72
65720.0,-67.82523499999999,-153.0961779,6841634.7700000005
65740.0,-69.09169779999999,-152.74120019999998,6841653.01
65760.0,-70.356871,-152.3323812,6841669.51
65780.0,-71.6204965,-151.8586571,6841684.34
65800.0,-72.88224029999999,-151.3057438,6841697.54
65820.0,-74.141662,-150.6548853,6841709.19
65840.0,-75.39816929999999,-149.88097679999998,6841719.32
65860.0,-76.6509482,-148.9496718,6841727.99
65880.0,-77.8988494,-147.812779,6841735.22
65900.0,-79.1402002,-146.40067829999998,6841741.0600000005
65920.0,-80.3724752,-144.6093077,6841745.54
65940.0,-81.59169229999999,-142.27681669999998,6841748.69
65960.0,-82.79123179999999,-139.1396002,6841750.54
65980.0,-83.95936859999999,-134.7455596,6841751.100000001
66000.0,-85.0737217,-128.2785209,6841750.4
66020.0,-86.08806349999999,-118.22704569999999,6841748.45
66040.0,-86.9025374,-102.0708913,6841745.25
66060.0,-87.3276826,-77.99903429999999,6841740.8100000005
66080.0,-87.1814426,-51.360127500000004,6841735.140000001
66100.0,-86.5354286,-31.144128499999994,6841728.24
66120.0,-85.60474169999999,-18.36562280000001,6841720.11
66140.0,-84.53287519999999,-10.332155699999987,6841710.73
66160.0,-83.3881303,-5.0232858999999905,6841700.09
66180.0,-82.20253199999999,-1.3228722000000062,6841688.18
66200.0,-80.9921896,1.3754327999999987,6841674.97
66220.0,-79.76587099999999,3.415801799999997,6841660.44
66240.0,-78.5286911,5.004199900000003,6841644.55
66260.0,-77.2838119,6.2700987000000055,6841627.28
66280.0,-76.0332842,7.298455399999995,6841608.58
66300.0,-74.7784923,8.1471095,6841588.41
66320.0,-73.5204026,8.856700499999988,6841566.72
66340.0,-72.2597088,9.45656919999999,6841543.47
66360.0,-70.9969215,9.968402200000014,6841518.600000001
66380.0,-69.73242429999999,10.408560899999998,6841492.08
66400.0,-68.4665107,10.789613400000007,6841463.86
66420.0,-67.1994089,11.121368700000005,6841433.88
66440.0,-65.931299,11.411591799999997,6841402.08
66460.0,-64.6623247,11.6665079,6841368.42
66480.0,-63.392602,11.891165199999989,6841332.82
66500.0,-62.122225799999995,12.089699599999989,6841295.22
66520.0,-60.851274,12.26553179999999,6841255.55
66540.0,-59.5798115,12.42151530000001,6841213.75
66560.0,-58.3078924,12.560048999999992,6841169.73
66580.0,-57.035562399999996,12.683164500000004,6841123.44
66600.0,-55.762859999999996,12.792593699999998,6841074.8
66620.0,-54.4898184,12.889822299999992,6841023.73
66640.0,-53.2164657,12.97613179999999,6840970.16
66660.0,-51.942826399999994,13.052634100000006,6840914.0
66680.0,-50.668921499999996,13.120298300000002,6840855.19
66700.0,-49.3947694,13.179973200000006,6840793.640000001
66720.0,-48.1203862,13.232405499999999,6840729.29
66740.0,-46.845785799999994,13.278255099999996,6840662.07
66760.0,-45.5709806,13.318107099999992,6840591.890000001
66780.0,-44.295981399999995,13.352482500000008,6840518.7
66800.0,-43.020798,13.381846800000005,6840442.42
66820.0,-41.745438899999996,13.406617299999994,6840362.97
66840.0,-40.4699118,13.427169600000013,6840280.3
66860.0,-39.1942236,13.443842399999994,6840194.350000001
66880.0,-37.9183805,13.456942400000003,6840105.04
66900.0,-36.642387899999996,13.466747999999995,6840012.3100000005
66920.0,-35.366251,13.473512800000009,6839916.12
66940.0,-34.089974399999996,13.477468200000004,6839816.41
66960.0,-32.8135622,13.478826099999992,6839713.11
66980.0,-31.5370183,13.47778120000001,6839606.19
67000.0,-30.260346199999997,13.474512299999986,6839495.600000001
67020.0,-28.9835492,13.46918500000001,6839381.28
67040.0,-27.7066305,13.46195209999999,6839263.21
67060.0,-26.4295929,13.452955500000002,6839141.350000001
67080.0,-25.152438999999998,13.442327299999988,6839015.67
67100.0,-23.875171599999998,13.430190600000003,6838886.140000001
67120.0,-22.5977928,13.416660699999994,6838752.76
67140.0,-21.3203052,13.401845600000001,6838615.5
67160.0,-20.0427109,13.38584689999999,6838474.36
67180.0,-18.765011899999998,13.368760399999985,6838329.350000001
67200.0,-17.4872105,13.350676899999996,6838180.46
67220.0,-16.2093085,13.331682199999989,6838027.71
67240.0,-14.9313079,13.3118585,6837871.11
67260.0,-13.6532106,13.291283700000008,6837710.68
67280.0,-12.3750185,13.270032799999996,6837546.46
67300.0,-11.0967335,13.248177699999985,6837378.47
67320.0,-9.8183575,13.225787800000006,6837206.7700000005
67340.0,-8.5398923,13.202930199999997,6837031.390000001
67360.0,-7.2613398,13.17967010000001,6836852.41
67380.0,-5.9827018,13.156070999999997,6836669.890000001
67400.0,-4.7039803,13.132194999999996,6836483.890000001
67420.0,-3.4251769,13.108103199999988,6836294.51
67440.0,-2.1462936,13.083855699999987,6836101.8100000005
67460.0,-0.8673322,13.0595122,6835905.88
67480.0,0.4117052,13.035131699999994,6835706.82
67500.0,1.6908169,13.010773300000011,6835504.71
67520.0,2.9700007,12.98649610000001,6835299.66
67540.0,4.2492545,12.962359700000007,6835091.78
67560.0,5.5285763999999995,12.938424199999986,6834881.17
67580.0,6.807964,12.914750400000003,6834667.96
67600.0,8.087415,12.891400199999993,6834452.2700000005
67620.0,9.3669273,12.868436900000006,6834234.24
67640.0,10.6464983,12.845925499999993,6834014.0
67660.0,11.9261255,12.823932600000006,6833791.72
67680.0,13.205806599999999,12.802527199999986,6833567.54
67700.0,14.4855389,12.781780800000007,6833341.63
67720.0,15.7653197,12.761767599999985,6833114.140000001
67740.0,17.045146199999998,12.742565100000007,6832885.25
67760.0,18.3250155,12.724254599999995,6832655.13
67780.0,19.6049248,12.70692120000001,6832423.96
67800.0,20.8848707,12.690654800000004,6832191.9
67820.0,22.164849999999998,12.675549999999987,6831959.16
67840.0,23.444859299999997,12.6617076,6831725.91
67860.0,24.724895,12.649234199999995,6831492.350000001
67880.0,26.004953399999998,12.63824360000001,6831258.68
67900.0,27.2850303,12.628857600000003,6831025.100000001
67920.0,28.5651217,12.6212065,6830791.8100000005
67940.0,29.8452231,12.615430199999992,6830559.0200000005
67960.0,31.125329999999998,12.611679699999996,6830326.94
67980.0,32.405437299999996,12.610117900000006,6830095.79
68000.0,33.6855399,12.610921300000001,6829865.7700000005
68020.0,34.965632,12.61428140000001,6829637.09
68040.0,36.2457078,12.620407,6829409.98
68060.0,37.5257607,12.62952580000001,6829184.63
68080.0,38.8057837,12.641887199999985,6828961.26
68100.0,40.085769299999995,12.6577652,6828740.08
68120.0,41.3657092,12.67746120000001,6828521.3100000005
68140.0,42.6455944,12.701308299999994,6828305.17
68160.0,43.925415199999996,12.729675299999997,6828091.86
68180.0,45.2051607,12.762972100000013,6827881.61
68200.0,46.4848192,12.80165550000001,6827674.62
68220.0,47.764377499999995,12.846236799999986,6827471.11
68240.0,49.043821099999995,12.89728980000001,6827271.29
68260.0,50.3231336,12.955461100000008,6827075.37
68280.0,51.6022969,13.021482399999996,6826883.55
68300.0,52.8812904,13.09618470000001,6826696.05
68320.0,54.1600909,13.180516399999988,6826513.0600000005
68340.0,55.438671899999996,13.275564900000006,6826334.8
68360.0,56.7170031,13.382582899999989,6826161.45
68380.0,57.995049599999994,13.503021399999994,6825993.2
68400.0,59.272771,13.63857089999999,6825830.24
68420.0,60.5501198,13.791212599999994,6825672.74
68440.0,61.8270406,13.963284600000009,6825520.88
68460.0,63.1034674,14.157564900000011,6825374.8100000005
68480.0,64.3793214,14.377381000000014,6825234.71
68500.0,65.6545077,14.626751799999994,6825100.71
68520.0,66.9289106,14.910576800000001,6824972.98
68540.0,68.20238789999999,15.234890199999995,6824851.640000001
68560.0,69.4747623,15.60720839999999,6824736.83
68580.0,70.7458103,16.03701129999999,6824628.68
68600.0,72.0152458,16.5364242,6824527.3
68620.0,73.2826968,17.12120139999999,6824432.8
68640.0,74.5476698,17.812178499999987,6824345.3100000005
68660.0,75.8094977,18.637474199999986,6824264.9
68680.0,77.0672548,19.635924200000005,6824191.69
68700.0,78.3196214,20.862617999999998,6824125.75
68720.0,79.5646518,22.398166800000013,6824067.16
68740.0,80.7993628,24.364881700000012,6824016.0
68760.0,82.0189589,26.956371100000013,6823972.32
68780.0,83.21527979999999,30.494417499999997,6823936.17
68800.0,84.37345499999999,35.5431026,6823907.61
68820.0,85.4641656,43.13923059999999,6823886.67
68840.0,86.4251144,55.1855535,6823873.37
68860.0,87.12318549999999,74.43759119999999,6823867.75
68880.0,87.3424526,100.7941103,6823869.8
68900.0,86.9768752,125.78085569999996,6823879.54
68920.0,86.1912974,142.90107039999998,6823896.96
68940.0,85.18717149999999,153.53207859999998,6823922.05
68960.0,84.07458489999999,160.31905840000002,6823954.78
68980.0,82.9043793,164.89601119999998,6823995.12
69000.0,81.7008966,168.14384989999996,6824043.03
69020.0,80.47674889999999,170.54689940000003,6824098.46
69040.0,79.2389907,172.38536799999997,6824161.350000001
69060.0,77.9918343,173.8301212,6824231.640000001
69080.0,76.73793549999999,174.99037699999997,6824309.26
69100.0,75.4790451,175.9388452,6824394.100000001
69120.0,74.2163621,176.72564599999998,6824486.100000001
69140.0,72.95073359999999,177.3863738,6824585.140000001
69160.0,71.6827747,177.9469658,6824691.12
69180.0,70.4129425,178.4267486,6824803.92
69200.0,69.14158379999999,178.84040670000002,6824923.42
69220.0,67.8689662,179.1992907,6825049.49
69240.0,66.59529979999999,179.51230929999997,6825181.99
69260.0,65.3207516,179.78654949999998,6825320.78
69280.0,64.0454562,-179.9722813,6825465.71
69300.0,62.769523199999995,-179.7595359,6825616.62
69320.0,61.493043099999994,-179.5713931,6825773.350000001
69340.0,60.2160909,-179.4046817,6825935.74
69360.0,58.938729599999995,-179.2567483,6826103.61
69380.0,57.6610125,-179.1253558,6826276.79
69400.0,56.382985,-179.0086049,6826455.100000001
69420.0,55.1046859,-178.9048724,6826638.34
69440.0,53.8261489,-178.8127628,6826826.32
69460.0,52.5474032,-178.73106969999998,6827018.86
69480.0,51.2684743,-178.6587446,6827215.74
69500.0,49.989384799999996,-178.5948717,6827416.7700000005
69520.0,48.7101543,-178.53864769999998,6827621.75
69540.0,47.4308006,-178.4893645,6827830.46
69560.0,46.1513393,-178.44639569999998,6828042.69
69580.0,44.8717845,-178.4091847,6828258.23
69600.0,43.592149,-178.37723549999998,6828476.87
69620.0,42.3124441,-178.35010409999998,6828698.4
69640.0,41.032680299999996,-178.3273921,6828922.600000001
69660.0,39.7528669,-178.3087404,6829149.26
69680.0,38.4730127,-178.2938249,6829378.15
69700.0,37.1931255,-178.2823515,6829609.0600000005
69720.0,35.913212699999995,-178.2740532,6829841.7700000005
69740.0,34.633281,-178.2686866,6830076.0600000005
69760.0,33.3533366,-178.26602889999998,6830311.7
69780.0,32.0733855,-178.2658763,6830548.47
69800.0,30.793433099999998,-178.2680412,6830786.16
69820.0,29.5134844,-178.2723509,6831024.55
69840.0,28.233544199999997,-178.2786457,6831263.43
69860.0,26.9536171,-178.28677779999998,6831502.57
69880.0,25.673707399999998,-178.2966097,6831741.78
69900.0,24.393819,-178.3080135,6831980.83
69920.0,23.1139559,-178.3208697,6832219.54
69940.0,21.8341215,-178.33506649999998,6832457.69
69960.0,20.5543195,-178.3504988,6832695.100000001
69980.0,19.2745531,-178.36706769999998,6832931.5600000005
70000.0,17.994825499999997,-178.3846798,6833166.890000001
70020.0,16.715139699999998,-178.4032465,6833400.91
70040.0,15.435498599999999,-178.42268389999998,6833633.44
70060.0,14.1559051,-178.4429118,6833864.29
70080.0,12.8763618,-178.4638535,6834093.3100000005
70100.0,11.5968713,-178.48543569999998,6834320.33
70120.0,10.3174362,-178.5075877,6834545.18
70140.0,9.0380588,-178.53024109999998,6834767.73
70160.0,7.758741499999999,-178.55332969999998,6834987.8100000005
70180.0,6.4794865999999995,-178.57678919999998,6835205.3
70200.0,5.2002961999999995,-178.6005568,6835420.05
70220.0,3.9211726,-178.6245707,6835631.93
70240.0,2.6421178,-178.6487704,6835840.82
70260.0,1.3631339,-178.67309609999998,6836046.61
70280.0,0.0842228,-178.6974884,6836249.19
70300.0,-1.1946135,-178.7218883,6836448.44
70320.0,-2.4733731,-178.7462366,6836644.28
70340.0,-3.7520542,-178.7704743,6836836.62
70360.0,-5.0306548,-178.7945416,6837025.37
70380.0,-6.309173299999999,-178.81837819999998,6837210.45
70400.0,-7.5876079,-178.8419228,6837391.8
70420.0,-8.8659567,-178.86511299999998,6837569.33
70440.0,-10.1442182,-178.8878848,6837743.0
70460.0,-11.422390499999999,-178.9101728,6837912.73
70480.0,-12.7004719,-178.93190919999998,6838078.49
70500.0,-13.978460499999999,-178.9530242,6838240.2
70520.0,-15.2563547,-178.973445,6838397.850000001
70540.0,-16.534152499999998,-178.9930961,6838551.390000001
70560.0,-17.811852,-179.0118985,6838700.8
70580.0,-19.0894513,-179.0297692,6838846.07
70600.0,-20.3669484,-179.0466213,6838987.18
70620.0,-21.6443414,-179.0623627,6839124.140000001
70640.0,-22.9216282,-179.07689639999998,6839256.95
70660.0,-24.1988065,-179.09011909999998,6839385.61
70680.0,-25.4758742,-179.1019212,6839510.140000001
70700.0,-26.752828899999997,-179.1121856,6839630.58
70720.0,-28.029667999999997,-179.12078699999998,6839746.93
70740.0,-29.306388899999998,-179.1275913,6839859.24
70760.0,-30.5829888,-179.13245379999998,6839967.54
70780.0,-31.8594647,-179.1352187,6840071.88
70800.0,-33.1358132,-179.1357175,6840172.3100000005
70820.0,-34.4120308,-179.1337675,6840268.87
70840.0,-35.6881136,-179.12917,6840361.62
70860.0,-36.964057499999996,-179.1217086,6840450.63
70880.0,-38.239857799999996,-179.11114659999998,6840535.95
70900.0,-39.5155095,-179.0972246,6840617.640000001
70920.0,-40.7910068,-179.0796575,6840695.76
70940.0,-42.0663434,-179.05813129999999,6840770.390000001
70960.0,-43.3415125,-179.0322985,6840841.600000001
70980.0,-44.616506,-179.0017738,6840909.46
71000.0,-45.891315299999995,-178.96612879999998,6840974.05
71020.0,-47.165930499999995,-178.9248849,6841035.45
71040.0,-48.4403404,-178.8775064,6841093.75
71060.0,-49.714532399999996,-178.8233907,6841149.03
71080.0,-50.988492,-178.7618578,6841201.38
71100.0,-52.2622028,-178.6921375,6841250.88
71120.0,-53.535646,-178.613353,6841297.62
71140.0,-54.808799699999994,-178.5245023,6841341.68
71160.0,-56.081638999999996,-178.4244345,6841383.15
71180.0,-57.3541344,-178.3118211,6841422.11
71200.0,-58.6262518,-178.1851201,6841458.640000001
71220.0,-59.8979511,-178.042531,6841492.8100000005
71240.0,-61.1691848,-177.8819385,6841524.72
71260.0,-62.439896399999995,-177.7008405,6841554.42
71280.0,-63.7100181,-177.496255,6841582.0
71300.0,-64.9794683,-177.2646001,6841607.5200000005
71320.0,-66.2481475,-177.0015348,6841631.07
71340.0,-67.5159335,-176.7017478,6841652.7
71360.0,-68.7826745,-176.3586714,6841672.49
71380.0,-70.04818019999999,-175.9640887,6841690.5200000005
71400.0,-71.312208,-175.5075842,6841706.83
71420.0,-72.57444509999999,-174.9757626,6841721.5
71440.0,-73.8344807,-174.3511105,6841734.57
71460.0,-75.0917655,-173.610301,6841746.100000001
71480.0,-76.3455484,-172.7215991,6841756.12
71500.0,-77.5947767,-171.6407659,6841764.69
71520.0,-78.83792989999999,-170.3043703,6841771.84
71540.0,-80.07273459999999,-168.6184314,6841777.600000001
71560.0,-81.2956462,-166.4382688,6841782.01
71580.0,-82.50085299999999,-163.5310077,6841785.08
71600.0,-83.6782303,-159.5023745,6841786.84
71620.0,-84.80881699999999,-153.64879449999998,6841787.3100000005
71640.0,-85.8541631,-144.6679968,6841786.49
71660.0,-86.73144219999999,-130.2736007,6841784.41
71680.0,-87.2733037,-108.02725629999999,6841781.05
71700.0,-87.2719664,-81.03657059999999,6841776.43
71720.0,-86.7280938,-58.82571540000001,6841770.55
71740.0,-85.8497567,-44.46200390000001,6841763.41
71760.0,-84.80387879999999,-35.4994538,6841755.0
71780.0,-83.6730007,-29.65633919999999,6841745.3
71800.0,-82.4954441,-25.633974999999992,6841734.3100000005
71820.0,-81.2901139,-22.73068169999999,6841722.0
71840.0,-80.06710819999999,-20.553160200000008,6841708.350000001
71860.0,-78.832225,-18.869055900000006,6841693.34
71880.0,-77.5890015,-17.5339812,6841676.93
71900.0,-76.3397071,-16.454127900000003,6841659.08
71920.0,-75.08585939999999,-15.566171499999996,6841639.75
71940.0,-73.8285099,-14.825941599999993,6841618.9
71960.0,-72.5684086,-14.201748100000003,6841596.48
71980.0,-71.3061041,-13.670295500000009,6841572.45
72000.0,-70.04200689999999,-13.2140919,6841546.75
72020.0,-68.77642949999999,-12.819757400000015,6841519.34
72040.0,-67.5096142,-12.47688819999999,6841490.17
72060.0,-66.24175129999999,-12.177275600000002,6841459.17
72080.0,-64.9729923,-11.914358300000004,6841426.3
72100.0,-63.703459499999994,-11.68283009999999,6841391.48
72120.0,-62.4332522,-11.478353700000014,6841354.65
72140.0,-61.162452099999996,-11.297350200000011,6841315.74
72160.0,-59.891126799999995,-11.1368401,6841274.68
72180.0,-58.619332899999996,-10.994323000000009,6841231.390000001
72200.0,-57.3471178,-10.867685200000011,6841185.8
72220.0,-56.0745219,-10.755127600000009,6841137.83
72240.0,-54.8015792,-10.655109100000004,6841087.41
72260.0,-53.5283193,-10.566302100000001,6841034.45
72280.0,-52.254767199999996,-10.487556399999988,6840978.890000001
72300.0,-50.980944799999996,-10.417870700000009,6840920.640000001
72320.0,-49.7068711,-10.356368800000013,6840859.63
72340.0,-48.432562499999996,-10.3022809,6840795.79
72360.0,-47.158033499999995,-10.254927299999991,6840729.04
72380.0,-45.8832968,-10.213706000000002,6840659.3100000005
72400.0,-44.6083637,-10.178081399999996,6840586.53
72420.0,-43.333244099999995,-10.147575200000006,6840510.63
72440.0,-42.057946699999995,-10.121758999999997,6840431.54
72460.0,-40.782479599999995,-10.1002479,6840349.21
72480.0,-39.506849599999995,-10.08269469999999,6840263.55
72500.0,-38.2310632,-10.068785200000008,6840174.5200000005
72520.0,-36.955126,-10.058234599999992,6840082.05
72540.0,-35.679043199999995,-10.050783599999988,6839986.09
72560.0,-34.4028195,-10.046195799999992,6839886.59
72580.0,-33.1264592,-10.044254599999988,6839783.5
72600.0,-31.849966199999997,-10.044761499999993,6839676.7700000005
72620.0,-30.5733441,-10.04753389999999,6839566.36
72640.0,-29.2965961,-10.052403199999986,6839452.22
72660.0,-28.0197255,-10.059213800000009,6839334.33
72680.0,-26.742735099999997,-10.067821100000003,6839212.640000001
72700.0,-25.465627599999998,-10.07809069999999,6839087.140000001
72720.0,-24.1884055,-10.089897500000006,6838957.79
72740.0,-22.911071399999997,-10.103124500000007,6838824.59
72760.0,-21.633627399999998,-10.117661900000002,6838687.51
72780.0,-20.3560758,-10.1334066,6838546.55
72800.0,-19.0784187,-10.1502615,6838401.72
72820.0,-17.8006582,-10.168134699999996,6838253.0
72840.0,-16.5227962,-10.18693909999999,6838100.42
72860.0,-15.244834599999999,-10.206591800000012,6837943.98
72880.0,-13.9667754,-10.227013999999997,6837783.71
72900.0,-12.688620499999999,-10.24812990000001,6837619.63
72920.0,-11.4103716,-10.269866900000011,6837451.78
72940.0,-10.1320307,-10.292155199999996,6837280.19
72960.0,-8.8535994,-10.314927000000012,6837104.91
72980.0,-7.5750797,-10.338116799999995,6836925.99
73000.0,-6.2964734,-10.361660699999987,6836743.47
73020.0,-5.0177824,-10.385496100000012,6836557.43
73040.0,-3.7390084999999997,-10.4095619,6836367.93
73060.0,-2.4601536,-10.433797599999991,6836175.05
73080.0,-1.1812198,-10.458143500000006,6835978.87
73100.0,0.09779109999999999,-10.482540400000005,6835779.48
73120.0,1.3768772,-10.506929299999996,6835576.99
73140.0,2.6560363,-10.531250999999997,6835371.49
73160.0,3.9352663999999997,-10.555446200000006,6835163.100000001
73180.0,5.2145655,-10.579454900000002,6834951.93
73200.0,6.4939314999999995,-10.603216500000002,6834738.08
73220.0,7.773362,-10.626669499999991,6834521.7
73240.0,9.0528548,-10.649750799999993,6834302.9
73260.0,10.3324075,-10.672396100000014,6834081.82
73280.0,11.6120176,-10.694539200000008,6833858.61
73300.0,12.8916826,-10.716111799999993,6833633.44
73320.0,14.171399899999999,-10.737043,6833406.45
73340.0,15.451166899999999,-10.75725940000001,6833177.8100000005
73360.0,16.7309807,-10.7766843,6832947.7
73380.0,18.0108386,-10.795237600000007,6832716.3
73400.0,19.290737699999998,-10.812835000000007,6832483.7700000005
73420.0,20.570674699999998,-10.829388099999989,6832250.3100000005
73440.0,21.8506465,-10.844803200000001,6832016.100000001
73460.0,23.1306498,-10.858981499999999,6831781.32
73480.0,24.410681,-10.871817700000008,6831546.18
73500.0,25.6907364,-10.883199700000006,6831310.850000001
73520.0,26.9708121,-10.893008100000003,6831075.55
73540.0,28.2509041,-10.9011146,6830840.48
73560.0,29.531008,-10.907381700000002,6830605.84
73580.0,30.8111192,-10.911661299999992,6830371.850000001
73600.0,32.0912329,-10.913793599999991,6830138.7
73620.0,33.3713437,-10.913605499999989,6829906.62
73640.0,34.651446199999995,-10.910909400000008,6829675.83
73660.0,35.9315344,-10.905500999999987,6829446.53
73680.0,37.2116021,-10.897157399999998,6829218.95
73700.0,38.491642299999995,-10.885634699999997,6828993.3100000005
73720.0,39.7716476,-10.870665400000007,6828769.8100000005
73740.0,41.05161,-10.851955199999992,6828548.67
73760.0,42.3315206,-10.829179199999999,6828330.12
73780.0,43.61137,-10.801977899999997,6828114.36
73800.0,44.8911476,-10.769952100000012,6827901.63
73820.0,46.1708419,-10.7326573,6827692.12
73840.0,47.450440099999994,-10.689596200000011,6827486.0600000005
73860.0,48.729928199999996,-10.640211499999992,6827283.66
73880.0,50.009290299999996,-10.583875500000005,6827085.11
73900.0,51.288508699999994,-10.519878599999998,6826890.62
73920.0,52.5675635,-10.447415699999993,6826700.4
73940.0,53.846432199999995,-10.365569099999988,6826514.63
73960.0,55.1250891,-10.273287799999991,6826333.5200000005
73980.0,56.4035048,-10.169362699999994,6826157.25
74000.0,57.6816458,-10.052394700000008,6825986.03
74020.0,58.959472899999994,-9.92075650000001,6825820.0200000005
74040.0,60.2369406,-9.772543799999994,6825659.42
74060.0,61.513995599999994,-9.60551319999999,6825504.38
74080.0,62.7905746,-9.41700370000001,6825355.08
74100.0,64.06660219999999,-9.2038345,6825211.68
74120.0,65.341988,-8.962171899999987,6825074.33
74140.0,66.6166216,-8.687353400000006,6824943.18
74160.0,67.8903682,-8.373651200000012,6824818.37
74180.0,69.1630598,-8.013951200000008,6824700.05
74200.0,70.43448579999999,-7.59930940000001,6824588.350000001
74220.0,71.70437729999999,-7.118326599999989,6824483.38
74240.0,72.97238589999999,-6.556251199999991,6824385.28
74260.0,74.2380522,-5.893662199999994,6824294.15
74280.0,75.5007579,-5.104486199999997,6824210.09
74300.0,76.7596511,-4.152925900000014,6824133.22
74320.0,78.0135255,-2.988551199999989,6824063.62
74340.0,79.2606181,-1.5381600000000049,6824001.37
74360.0,80.4982536,0.3082790999999929,6823946.55
74380.0,81.722184,2.723041099999989,6823899.22
74400.0,82.9252881,5.988903399999998,6823859.45
74420.0,84.0948181,10.595115599999986,6823827.2700000005
74440.0,85.2061336,17.43229120000001,6823802.74
74460.0,86.20770189999999,28.15195460000001,6823785.88
74480.0,86.9879737,45.412503500000014,6823776.72
74500.0,87.34415849999999,70.51224880000001,6823775.2700000005
74520.0,87.1146758,96.79982159999997,6823781.55
74540.0,86.4101407,115.90684119999997,6823795.55
74560.0,85.44594149999999,127.851449,6823817.25
74580.0,84.3535737,135.38877660000003,6823846.65
74600.0,83.1944814,140.40315750000002,6823883.71
74620.0,81.9976102,143.920123,6823928.4
74640.0,80.7776612,146.49793369999998,6823980.67
74660.0,79.5427124,148.4553383,6824040.46
74680.0,78.29751569999999,149.98428939999997,6824107.72
74700.0,77.04503009999999,151.2061473,6824182.36
74720.0,75.787187,152.20095049999998,6824264.3
74740.0,74.5252969,153.0234294,6824353.45
74760.0,73.2602797,153.7121853,6824449.73
74780.0,71.9927988,154.29517950000002,6824553.0200000005
74800.0,70.72334459999999,154.79313890000003,6824663.21
74820.0,69.4522874,155.22174059999998,6824780.18
74840.0,68.1799119,155.593054,6824903.8
74860.0,66.9064405,155.916518,6825033.94
74880.0,65.6320496,156.19961769999998,6825170.44
74900.0,64.3568809,156.4483639,6825313.16
74920.0,63.0810496,156.66763760000003,6825461.94
74940.0,61.8046504,156.86144360000003,6825616.62
74960.0,60.5277616,157.03309779999995,6825777.0200000005
74980.0,59.250448999999996,157.1853693,6825942.98
75000.0,57.972768099999996,157.32058889999996,6826114.3100000005
75020.0,56.694765999999994,157.44073170000001,6826290.83
75040.0,55.4164831,157.5474835,6826472.350000001
75060.0,54.137954199999996,157.6422913,6826658.68
75080.0,52.8592096,157.7264043,6826849.62
75100.0,51.580275799999995,157.800907,6827044.99
75120.0,50.3011759,157.8667454,6827244.57
75140.0,49.0219303,157.9247486,6827448.18
75160.0,47.7425571,157.9756466,6827655.61
75180.0,46.4630726,158.0200845,6827866.66
75200.0,45.1834912,158.0586348,6828081.11
75220.0,43.9038259,158.09180779999997,6828298.76
75240.0,42.6240884,158.12005920000001,6828519.390000001
75260.0,41.3442894,158.143798,6828742.79
75280.0,40.064438599999995,158.1633925,6828968.74
75300.0,38.7845449,158.1791748,6829197.03
75320.0,37.504616299999995,158.19144599999998,6829427.44
75340.0,36.2246604,158.2004794,6829659.76
75360.0,34.944683999999995,158.20652389999998,6829893.75
75380.0,33.6646936,158.20980699999996,6830129.21
75400.0,32.384695,158.2105371,6830365.92
75420.0,31.1046938,158.20890529999997,6830603.65
75440.0,29.8246953,158.205088,6830842.18
75460.0,28.5447043,158.1992477,6831081.3100000005
75480.0,27.2647254,158.19153519999998,6831320.82
75500.0,25.9847629,158.1820902,6831560.5
75520.0,24.704820899999998,158.1710428,6831800.13
75540.0,23.4249033,158.1585146,6832039.51
75560.0,22.145013799999997,158.1446191,6832278.44
75580.0,20.8651558,158.129463,6832516.7
75600.0,19.585332899999997,158.11314670000002,6832754.12
75620.0,18.3055481,158.0957649,6832990.49
75640.0,17.0258046,158.07740719999998,6833225.63
75660.0,15.7461054,158.05815870000004,6833459.36
75680.0,14.4664533,158.0381006,6833691.5
75700.0,13.1868509,158.0173102,6833921.88
75720.0,11.907300999999999,157.9958618,6834150.33
75740.0,10.627806099999999,157.9738266,6834376.7
75760.0,9.3483685,157.95127359999998,6834600.82
75780.0,8.0689907,157.9282693,6834822.55
75800.0,6.7896749,157.90487869999998,6835041.73
75820.0,5.5104234,157.88116479999996,6835258.23
75840.0,4.2312384,157.85718959999997,6835471.9
75860.0,2.9521219999999997,157.8330138,6835682.62
75880.0,1.6730763,157.8086975,6835890.28
75900.0,0.3941033,157.7843001,6836094.76
75920.0,-0.8847951,157.7598807,6836295.95
75940.0,-2.1636168,157.73549839999998,6836493.75
75960.0,-3.4423600999999997,157.7112123,6836688.07
75980.0,-4.7210231,157.68708189999995,6836878.8100000005
76000.0,-5.9996038,157.66316740000002,6837065.890000001
76020.0,-7.278100599999999,157.63952989999996,6837249.24
76040.0,-8.5565114,157.6162316,6837428.78
76060.0,-9.8348347,157.5933359,6837604.46
76080.0,-11.1130684,157.57090800000003,6837776.22
76100.0,-12.3912108,157.54901519999999,6837944.01
76120.0,-13.6692602,157.52772670000002,6838107.79
76140.0,-14.9472145,157.5071147,6838267.53
76160.0,-16.2250721,157.48725379999996,6838423.21
76180.0,-17.502831099999998,157.4682224,6838574.8
76200.0,-18.780489499999998,157.45010230000003,6838722.3
76220.0,-20.058045399999997,157.43297959999995,6838865.69
76240.0,-21.335496799999998,157.41694489999998,6839004.99
76260.0,-22.6128417,157.4020941,6839140.18
76280.0,-23.890077899999998,157.38852880000002,6839271.3
76300.0,-25.1672031,157.37635720000003,6839398.34
76320.0,-26.444215099999997,157.3656944,6839521.34
76340.0,-27.721111399999998,157.3566636,6839640.32
76360.0,-28.9978892,157.3493969,6839755.3100000005
76380.0,-30.274545999999997,157.3440362,6839866.350000001
76400.0,-31.5510786,157.3407345,6839973.48
76420.0,-32.8274839,157.33965709999995,6840076.75
76440.0,-34.103758299999996,157.34098319999998,6840176.2
76460.0,-35.379898,157.3449073,6840271.890000001
76480.0,-36.655899,157.3516414,6840363.88
76500.0,-37.9317567,157.36141709999998,6840452.21
76520.0,-39.2074661,157.3744878,6840536.97
76540.0,-40.483021799999996,157.39113220000002,6840618.21
76560.0,-41.7584176,157.41165690000003,6840696.0
76580.0,-43.0336468,157.43640089999997,6840770.4
76600.0,-44.3087017,157.46573969999997,6840841.5
76620.0,-45.583573799999996,157.500091,6840909.36
76640.0,-46.8582537,157.53992019999998,6840974.0600000005
76660.0,-48.1327304,157.58574880000003,6841035.67
76680.0,-49.4069917,157.6381619,6841094.26
76700.0,-50.6810237,157.69781969999997,6841149.92
76720.0,-51.9548104,157.7654693,6841202.7
76740.0,-53.2283335,157.8419599,6841252.71
76760.0,-54.501571999999996,157.92826100000002,6841300.0
76780.0,-55.774501699999995,158.02548509999997,6841344.67
76800.0,-57.0470942,158.13491439999996,6841386.78
76820.0,-58.319316699999995,158.25803559999997,6841426.42
76840.0,-59.5911306,158.39658169999996,6841463.67
76860.0,-60.862490199999996,158.5525857,6841498.61
76880.0,-62.1333415,158.72844859999998,6841531.3
76900.0,-63.4036196,158.92702610000003,6841561.83
76920.0,-64.67324649999999,159.1517422,6841590.26
76940.0,-65.94212759999999,159.4067369,6841616.68
76960.0,-67.2101467,159.69706380000002,6841641.16
76980.0,-68.47716,160.02895519999998,6841663.7700000005
77000.0,-69.74298739999999,160.41018580000002,6841684.57
77020.0,-71.0074006,160.8505778,6841703.640000001
77040.0,-72.27010589999999,161.3627179,6841721.01
77060.0,-73.5307195,161.9629936,6841736.7700000005
77080.0,-74.7887302,162.67313000000001,6841750.94
77100.0,-76.0434434,163.52252450000003,6841763.59
77120.0,-77.2938913,164.55190389999996,6841774.75
77140.0,-78.53868709999999,165.8192457,6841784.46
77160.0,-79.7757757,167.40973399999996,6841792.76
77180.0,-81.0019871,169.4532304,6841799.68
77200.0,-82.2121911,172.15640359999998,6841805.25
77220.0,-83.3975892,175.8647666,6841809.47
77240.0,-84.5420046,-178.8126498,6841812.390000001
77260.0,-85.61325409999999,-170.7542646,6841813.99
77280.0,-86.54265339999999,-157.9303318,6841814.3
77300.0,-87.1859649,-137.64769809999999,6841813.33
77320.0,-87.3278912,-110.9760474,6841811.0600000005
77340.0,-86.89881199999999,-86.9470066,6841807.51
77360.0,-86.0820382,-70.8454854,6841802.68
77380.0,-85.0665035,-60.830158999999995,6841796.55
77400.0,-83.9515021,-54.38474550000001,6841789.12
77420.0,-82.782983,-50.00399139999999,6841780.38
77440.0,-81.5831999,-46.87536370000001,6841770.3
77460.0,-80.36381639999999,-44.5487071,6841758.87
77480.0,-79.1314203,-42.76147399999999,6841746.0600000005
77500.0,-77.8899765,-41.35241529999999,6841731.84
77520.0,-76.64199959999999,-40.21782809999999,6841716.16
77540.0,-75.3891561,-39.28831550000001,6841699.0
77560.0,-74.1325911,-38.51583160000001,6841680.3
77580.0,-72.87311609999999,-37.86612629999999,6841660.0200000005
77600.0,-71.6113213,-37.314161799999994,6841638.11
77620.0,-70.347646,-36.8412294,6841614.53
77640.0,-69.0824234,-36.43307920000001,6841589.21
77660.0,-67.81591039999999,-36.0786727,6841562.09
77680.0,-66.5483086,-35.7693299,6841533.12
77700.0,-65.279778,-35.49813359999999,6841502.23
77720.0,-64.010447,-35.2595048,6841469.350000001
77740.0,-62.7404199,-35.04889459999998,6841434.41
77760.0,-61.4697824,-34.862557699999996,6841397.33
77780.0,-60.198605199999996,-34.6973825,6841358.05
77800.0,-58.926947399999996,-34.550762899999995,6841316.49
77820.0,-57.654858399999995,-34.420499199999995,6841272.57
77840.0,-56.3823801,-34.3047224,6841226.24
77860.0,-55.1095482,-34.2018339,6841177.42
77880.0,-53.836393099999995,-34.11045819999998,6841126.04
77900.0,-52.5629407,-34.0294054,6841072.03
77920.0,-51.2892139,-33.95764070000001,6841015.33
77940.0,-50.015231899999996,-33.894259500000004,6840955.87
77960.0,-48.741012,-33.838468000000006,6840893.57
77980.0,-47.466569,-33.789566199999996,6840828.37
78000.0,-46.1919158,-33.74693450000001,6840760.2
78020.0,-44.9170642,-33.710021900000015,6840689.0
78040.0,-43.6420241,-33.6783375,6840614.68
78060.0,-42.366804599999995,-33.65144129999999,6840537.19
78080.0,-41.0914139,-33.6289386,6840456.45
78100.0,-39.815858999999996,-33.61047350000001,6840372.4
78120.0,-38.5401464,-33.595724399999995,6840284.97
78140.0,-37.264282099999996,-33.5843998,6840194.100000001
78160.0,-35.9882712,-33.57623459999999,6840099.73
78180.0,-34.712118499999995,-33.570987,6840001.8
78200.0,-33.4358284,-33.56843620000001,6839900.25
78220.0,-32.1594049,-33.5683794,6839795.05
78240.0,-30.8828517,-33.5706304,6839686.13
78260.0,-29.6061722,-33.575017599999995,6839573.46
78280.0,-28.3293695,-33.58138220000001,6839456.99
78300.0,-27.0524466,-33.589577099999985,6839336.7
78320.0,-25.7754062,-33.599465899999984,6839212.57
78340.0,-24.498250799999997,-33.610921099999985,6839084.5600000005
78360.0,-23.220983,-33.62382400000001,6838952.67
78380.0,-21.943604999999998,-33.63806299999999,6838816.88
78400.0,-20.6661191,-33.6535337,6838677.17
78420.0,-19.3885272,-33.67013739999999,6838533.55
78440.0,-18.1108315,-33.68778119999999,6838386.01
78460.0,-16.8330341,-33.70637679999999,6838234.5600000005
78480.0,-15.555136699999998,-33.725840300000016,6838079.21
78500.0,-14.2771414,-33.746092000000004,6837919.99
78520.0,-12.9990501,-33.767055400000004,6837756.92
78540.0,-11.7208644,-33.78865719999999,6837590.03
78560.0,-10.4425864,-33.8108268,6837419.36
78580.0,-9.1642177,-33.83349620000001,6837244.96
78600.0,-7.885760299999999,-33.856599200000005,6837066.86
78620.0,-6.6072158,-33.880071499999985,6836885.13
78640.0,-5.3285862,-33.90385029999999,6836699.83
78660.0,-4.0498734,-33.9278741,6836511.0200000005
78680.0,-2.7710790999999997,-33.9520823,6836318.78
78700.0,-1.4922054,-33.97641490000001,6836123.19
78720.0,-0.213254,-34.00081269999998,6835924.34
78740.0,1.0657729,-34.0252165,6835722.33
78760.0,2.3448735,-34.04956720000001,6835517.24
78780.0,3.6240457,-34.073805600000014,6835309.19
78800.0,4.9032873,-34.09787180000001,6835098.29
78820.0,6.1825962,-34.12170549999999,6834884.67
78840.0,7.4619702,-34.145245200000005,6834668.44
78860.0,8.741406999999999,-34.168428500000005,6834449.76
78880.0,10.0209043,-34.191191300000014,6834228.75
78900.0,11.3004597,-34.21346779999999,6834005.58
78920.0,12.5800708,-34.235190200000005,6833780.390000001
78940.0,13.8597352,-34.256288299999994,6833553.350000001
78960.0,15.1394501,-34.27668940000001,6833324.61
78980.0,16.419213,-34.29631749999999,6833094.34
79000.0,17.699021,-34.3150933,6832862.71
79020.0,18.9788712,-34.33293370000001,6832629.890000001
79040.0,20.258760499999998,-34.349751200000014,6832396.05
79060.0,21.5386858,-34.3654535,6832161.390000001
79080.0,22.8186437,-34.37994309999999,6831926.09
79100.0,24.0986308,-34.3931163,6831690.350000001
79120.0,25.378643399999998,-34.40486279999999,6831454.36
79140.0,26.6586778,-34.41506509999999,6831218.32
79160.0,27.93873,-34.423597099999995,6830982.42
79180.0,29.218795699999998,-34.4303237,6830746.87
79200.0,30.4988703,-34.4350996,6830511.86
79220.0,31.778949299999997,-34.43776789999998,6830277.61
79240.0,33.0590273,-34.4381588,6830044.32
79260.0,34.3390991,-34.43608849999998,6829812.19
79280.0,35.6191587,-34.43135669999998,6829581.44
79300.0,36.8991999,-34.42374530000001,6829352.2700000005
79320.0,38.179215899999996,-34.41301569999999,6829124.91
79340.0,39.4591995,-34.39890629999999,6828899.58
79360.0,40.739142799999996,-34.38112960000001,6828676.48
79380.0,42.0190372,-34.359368399999994,6828455.84
79400.0,43.2988733,-34.333271999999994,6828237.87
79420.0,44.578641,-34.3024513,6828022.8
79440.0,45.858329,-34.2664733,6827810.84
79460.0,47.1379248,-34.224854100000016,6827602.21
79480.0,48.417414699999995,-34.177051800000015,6827397.11
79500.0,49.6967833,-34.12245669999999,6827195.75
79520.0,50.9760134,-34.060380399999985,6826998.36
79540.0,52.255085699999995,-33.9900423,6826805.12
79560.0,53.5339783,-33.9105538,6826616.23
79580.0,54.8126665,-33.8208985,6826431.9
79600.0,56.091121799999996,-33.7199081,6826252.32
79620.0,57.3693118,-33.60623290000001,6826077.68
79640.0,58.6471987,-33.47830529999999,6825908.17
79660.0,59.9247387,-33.3342931,6825743.96
79680.0,61.2018804,-33.17204179999999,6825585.23
79700.0,62.4785633,-32.98900029999999,6825432.16
79720.0,63.7547152,-32.78212500000001,6825284.92
79740.0,65.03024959999999,-32.547755300000006,6825143.66
79760.0,66.3050614,-32.28144929999999,6825008.53
79780.0,67.57902229999999,-31.9777641,6824879.69
79800.0,68.8519733,-31.629958499999987,6824757.2700000005
79820.0,70.12371519999999,-31.22958349999999,6824641.41
79840.0,71.3939949,-30.765907900000002,6824532.25
79860.0,72.6624858,-30.22509930000001,6824429.890000001
79880.0,73.9287591,-29.589026399999995,6824334.47
79900.0,75.1922407,-28.833469400000013,6824246.100000001
79920.0,76.45214419999999,-27.925367899999998,6824164.87
79940.0,77.7073644,-26.81845580000001,6824090.88
79960.0,78.9562989,-25.446094499999987,6824024.23
79980.0,80.19653989999999,-23.709021399999983,6823964.99
80000.0,81.4243094,-21.453458299999994,6823913.23
80020.0,82.6333636,-18.430043000000012,6823869.01
80040.0,83.8127161,-14.213005299999992,6823832.38
80060.0,84.9415441,-8.036078500000002,6823803.38
80080.0,85.9770837,1.5246699999999862,6823782.05
80100.0,86.8266501,16.91759540000001,6823768.42
80120.0,87.3079977,40.3240309,6823762.51
80140.0,87.2225837,67.32826899999998,6823764.32
80160.0,86.6130194,88.46762260000003,6823773.86
80180.0,85.6965542,101.9024872,6823791.12
80200.0,84.6280324,110.3016819,6823816.09
80220.0,83.48181269999999,115.81381979999998,6823848.74
80240.0,82.29248559999999,119.6331649,6823889.03
80260.0,81.0772758,122.40505889999997,6823936.93
80280.0,79.8454751,124.49326359999998,6823992.390000001
80300.0,78.6024656,126.11407020000001,6824055.34
80320.0,77.3515555,127.40269230000001,6824125.72
80340.0,76.0948811,128.4474431,6824203.45
80360.0,74.83387929999999,129.30821119999996,6824288.45
80380.0,73.5695507,130.02693639999995,6824380.61
80400.0,72.30261279999999,130.63381149999998,6824479.850000001
80420.0,71.03359259999999,131.15109859999995,6824586.0600000005
80440.0,69.7628864,131.5955573,6824699.12
80460.0,68.4907973,131.98003719999997,6824818.890000001
80480.0,67.2175614,132.3145508,6824945.26
80500.0,65.9433653,132.6070123,6825078.08
80520.0,64.6683584,132.86375799999996,6825217.21
80540.0,63.3926617,133.08992039999998,6825362.49
80560.0,62.1163745,133.28969989999996,6825513.7700000005
80580.0,60.8395788,133.466567,6825670.87
80600.0,59.562343299999995,133.62341419999996,6825833.63
80620.0,58.284725599999994,133.7626712,6826001.850000001
80640.0,57.006774799999995,133.88639419999998,6826175.36
80660.0,55.7285329,133.99633470000003,6826353.97
80680.0,54.450036,134.09399439999999,6826537.48
80700.0,53.1713154,134.1806679,6826725.7
80720.0,51.892398299999996,134.25747760000002,6826918.43
80740.0,50.6133087,134.3254015,6827115.46
80760.0,49.3340676,134.38529570000003,6827316.59
80780.0,48.054693799999995,134.43791299999998,6827521.62
80800.0,46.7752037,134.4839184,6827730.32
80820.0,45.4956123,134.5239011,6827942.49
80840.0,44.215933,134.55838589999996,6828157.91
80860.0,42.936177799999996,134.5878414,6828376.37
80880.0,41.6563577,134.61268740000003,6828597.640000001
80900.0,40.376482599999996,134.6333017,6828821.5
80920.0,39.0965615,134.65002500000003,6829047.75
80940.0,37.8166028,134.66316570000004,6829276.15
80960.0,36.536614199999995,134.6730035,6829506.49
80980.0,35.256602699999995,134.67979330000003,6829738.54
81000.0,33.976574899999996,134.6837675,6829972.09
81020.0,32.6965369,134.6851388,6830206.91
81040.0,31.4164945,134.6841028,6830442.8
81060.0,30.136452799999997,134.68083919999998,6830679.54
81080.0,28.856417,134.67551379999998,6830916.92
81100.0,27.5763915,134.66828020000003,6831154.73
81120.0,26.2963809,134.65928080000003,6831392.7700000005
81140.0,25.0163893,134.64864799999998,6831630.82
81160.0,23.7364207,134.63650529999995,6831868.7
81180.0,22.456478699999998,134.62296830000003,6832106.18
81200.0,21.176567,134.60814519999997,6832343.09
81220.0,19.896689,134.59213799999998,6832579.23
81240.0,18.6168478,134.57504269999998,6832814.4
81260.0,17.3370467,134.5569501,6833048.43
81280.0,16.0572886,134.5379464,6833281.13
81300.0,14.7775763,134.5181136,6833512.32
81320.0,13.4979126,134.49752999999998,6833741.83
81340.0,12.218300099999999,134.47627060000002,6833969.49
81360.0,10.9387416,134.45440740000004,6834195.140000001
81380.0,9.6592393,134.43200990000003,6834418.62
81400.0,8.3797958,134.4091452,6834639.7700000005
81420.0,7.1004133,134.38587859999996,6834858.44
81440.0,5.8210942999999995,134.3622737,6835074.5
81460.0,4.5418408,134.33839269999999,6835287.8
81480.0,3.2626551999999998,134.31429679999997,6835498.21
81500.0,1.9835395,134.29004609999998,6835705.62
81520.0,0.7044958,134.26570019999997,6835909.91
81540.0,-0.5744737999999999,134.24131850000003,6836110.96
81560.0,-1.8533671999999999,134.2169599,6836308.68
81580.0,-3.1321825999999997,134.1926838,6836502.99
81600.0,-4.410917899999999,134.1685496,6836693.79
81620.0,-5.6895712,134.14461749999998,6836881.0200000005
81640.0,-6.9681408,134.12094839999997,6837064.600000001
81660.0,-8.2466248,134.0976041,6837244.48
81680.0,-9.5250214,134.07464779999998,6837420.58
81700.0,-10.8033287,134.05214439999997,6837592.850000001
81720.0,-12.081545,134.0301606,6837761.25
81740.0,-13.3596683,134.00876499999998,6837925.73
81760.0,-14.637696799999999,133.98802920000003,6838086.2700000005
81780.0,-15.9156286,133.9680272,6838242.83
81800.0,-17.193461799999998,133.94883649999997,6838395.42
81820.0,-18.4711946,133.9305382,6838544.01
81840.0,-19.7488249,133.9132171,6838688.600000001
81860.0,-21.0263508,133.89696300000003,6838829.2
81880.0,-22.3037702,133.88187059999996,6838965.8
81900.0,-23.5810809,133.86804,6839098.43
81920.0,-24.8582808,133.8555778,6839227.100000001
81940.0,-26.135367499999997,133.8445976,6839351.84
81960.0,-27.412338599999998,133.8352205,6839472.68
81980.0,-28.6891915,133.8275767,6839589.640000001
82000.0,-29.965923399999998,133.8218056,6839702.76
82020.0,-31.242531399999997,133.8180575,6839812.08
82040.0,-32.5190124,133.81649500000003,6839917.65
82060.0,-33.7953628,133.8172937,6840019.51
82080.0,-35.0715789,133.82064449999996,6840117.71
82100.0,-36.347656799999996,133.82675519999998,6840212.3100000005
82120.0,-37.6235919,133.8358525,6840303.37
82140.0,-38.899379499999995,133.84818459999997,6840390.94
82160.0,-40.1750141,133.8640239,6840475.09
82180.0,-41.4504897,133.88367019999998,6840555.88
82200.0,-42.7257998,133.9074546,6840633.37
82220.0,-44.000937,133.93574360000002,6840707.62
82240.0,-45.2758928,133.9689444,6840778.7
82260.0,-46.5506579,134.00751079999998,6840846.68
82280.0,-47.825221899999995,134.0519503,6840911.62
82300.0,-49.099572599999995,134.10283249999998,6840973.59
82320.0,-50.3736965,134.16079879999995,6841032.67
82340.0,-51.6475781,134.22657470000001,6841088.94
82360.0,-52.921199699999995,134.30098399999997,6841142.46
82380.0,-54.1945409,134.3849662,6841193.3100000005
82400.0,-55.467577999999996,134.479598,6841241.58
82420.0,-56.740283899999994,134.58611910000002,6841287.34
82440.0,-58.0126266,134.7059643,6841330.67
82460.0,-59.284569,134.84080459999996,6841371.640000001
82480.0,-60.556067199999994,134.9925965,6841410.34
82500.0,-61.827069099999996,135.1636472,6841446.84
82520.0,-63.0975125,135.356696,6841481.22
82540.0,-64.367323,135.5750203,6841513.55
82560.0,-65.6364099,135.82257519999996,6841543.9
82580.0,-66.9046627,136.10417659999996,6841572.34
82600.0,-68.1719445,136.4257488,6841598.92
82620.0,-69.43808469999999,136.79466079999997,6841623.7
82640.0,-70.7028675,137.22019290000003,6841646.76
82660.0,-71.96601629999999,137.7141947,6841668.140000001
82680.0,-73.22717109999999,138.2920325,6841687.9
82700.0,-74.4858551,138.97398429999998,6841706.11
82720.0,-75.7414232,139.78734710000003,6841722.8
82740.0,-76.9929827,140.76971170000002,6841738.0200000005
82760.0,-78.2392637,141.97422089999998,6841751.82
82780.0,-79.4784,143.47832570000003,6841764.23
82800.0,-80.7075433,145.39898549999998,6841775.29
82820.0,-81.92214059999999,147.92029639999998,6841785.0
82840.0,-83.1145006,151.3462103,6841793.4
82860.0,-84.2707332,156.2056381,6841800.49
82880.0,-85.3637404,163.46442449999995,6841806.3
82900.0,-86.3364995,174.898099,6841810.82
82920.0,-87.0668377,-166.80128779999998,6841814.07
82940.0,-87.3464206,-141.0818563,6841816.05
82960.0,-87.04443719999999,-115.57201409999999,6841816.75
82980.0,-86.3006686,-97.5980924,6841816.18
83000.0,-85.3212587,-86.3820227,6841814.32
83020.0,-84.2248717,-79.2480211,6841811.17
83040.0,-83.0667764,-74.4614959,6841806.71
83060.0,-81.8733055,-71.0804941,6841800.93
83080.0,-80.6580007,-68.5883736,6841793.79
83100.0,-79.4283828,-66.6875934,6841785.28
83120.0,-78.1889142,-65.1975704,6841775.36
83140.0,-76.9423928,-64.0033699,6841764.0
83160.0,-75.69065429999999,-63.0287635,6841751.140000001
83180.0,-74.4349502,-62.2213783,6841736.75
83200.0,-73.176161,-61.54412529999999,6841720.76
83220.0,-71.9149236,-60.9700457,6841703.13
83240.0,-70.6517094,-60.4790955,6841683.79
83260.0,-69.3868743,-60.05607409999999,6841662.69
83280.0,-68.1206922,-59.689251999999996,6841639.7700000005
83300.0,-66.85337659999999,-59.3694376,6841614.96
83320.0,-65.5850968,-59.0893282,6841588.19
83340.0,-64.31598819999999,-58.843050399999996,6841559.4
83360.0,-63.046160699999994,-58.625827099999995,6841528.5200000005
83380.0,-61.775704,-58.4337342,6841495.47
83400.0,-60.504692299999995,-58.26351819999999,6841460.18
83420.0,-59.2331873,-58.1124593,6841422.59
83440.0,-57.9612407,-57.9782661,6841382.63
83460.0,-56.688896,-57.85899459999999,6841340.22
83480.0,-55.4161903,-57.7529847,6841295.29
83500.0,-54.143155199999995,-57.6588098,6841247.7700000005
83520.0,-52.8698178,-57.5752377,6841197.600000001
83540.0,-51.5962014,-57.501197700000006,6841144.7
83560.0,-50.3223263,-57.4357555,6841089.0
83580.0,-49.04821,-57.378091600000005,6841030.43
83600.0,-47.773868,-57.3274842,6840968.92
83620.0,-46.4993136,-57.283294999999995,6840904.38
83640.0,-45.2245588,-57.244957,6840836.7700000005
83660.0,-43.949614,-57.211965199999995,6840765.99
83680.0,-42.6744884,-57.1838678,6840691.99
83700.0,-41.399190399999995,-57.16025930000001,6840614.68
83720.0,-40.1237272,-57.1407746,6840534.0
83740.0,-38.8481054,-57.12508399999999,6840449.88
83760.0,-37.5723311,-57.1128889,6840362.24
83780.0,-36.2964096,-57.103917800000005,6840271.0200000005
83800.0,-35.020345899999995,-57.09792350000001,6840176.17
83820.0,-33.7441442,-57.09467989999999,6840077.62
83840.0,-32.4678087,-57.093980099999996,6839975.32
83860.0,-31.1913432,-57.095633899999996,6839869.22
83880.0,-29.9147511,-57.09946600000001,6839759.28
83900.0,-28.6380356,-57.105314699999994,6839645.46
83920.0,-27.3611996,-57.113029999999995,6839527.72
83940.0,-26.0842459,-57.122473,6839406.04
83960.0,-24.8071771,-57.13351399999999,6839280.38
83980.0,-23.5299957,-57.1460321,6839150.74
84000.0,-22.252703999999998,-57.159914099999995,6839017.08
84020.0,-20.9753041,-57.175053899999995,6838879.4
84040.0,-19.6977983,-57.1913514,6838737.7
84060.0,-18.4201886,-57.2087121,6838591.97
84080.0,-17.142477,-57.2270468,6838442.22
84100.0,-15.8646655,-57.2462704,6838288.46
84120.0,-14.5867559,-57.26630230000001,6838130.71
84140.0,-13.308750199999999,-57.28706510000001,6837969.0
84160.0,-12.0306502,-57.3084848,6837803.36
84180.0,-10.7524578,-57.33049,6837633.82
84200.0,-9.474174699999999,-57.353012199999995,6837460.45
84220.0,-8.1958028,-57.375984599999995,6837283.28
84240.0,-6.9173439,-57.39934249999999,6837102.390000001
84260.0,-5.6387998,-57.42302269999999,6836917.82
84280.0,-4.3601722,-57.44696329999999,6836729.67
84300.0,-3.0814630999999997,-57.47110359999999,6836537.99
84320.0,-1.8026744,-57.4953836,6836342.88
84340.0,-0.5238077999999999,-57.51974369999999,6836144.42
84360.0,0.7551346999999999,-57.54412479999999,6835942.71
84380.0,2.034151,-57.56846780000001,6835737.850000001
84400.0,3.3132392,-57.592713599999996,6835529.95
84420.0,4.5923972,-57.616802500000006,6835319.12
84440.0,5.8716228,-57.64067420000001,6835105.48
84460.0,7.1509138,-57.66426759999999,6834889.16
84480.0,8.4302681,-57.6875204,6834670.3100000005
84500.0,9.709683199999999,-57.710369,6834449.07
84520.0,10.9891569,-57.7327478,6834225.59
84540.0,12.2686868,-57.7545897,6834000.04
84560.0,13.5482705,-57.775825,6833772.5600000005
84580.0,14.827905399999999,-57.79638159999999,6833543.33
84600.0,16.1075887,-57.81618409999999,6833312.51
84620.0,17.3873179,-57.835154200000005,6833080.28
84640.0,18.6670901,-57.8532096,6832846.8
84660.0,19.9469022,-57.8702639,6832612.26
84680.0,21.2267512,-57.88622599999999,6832376.83
84700.0,22.5066337,-57.900999600000006,6832140.71
84720.0,23.7865464,-57.91448249999999,6831904.09
84740.0,25.066485699999998,-57.926565999999994,6831667.16
84760.0,26.3464478,-57.93713439999999,6831430.13
84780.0,27.6264289,-57.94606379999999,6831193.2
84800.0,28.906424599999998,-57.9532212,6830956.5600000005
84820.0,30.186430599999998,-57.958463800000004,6830720.43
84840.0,31.4664422,-57.9616377,6830485.0200000005
84860.0,32.7464545,-57.96257639999999,6830250.5200000005
84880.0,34.0264619,-57.96109949999999,6830017.15
84900.0,35.306458899999996,-57.9570109,6829785.140000001
84920.0,36.586439299999995,-57.950097,6829554.68
84940.0,37.8663964,-57.9401244,6829326.0
84960.0,39.1463233,-57.92683729999999,6829099.32
84980.0,40.4262121,-57.909954799999994,6828874.86
85000.0,41.7060546,-57.8891672,6828652.83
85020.0,42.9858416,-57.86413239999999,6828433.44
85040.0,44.265563199999995,-57.8344709,6828216.92
85060.0,45.5452082,-57.7997608,6828003.46
85080.0,46.824764599999995,-57.7595314,6827793.29
85100.0,48.104219,-57.7132555,6827586.61
85120.0,49.383556299999995,-57.6603406,6827383.63
85140.0,50.662759699999995,-57.60011850000001,6827184.5600000005
85160.0,51.9418106,-57.53183229999999,6826989.61
85180.0,53.2206877,-57.4546211,6826798.98
85200.0,54.499367,-57.3675016,6826612.86
85220.0,55.7778211,-57.269344700000005,6826431.46
85240.0,57.0560185,-57.158848000000006,6826254.97
85260.0,58.333922799999996,-57.03450050000001,6826083.5600000005
85280.0,59.6114919,-56.8945392,6825917.41
85300.0,60.888676399999994,-56.73689429999999,6825756.71
85320.0,62.165417999999995,-56.55911889999999,6825601.61
85340.0,63.4416478,-56.3582997,6825452.29
85360.0,64.7172829,-56.13093979999999,6825308.9
85380.0,65.9922231,-55.8728055,6825171.59
85400.0,67.2663465,-55.57872219999999,6825040.51
85420.0,68.53950209999999,-55.24229829999999,6824915.8100000005
85440.0,69.8115017,-54.8555473,6824797.61
85460.0,71.0821066,-54.4083603,6824686.05
85480.0,72.35101039999999,-53.88775609999999,6824581.24
85500.0,73.6178125,-53.27679259999999,6824483.32
85520.0,74.8819792,-52.55294939999999,6824392.37
85540.0,76.1427837,-51.68565719999998,6824308.51
85560.0,77.39921129999999,-50.632412999999985,6824231.82
85580.0,78.64980299999999,-49.332456500000006,6824162.4
85600.0,79.8923868,-47.69607350000001,6824100.3100000005
85620.0,81.1235935,-45.58569840000001,6824045.640000001
85640.0,82.33793089999999,-42.7808976,6823998.44
85660.0,83.5258939,-38.910231100000004,6823958.7700000005
85680.0,84.6698128,-33.31353050000001,6823926.67
85700.0,85.7341015,-24.768310799999995,6823902.18
85720.0,86.6421629,-11.086106999999998,6823885.33
85740.0,87.23549969999999,10.360431599999998,6823876.140000001
85760.0,87.2981341,37.40603899999999,6823874.62
85780.0,86.7987624,60.516065499999996,6823880.78
85800.0,85.93970689999999,75.63291909999998,6823894.61
85820.0,84.89958539999999,85.0289558,6823916.09
85840.0,83.7684165,91.11268280000002,6823945.21
85860.0,82.58777049999999,95.27476360000003,6823981.93
85880.0,81.37795229999999,98.2639049,6824026.22
85900.0,80.1497085,100.4969572,6824078.04
85920.0,78.9091627,102.21857899999998,6824137.32
85940.0,77.6600285,103.57993679999998,6824204.0
85960.0,76.4046769,104.67876790000003,6824278.0200000005
85980.0,75.1446881,105.58077960000003,6824359.28
86000.0,73.8811537,106.3316456,6824447.71
86020.0,72.6148508,106.96403679999997,6824543.2
86040.0,71.3463476,107.50190889999999,6824645.65
86060.0,70.0760684,107.96320930000002,6824754.95
86080.0,68.804337,108.36163970000001,6824870.97
86100.0,67.53140429999999,108.7078358,6824993.59
86120.0,66.257468,109.01017639999998,6825122.67
86140.0,64.9826858,109.27534969999999,6825258.07
86160.0,63.7071853,109.50875810000002,6825399.66
86180.0,62.4310705,109.71481210000002,6825547.28
86200.0,61.1544276,109.8971479,6825700.78
86220.0,59.877328199999994,110.05878969999998,6825859.99
86240.0,58.5998326,110.20227310000001,6826024.75
86260.0,57.3219917,110.3297402,6826194.86
86280.0,56.0438493,110.44301280000002,6826370.16
86300.0,54.765442699999994,110.54365039999999,6826550.44
86320.0,53.4868044,110.6329958,6826735.5200000005
86340.0,52.207962599999995,110.7122114,6826925.21
86360.0,50.9289421,110.78230889999998,6827119.3
86380.0,49.649764499999996,110.84417300000001,6827317.58
